id,lemma,vprašanje,odgovor,vrsta,podvrsta,split
34748,sprijaznjen,Katere so sopomenke besede sprijaznjen?,"Sopomenke besede **sprijaznjen** so:
- pasiven
- spokojen
- resigniran
- vdan v usodo",sopomenke,navedi_sopomenke,train
72955,neurje,Preveri število registriranih pomenov besede neurje.,"Beseda **neurje** ima registrirana 1 pomen:
1. Neurje je nevihta, ki jo spremljata grmenje in bliskanje.",pomen,stevilka_pomenov,train
4740,pleskati,Navedi 3 najbolj pogostih kolokacij za pleskati.,"Izpis 3 kolokacij za besedo **pleskati**:
1. začeti pleskati
2. pleskati zidove
3. nehati pleskati",kolokacije,stevilsko_opredeljene_kolokacije,train
32303,regionalen,"Analiziraj rabo besede Regionalno v povedi: 'Regionalno središče je geografsko območje, ki ima pomembno vlogo pri upravljanju in koordiniranju različnih dejavnosti na regionalni ravni. To območje je običajno gospodarsko, polit'.","V povedi *""Regionalno središče je geografsko območje, ki ima pomembno vlogo pri upravljanju in koordiniranju različnih dejavnosti na regionalni ravni. To območje je običajno gospodarsko, polit""* nastopa beseda **Regionalno** kot pregibna oblika (MSD: Ppnset) besede *regionalen*.",primeri_uporabe,analiza_oblike_v_povedi,train
97959,zakovica,Koliko pomenov ima beseda zakovica?,"Beseda **zakovica** ima registrirana 1 pomen:
1. Zakovica je pripomoček, s katerim kosa kovine povežemo skupaj.",pomen,stevilka_pomenov,train
83627,pritikanje,Katere sklone ima beseda pritikanje v množini?,"Sklanjatvene oblike besede **pritikanje** v množini:

| Sklon | Množina |
|---|---|
| 1. Imenovalnik | pritikanja |
| 2. Rodilnik | pritikanj |
| 3. Dajalnik | pritikanjem |
| 4. Tožilnik | pritikanja |
| 5. Mestnik | pri pritikanjih |
| 6. Orodnik | s pritikanji |",sklanjanje,sklanjatev_po_stevilu,train
20136,jajčast,Naštej leksikalne pomene za besedo jajčast.,"Pomeni besede **jajčast** so:
- raba obliki",pomen,nastevanje_pomenov,train
542411,jacinto,Katero besedno vrsto predstavlja jacinto?,Beseda **jacinto** je samostalnik. Beseda je lastno ime in je moškega spola.,besedna_vrsta,osnovne_lastnosti,train
66850,leksika,Izpiši dvojino besede leksika po sklonih.,"Sklanjatvene oblike besede **leksika** v dvojini:

| Sklon | Dvojina |
|---|---|
| 1. Imenovalnik | leksiki |
| 2. Rodilnik | leksik |
| 3. Dajalnik | leksikama |
| 4. Tožilnik | leksiki |
| 5. Mestnik | pri leksikah |
| 6. Orodnik | / |",sklanjanje,sklanjatev_po_stevilu,train
3563,odgrebati,Kako se glasi Sedanjik glagola odgrebati?,"Sedanjik glagola **odgrebati**:

| Oseba | Ednina | Dvojina | Množina |
|---|---|---|---|
| 1. oseba | odgrebam | odgrebava | odgrebamo |
| 2. oseba | odgrebaš | odgrebata | odgrebate |
| 3. oseba | odgreba | odgrebata | odgrebajo |",spreganje,spreganje_v_casu,train
52632,dedek,Prikaži uporabo besede dedek v dejanskih povedih.,"Primeri uporabe besede **dedek** v povedih:
- *Deček je bil najraje z babico med kokoškami, deklica z dedkom na vrtu.*
- *Je oče petih otrok in dedek štirih vnukov.*
- *To počnem, ker je ostal v meni delček lovca iz pradavnine, ki ga je v meni zbudil pokojni dedek, ribič.*
- *Emma živi z ljubečim dedkom Claytonom in se sprašuje o svoji mami, ki jo je kmalu po rojstvu zapustila.*
- *Je oče dveh hčera in ponosen dedek.*",primeri_uporabe,povedi_z_besedo,train
71641,nataliteta,Ali ima beseda nataliteta več pomenov?,"Beseda **nataliteta** ima registrirana 1 pomen:
1. Nataliteta v nekem kraju je število otrok na tisoč oseb, rojenih v tistem kraju v določenem obdobju.",pomen,stevilka_pomenov,train
455910,pritrgati,"Kako glasi spreganje glagola pritrgati v sedanjiku, pretekliku in prihodniku?","Spreganje glagola **pritrgati**:

### Sedanjik
| Oseba | Ednina | Dvojina | Množina |
|---|---|---|---|
| 1. oseba | pritrgam | pritrgava | pritrgamo |
| 2. oseba | pritrgaš | pritrgata | pritrgate |
| 3. oseba | pritrga | pritrgata | pritrgajo |

### Preteklik
| Oseba | Ednina | Dvojina | Množina |
|---|---|---|---|
| 1. oseba | sem pritrgal / sem pritrgala | sva pritrgali / sva pritrgala | smo pritrgali / smo pritrgala |
| 2. oseba | si pritrgal / si pritrgala | sta pritrgali / sta pritrgala | ste pritrgali / ste pritrgala |
| 3. oseba | je pritrgal / je pritrgala | sta pritrgali / sta pritrgala | so pritrgali / so pritrgala |",spreganje,celotno_spreganje,train
91244,starocerkvenoslovanščina,Koliko leksikalnih pomenov vsebuje beseda starocerkvenoslovanščina?,"Beseda **starocerkvenoslovanščina** ima registrirana 1 pomen:
1. bila prvi slovanski knjižni jezik, ki sta ga v 9. stoletju oblikovala solunska misijonarja Ciril in Metod",pomen,stevilka_pomenov,train
591112,briceljko,Kateri slovnični spol ima beseda briceljko?,Samostalnik **briceljko** je moškega spola.,besedna_vrsta,spol_samostalnika,train
578141,vitoria,Kateri spol ima beseda vitoria?,Samostalnik **vitoria** je moškega spola.,besedna_vrsta,spol_samostalnika,train
515568,zaranžirati,Sestavi spreganje glagola zaranžirati po časih in osebah.,"Spreganje glagola **zaranžirati**:

### Sedanjik
| Oseba | Ednina | Dvojina | Množina |
|---|---|---|---|
| 1. oseba | zaranžiram | zaranžirava | zaranžiramo |
| 2. oseba | zaranžiraš | zaranžirata | zaranžirate |
| 3. oseba | zaranžira | zaranžirata | zaranžirajo |

### Preteklik
| Oseba | Ednina | Dvojina | Množina |
|---|---|---|---|
| 1. oseba | sem zaranžirala / sem zaranžiralo | sva zaranžirala / sva zaranžirali | smo zaranžirali / smo zaranžirale |
| 2. oseba | si zaranžirala / si zaranžiralo | sta zaranžirala / sta zaranžirali | ste zaranžirali / ste zaranžirale |
| 3. oseba | je zaranžirala / je zaranžiralo | sta zaranžirala / sta zaranžirali | so zaranžirali / so zaranžirale |",spreganje,celotno_spreganje,train
705145,physiological,Ali je beseda physiological samostalnik ali druga besedna vrsta?,Beseda **physiological** je samostalnik. Beseda je lastno ime in je moškega spola.,besedna_vrsta,osnovne_lastnosti,train
461512,brunast,Navedi vse stopnje za brunast.,"Stopnjevanje besede **brunast**:

| Stopnja | Oblika |
|---|---|
| 1. Osnovnik (Pozitiv) | brunastega / brunasti / brunastih / brunaste / brunastimi / brunastima / brunastim / brunast / brunasta / brunastem / brunasto / brunastemu |
| 2. Primernik (Komparativ) | brunast |
| 3. Presežnik (Superlativ) | brunast |",stopnjevanje,vse_stopnje,train
6281,pregibati,Kateri vid in katero vrsto glagola predstavlja pregibati?,Beseda **pregibati** je dvovidski glagol.,besedna_vrsta,vrsta_in_vid_glagola,train
23981,mineralen,Izpiši tipične besedne zveze z besedo mineralen.,"Tipične kolokacije z besedo **mineralen**:
- mineralna voda
- mineralno gnojilo
- mineralne snovi
- mineralne surovine
- mineralna olja
- mineralna gostota
- mineralna sol
- mineralna volna
- mineralni dodatek
- mineralni dušik",kolokacije,navedi_kolokacije,train
9900,zaripniti,Izpiši neosebne oblike glagola zaripniti.,"Neosebne in posebne oblike glagola **zaripniti**:
- Nedoločnik: **zaripniti**
- Namenilnik: **zaripnit**
",spreganje,neosebne_oblike,train
447925,dekomprimirati,Prikaži pregled spreganja za glagol dekomprimirati.,"Spreganje glagola **dekomprimirati**:

### Sedanjik
| Oseba | Ednina | Dvojina | Množina |
|---|---|---|---|
| 1. oseba | dekomprimiram | dekomprimirava | dekomprimiramo |
| 2. oseba | dekomprimiraš | dekomprimirata | dekomprimirate |
| 3. oseba | dekomprimira | dekomprimirata | dekomprimirajo |

### Preteklik
| Oseba | Ednina | Dvojina | Množina |
|---|---|---|---|
| 1. oseba | sem dekomprimirala / sem dekomprimiralo | sva dekomprimirala / sva dekomprimirali | smo dekomprimirali / smo dekomprimirala |
| 2. oseba | si dekomprimirala / si dekomprimiralo | sta dekomprimirala / sta dekomprimirali | ste dekomprimirali / ste dekomprimirala |
| 3. oseba | je dekomprimirala / je dekomprimiralo | sta dekomprimirala / sta dekomprimirali | so dekomprimirali / so dekomprimirala |",spreganje,celotno_spreganje,train
1467,izblebetati,Katere sopomenke obstajajo za izraz izblebetati?,"Sopomenke besede **izblebetati** so:
- izčvekati
- zblebetati
- izklepetati
- izdati
- sčivkati
- pokazati
- blekniti",sopomenke,navedi_sopomenke,train
3706,odpahniti,Navedi vse osebe in čase za glagol odpahniti.,"Spreganje glagola **odpahniti**:

### Sedanjik
| Oseba | Ednina | Dvojina | Množina |
|---|---|---|---|
| 1. oseba | odpahnem | odpahneva | odpahnemo |
| 2. oseba | odpahneš | odpahneta | odpahnete |
| 3. oseba | odpahne | odpahneta | odpahnejo |

### Preteklik
| Oseba | Ednina | Dvojina | Množina |
|---|---|---|---|
| 1. oseba | sem odpahnil / sem odpahnila | sva odpahnila / sva odpahnili | smo odpahnili / smo odpahnile |
| 2. oseba | si odpahnil / si odpahnila | sta odpahnila / sta odpahnili | ste odpahnili / ste odpahnile |
| 3. oseba | je odpahnil / je odpahnila | sta odpahnila / sta odpahnili | so odpahnili / so odpahnile |",spreganje,celotno_spreganje,train
507351,resorbiran,Prikaži vse tri stopnje besede resorbiran.,"Stopnjevanje besede **resorbiran**:

| Stopnja | Oblika |
|---|---|
| 1. Osnovnik (Pozitiv) | resorbirane / resorbirano / resorbiranimi / resorbiranih / resorbiranega / resorbiranim / resorbiranemu / resorbirani / resorbirana / resorbiran / resorbiranima / resorbiranem |
| 2. Primernik (Komparativ) | resorbiran |
| 3. Presežnik (Superlativ) | resorbiran |",stopnjevanje,vse_stopnje,train
513124,razbristriti,Ali je glagol razbristriti dovršni ali nedovršni?,Beseda **razbristriti** je dovršni glagol.,besedna_vrsta,vrsta_in_vid_glagola,train
523489,brozina,V kateri spol razvrstimo samostalnik brozina?,Samostalnik **brozina** je moškega spola.,besedna_vrsta,spol_samostalnika,train
46462,abiturient,"Izpiši nekaj povedi, ki vsebujejo besedo abiturient.","Primeri uporabe besede **abiturient** v povedih:
- *Razlage naj bi bile razumljive abiturientom gimnazije.*",primeri_uporabe,povedi_z_besedo,train
8032,sinhronizirati,Kako se glasijo neosebne oblike pri glagolu sinhronizirati?,"Neosebne in posebne oblike glagola **sinhronizirati**:
- Nedoločnik: **sinhronizirati**
- Namenilnik: **sinhronizirat**
",spreganje,neosebne_oblike,train
448263,disambiguirati,Prikaži spreganje po osebah za glagol disambiguirati.,"Spreganje glagola **disambiguirati**:

### Sedanjik
| Oseba | Ednina | Dvojina | Množina |
|---|---|---|---|
| 1. oseba | disambiguiram | disambiguirava | disambiguiramo |
| 2. oseba | disambiguiraš | disambiguirata | disambiguirate |
| 3. oseba | disambiguira | disambiguirata | disambiguirajo |

### Preteklik
| Oseba | Ednina | Dvojina | Množina |
|---|---|---|---|
| 1. oseba | sem disambiguiral / sem disambiguiralo | sva disambiguirali / sva disambiguirala | smo disambiguirali / smo disambiguirala |
| 2. oseba | si disambiguiral / si disambiguiralo | sta disambiguirali / sta disambiguirala | ste disambiguirali / ste disambiguirala |
| 3. oseba | je disambiguiral / je disambiguiralo | sta disambiguirali / sta disambiguirala | so disambiguirali / so disambiguirala |",spreganje,celotno_spreganje,train
487765,statutarnopraven,Navedi imenovalniško obliko besede statutarnopravno.,Osnovna oblika (lema) besede **statutarnopravno** je **statutarnopraven** (pridevnik).,sklanjanje,osnovna_oblika_leme,train
35639,tajen,Navedi število in kratek opis pomenov besede tajen.,"Beseda **tajen** ima registrirana 5 pomenov:
1. Kar je tajno, je skrito, pogosto prepovedano.
2. Informacija, ki je tajna, je uradno zaupna.
3. Kar je tajno, je znano le malo ljudem, ki tega ne povedo ali pokažejo nikomur drugemu.
4. Dejanje, ki je tajno, je izvedeno na skrivaj.
5. Dejavnosti, ki so tajne, se v državi, v kateri politična opozicija ni dovoljena, dogajajo na skrivaj in so uperjene proti vladi.",pomen,stevilka_pomenov,train
697793,možnar,Razvrsti in naštej pomene besede možnar.,"Pomeni besede **možnar** so:
- Možnar je kratek top, iz katerega streljamo izstrelke visoko v zrak na kratke razdalje.",pomen,nastevanje_pomenov,train
49646,bloger,V katerem sklonu/obliki je beseda bloger v povedi 'Je najbolj bran slovenski bloger in marsikje tudi ‘bloger leta’.'?,"V povedi *""Je najbolj bran slovenski bloger in marsikje tudi ‘bloger leta’.""* nastopa beseda **bloger** kot pregibna oblika (MSD: Somei) besede *bloger*.",primeri_uporabe,analiza_oblike_v_povedi,train
22736,likvidnosten,Katera beseda v osnovni obliki predstavlja obliko likvidnostni?,Osnovna oblika (lema) besede **likvidnostni** je **likvidnosten** (pridevnik).,sklanjanje,osnovna_oblika_leme,train
485985,samoučinkovitost,Določi sklon in število za obliko samoučinkovitosti (lema samoučinkovitost).,"Oblika **samoučinkovitosti** pri besedi *samoučinkovitost* izraža:
- 2. Rodilnik (dvojine)",sklanjanje,analiza_oblike,train
8192,smejati,Izpiši 8 kolokacij besede smejati.,"Izpis 8 kolokacij za besedo **smejati**:
1. začeti smejati se
2. ljudje se smejijo
3. veliko se smejati
4. rad se smejati
5. glasno se smejati
6. smejati se na glas
7. smejati se šalam
8. smejati se na račun",kolokacije,stevilsko_opredeljene_kolokacije,train
60642,intrigantstvo,V katero vrsto besed uvrščamo besedo intrigantstvo?,Beseda **intrigantstvo** je samostalnik. Beseda je občno ime in je srednjega spola.,besedna_vrsta,osnovne_lastnosti,train
452159,kvietistka,Kako se beseda kvietistka sklanja v množini?,"Sklanjatvene oblike besede **kvietistka** v množini:

| Sklon | Množina |
|---|---|
| 1. Imenovalnik | kvietistke |
| 2. Rodilnik | kvietistk |
| 3. Dajalnik | kvietistkam |
| 4. Tožilnik | kvietistke |
| 5. Mestnik | pri kvietistkah |
| 6. Orodnik | s kvietistkami |",sklanjanje,sklanjatev_po_stevilu,train
65937,kronologija,Poišči sopomenke za kronologija.,"Sopomenke besede **kronologija** so:
- časovna preglednica
- kronološka ureditev",sopomenke,navedi_sopomenke,train
77272,pehota,Kako se beseda pehota pojavlja v besedilnem kontekstu?,"Primeri uporabe besede **pehota** v povedih:
- *Pred začetkom bitke so topovi stali pred linijami pehote.*
- *Pehoto je sestavljalo 144 linijskih polkov.*
- *Dolga kolona se je premaknila: ob straneh je v dveh vrstah korakala konjenica, v sredini pa pehota.*
- *Od tega trenutka se je razlika med turistično pehoto in elito, ki se je v pristanišču zdela velikanska, zmanjšala samo na vsoto, ki bo položena na igralno mizo.*
- *""Pehota"" začne romanje ob dveh ali treh zjutraj, okrog osme pa je že na pašnikih.*",primeri_uporabe,povedi_z_besedo,train
693937,makius,Sklanjaj besedo makius samo v množini.,"Sklanjatvene oblike besede **makius** v množini:

| Sklon | Množina |
|---|---|
| 1. Imenovalnik | makiusi |
| 2. Rodilnik | makiusov |
| 3. Dajalnik | makiusom |
| 4. Tožilnik | makiuse |
| 5. Mestnik | pri makiusih |
| 6. Orodnik | z makiusi |",sklanjanje,sklanjatev_po_stevilu,train
474363,lurdski,Izpiši stopnjevalni vzorec za besedo lurdski.,"Stopnjevanje besede **lurdski**:

| Stopnja | Oblika |
|---|---|
| 1. Osnovnik (Pozitiv) | lurdske / lurdska / lurdskima / lurdskim / lurdskih / lurdskem / lurdski / lurdskimi / lurdskega / lurdsko / lurdskemu |
| 2. Primernik (Komparativ) | lurdski |
| 3. Presežnik (Superlativ) | lurdski |",stopnjevanje,vse_stopnje,train
513505,reteritorializirati,Ali je glagol reteritorializirati dovršni ali nedovršni?,Beseda **reteritorializirati** je dvovidski glagol.,besedna_vrsta,vrsta_in_vid_glagola,train
14465,bodeč,Koliko pomenov ima beseda bodeč?,"Beseda **bodeč** ima registrirana 3 pomene:
1. Moška brada, ki je bodeča, je poraščena s kocinami, ker že nekaj časa ni bila obrita.
2. Rastlina, ki je bodeča, ima na svoji površini veliko ostrih konic.
3. Kar je bodeče, ima ostre konice.",pomen,stevilka_pomenov,train
453535,retrogradacija,Izpiši soznačilne besede za retrogradacija.,"Sopomenke besede **retrogradacija** so:
- nazadovanje
- retrogradno gibanje",sopomenke,navedi_sopomenke,train
95041,uradništvo,Katera je ustrezna oblika za 5. Mestnik sklon ednine besede uradništvo?,5. Mestnik (mestnik) ednine besede **uradništvo** se glasi: **pri uradništvu**.,sklanjanje,posamezen_sklon,train
52569,debelost,Katero slovnično obliko izraža beseda debelost v stavku: 'Preveč sladkorja v prehrani lahko povzroča debelost.'?,"V povedi *""Preveč sladkorja v prehrani lahko povzroča debelost.""* nastopa beseda **debelost** kot pregibna oblika (MSD: Sozet) besede *debelost*.",primeri_uporabe,analiza_oblike_v_povedi,train
87585,satanist,Prikaži številčni seznam 3 kolokacij besede satanist.,"Izpis 3 kolokacij za besedo **satanist**:
1. satanisti uporabljajo
2. satanisti imajo
3. mladi satanisti",kolokacije,stevilsko_opredeljene_kolokacije,train
8400,spotikati,Opiši posebne glagolske oblike za spotikati.,"Neosebne in posebne oblike glagola **spotikati**:
- Nedoločnik: **spotikati**
- Namenilnik: **spotikat**
",spreganje,neosebne_oblike,train
514182,terjančiti,Izpiši neosebne oblike glagola terjančiti.,"Neosebne in posebne oblike glagola **terjančiti**:
- Nedoločnik: **terjančiti**
- Namenilnik: **terjančit**
",spreganje,neosebne_oblike,train
98205,zanimanje,Naštej leksikalne pomene za besedo zanimanje.,"Pomeni besede **zanimanje** so:
- Če imaš zanimanje za nekaj, želiš izvedeti ali slišati več o tem.",pomen,nastevanje_pomenov,train
12793,le,Kako se beseda le uporablja v stavkih?,"Primeri uporabe besede **le** v povedih:
- *Oseba govori lepo, vendar le malo pretiho.*
- *Oseba govori lepo, vendar le malo pretiho, tako da njene besede niso dovolj slišne in razumljive.*
- *Oseba govori lepo, vendar je njegov glas le malo pretiho.*
- *Oseba govori lepo, toda njegov glas je le malo pretiho.*
- *Prosim, vzemi le en kos izdelka.*",primeri_uporabe,povedi_z_besedo,train
59088,helebardir,Izpiši vse sklanjatvene oblike besede helebardir v množini.,"Sklanjatvene oblike besede **helebardir** v množini:

| Sklon | Množina |
|---|---|
| 1. Imenovalnik | helebardirji |
| 2. Rodilnik | helebardirjev |
| 3. Dajalnik | helebardirjem |
| 4. Tožilnik | helebardirje |
| 5. Mestnik | pri helebardirjih |
| 6. Orodnik | / |",sklanjanje,sklanjatev_po_stevilu,train
92460,svetnica,Določi spol samostalnika svetnica.,Samostalnik **svetnica** je ženskega spola.,besedna_vrsta,spol_samostalnika,train
545504,kjer,Navedi vse pomene besede kjer.,"Pomeni besede **kjer** so:
- izraža nedoločen, poljuben kraj
- za izražanje kraja, na katerem se dejanje dogaja
- Z izrazom kjer določimo ali govorimo o kraju, v katerem nekaj je ali se tam dogaja.
- Izraz kjer uporabimo tedaj, ko govorimo ali vprašamo po določenih okoliščinah, stopnji ali vidiku nečesa.",pomen,nastevanje_pomenov,train
26349,nocojšnji,Navedi tipične kolokacije z besedo nocojšnji.,"Tipične kolokacije z besedo **nocojšnji**:
- nocojšnja tekma
- Nocojšnji koncert
- Nocojšnji večer
- Nocojšnja oddaja
- nocojšnji obračun
- nocojšnje srečanje
- nocojšnji dvoboj
- Nocojšnja premiera
- nocojšnji tekmec
- nocojšnji nasprotnik",kolokacije,navedi_kolokacije,train
720577,thiebaud,"Ali je samostalnik thiebaud moškega, ženskega ali srednjega spola?",Samostalnik **thiebaud** je moškega spola.,besedna_vrsta,spol_samostalnika,train
688714,kuloar,Sestavi sklanjatveno tabelo za besedo kuloar.,"Sklanjatvena tabela za samostalnik **kuloar**:

| Sklon | Ednina | Dvojina | Množina |
|---|---|---|---|
| 1. Imenovalnik | kuloar | kuloarja | / |
| 2. Rodilnik | kuloarja | kuloarjev | kuloarjev |
| 3. Dajalnik | kuloarju | kuloarjema | kuloarjem |
| 4. Tožilnik | kuloarja | kuloarja | kuloarje |
| 5. Mestnik | pri kuloarju | pri kuloarjih | pri kuloarjih |
| 6. Orodnik | s kuloarjem | s kuloarjema | / |",sklanjanje,celotna_sklanjatev,train
366,artikulirati,"Analiziraj rabo besede artikulirati v povedi: 'Jasno se mora artikulirati skupno stališče, kaj si sploh želimo.'.","V povedi *""Jasno se mora artikulirati skupno stališče, kaj si sploh želimo.""* nastopa beseda **artikulirati** kot pregibna oblika (MSD: Ggvn) besede *artikulirati*.",primeri_uporabe,analiza_oblike_v_povedi,train
625527,neftis,Kakšna je osnovna oblika besede neftisoma?,Osnovna oblika (lema) besede **neftisoma** je **neftis** (samostalnik).,sklanjanje,osnovna_oblika_leme,train
509572,deanagramirati,Kako se glasi velelnik glagola deanagramirati?,"Neosebne in posebne oblike glagola **deanagramirati**:
- Nedoločnik: **deanagramirati**
- Namenilnik: **deanagramirat**
",spreganje,neosebne_oblike,train
5386,pomencati,Opiši vid in vrsto glagola pomencati.,Beseda **pomencati** je dovršni glagol.,besedna_vrsta,vrsta_in_vid_glagola,train
7462,razjasniti,Kakšnega vida je glagol razjasniti?,Beseda **razjasniti** je dovršni glagol.,besedna_vrsta,vrsta_in_vid_glagola,train
38843,zavezniški,Analiziraj rabo besede zavezniških v povedi: 'Zdaj je general in vrhovni poveljnik Natovih zavezniških sil v Belgiji.'.,"V povedi *""Zdaj je general in vrhovni poveljnik Natovih zavezniških sil v Belgiji.""* nastopa beseda **zavezniških** kot pregibna oblika (MSD: Ppnsdr) besede *zavezniški*.",primeri_uporabe,analiza_oblike_v_povedi,train
511600,odzrcaljati,"Navedi nedoločnik, namenilnik in velelnik za odzrcaljati.","Neosebne in posebne oblike glagola **odzrcaljati**:
- Nedoločnik: **odzrcaljati**
- Namenilnik: **odzrcaljat**
",spreganje,neosebne_oblike,train
4506,overiti,Katere so 3 tipične kolokacije z besedo overiti?,"Izpis 3 kolokacij za besedo **overiti**:
1. overiti podpis
2. overiti pri notarju
3. overiti pogodbo",kolokacije,stevilsko_opredeljene_kolokacije,train
9984,zasmrajati,Kakšnega vida je glagol zasmrajati?,Beseda **zasmrajati** je nedovršni glagol.,besedna_vrsta,vrsta_in_vid_glagola,train
470019,zaleganje,V kakšni obliki je rodilnik množine pri besedi zaleganje?,2. Rodilnik (rodilnik) množine besede **zaleganje** se glasi: **zaleganj**.,sklanjanje,posamezen_sklon,train
4671,petpedikati,Kako se glasi Sedanjik glagola petpedikati?,"Sedanjik glagola **petpedikati**:

| Oseba | Ednina | Dvojina | Množina |
|---|---|---|---|
| 1. oseba | petpedikam | petpedikava | petpedikamo |
| 2. oseba | petpedikaš | petpedikata | petpedikate |
| 3. oseba | petpedika | petpedikata | petpedikajo |",spreganje,spreganje_v_casu,train
36753,ultralevičarski,Katere besedne zveze so pogoste z besedo ultralevičarski?,"Tipične kolokacije z besedo **ultralevičarski**:
- ultralevičarska stranka
- ultralevičarska skupina
- ultralevičarska organizacija",kolokacije,navedi_kolokacije,train
678969,haibach,Navedi vse sklone besede haibach.,"Sklanjatvena tabela za samostalnik **haibach**:

| Sklon | Ednina | Dvojina | Množina |
|---|---|---|---|
| 1. Imenovalnik | haibach | haibacha | haibachi |
| 2. Rodilnik | haibacha | haibachov | haibachov |
| 3. Dajalnik | haibachu | haibachoma | haibachom |
| 4. Tožilnik | haibacha | haibacha | haibache |
| 5. Mestnik | pri haibachu | pri haibachih | pri haibachih |
| 6. Orodnik | s haibachom | s haibachoma | s haibachi |",sklanjanje,celotna_sklanjatev,train
8402,spovedati,Katere besede imajo podoben pomen kot spovedati?,"Sopomenke besede **spovedati** so:
- dati odvezo",sopomenke,navedi_sopomenke,train
6178,preceniti,Spregaj glagol preceniti.,"Spreganje glagola **preceniti**:

### Sedanjik
| Oseba | Ednina | Dvojina | Množina |
|---|---|---|---|
| 1. oseba | precenim | preceniva | precenimo |
| 2. oseba | preceniš | precenita | precenite |
| 3. oseba | preceni | precenita | precenijo |

### Preteklik
| Oseba | Ednina | Dvojina | Množina |
|---|---|---|---|
| 1. oseba | sem precenil / sem precenila | sva precenila / sva precenili | smo precenili / smo precenile |
| 2. oseba | si precenil / si precenila | sta precenila / sta precenili | ste precenili / ste precenile |
| 3. oseba | je precenil / je precenila | sta precenila / sta precenili | so precenili / so precenile |",spreganje,celotno_spreganje,train
79695,polentar,"Razloži oblikoslovno vlogo besede Polentarja v stavku 'V kratkem bomo šli pa od tukaj - v fronto, na Polentarja.'.","V povedi *""V kratkem bomo šli pa od tukaj - v fronto, na Polentarja.""* nastopa beseda **Polentarja** kot pregibna oblika (MSD: Sometd) besede *polentar*.",primeri_uporabe,analiza_oblike_v_povedi,train
574225,thein,Opiši oblikoslovno vlogo besede theinih pri samostalniku thein.,"Oblika **theinih** pri besedi *thein* izraža:
- 5. Mestnik (množine)",sklanjanje,analiza_oblike,train
17146,Elektrin,Kako se stopnjuje beseda Elektrin?,"Stopnjevanje besede **Elektrin**:

| Stopnja | Oblika |
|---|---|
| 1. Osnovnik (Pozitiv) | Elektrin / Elektrinega / Elektrinemu / Elektrinem / Elektrinim / Elektrina / Elektrinih / Elektrinima / Elektrini / Elektrine / Elektrinimi / Elektrino |
| 2. Primernik (Komparativ) | Elektrin |
| 3. Presežnik (Superlativ) | Elektrin |",stopnjevanje,vse_stopnje,train
7618,razpredati,"Ali je razpredati dovršni, nedovršni ali dvovidski glagol?",Beseda **razpredati** je nedovršni glagol.,besedna_vrsta,vrsta_in_vid_glagola,train
456754,slengovsko,Katere besede imajo podoben pomen kot slengovsko?,"Sopomenke besede **slengovsko** so:
- žargonsko",sopomenke,navedi_sopomenke,train
52983,deportiranec,Katere so najbolj znane kolokacije besede deportiranec?,"Tipične kolokacije z besedo **deportiranec**:
- delovni deportiranci
- nekdanji deportiranec
- politični deportiranci
- združenje deportirancev
- begunci in deportiranci
- taboriščniki in deportiranci
- deportiranci v taborišča
- polovica deportirancev
- bivši deportiranci
- interniranci in deportiranci",kolokacije,navedi_kolokacije,train
573760,taviani,"Ali je samostalnik taviani moškega, ženskega ali srednjega spola?",Samostalnik **taviani** je moškega spola.,besedna_vrsta,spol_samostalnika,train
49526,blast,Prikaži pregled sklanjatvenih oblik besede blast.,"Sklanjatvena tabela za samostalnik **blast**:

| Sklon | Ednina | Dvojina | Množina |
|---|---|---|---|
| 1. Imenovalnik | blast | blasta | blasti |
| 2. Rodilnik | blasta | blastov | blastov |
| 3. Dajalnik | blastu | blastoma | blastom |
| 4. Tožilnik | blast | blasta | blaste |
| 5. Mestnik | pri blastu | pri blastih | pri blastih |
| 6. Orodnik | z blastom | z blastoma | z blasti |",sklanjanje,celotna_sklanjatev,train
76787,paraliziranost,Katera beseda v osnovni obliki predstavlja obliko paraliziranosti?,Osnovna oblika (lema) besede **paraliziranosti** je **paraliziranost** (samostalnik).,sklanjanje,osnovna_oblika_leme,train
19249,hruškov,Prikaži uporabo besede hruškov v dejanskih povedih.,"Primeri uporabe besede **hruškov** v povedih:
- *V Pečah je denimo vzdrževal več kot 700 različnih jabolčnih in hruškovih sort.*
- *V hruškovih nasadih je pri glavni sorti viljamovki stanje zelo slabo, saj je pozeblo več kot 80 odstotkov cvetov.*
- *V Kuzmi na Goričkem so zasadili hruškov drevored in obudili navado še iz časa Marije Terezije.*
- *V notranjosti prevladujejo lakirane lesene površine iz hruškovega furnirja v visokem sijaju.*
- *Hodnik je na strani obeh sanitarij oblečen s hruškovim lesom.*",primeri_uporabe,povedi_z_besedo,train
513250,razustiti,Izpiši vse glagolske oblike za razustiti.,"Spreganje glagola **razustiti**:

### Sedanjik
| Oseba | Ednina | Dvojina | Množina |
|---|---|---|---|
| 1. oseba | razustim | razustiva | razustimo |
| 2. oseba | razustiš | razustita | razustite |
| 3. oseba | razusti | razustita | razustijo |

### Preteklik
| Oseba | Ednina | Dvojina | Množina |
|---|---|---|---|
| 1. oseba | sem razustilo / sem razustil | sva razustili / sva razustila | smo razustila / smo razustili |
| 2. oseba | si razustilo / si razustil | sta razustili / sta razustila | ste razustila / ste razustili |
| 3. oseba | je razustilo / je razustil | sta razustili / sta razustila | so razustila / so razustili |",spreganje,celotno_spreganje,test
485153,bujt,Prikaži vse tri stopnje besede bujt.,"Stopnjevanje besede **bujt**:

| Stopnja | Oblika |
|---|---|
| 1. Osnovnik (Pozitiv) | bujt / bujti / bujtimi / bujte / bujtemu / bujtih / bujtem / bujta / bujtima / bujtega / bujtim / bujto |
| 2. Primernik (Komparativ) | bujt |
| 3. Presežnik (Superlativ) | bujt |",stopnjevanje,vse_stopnje,test
63396,kenotaf,Kakšne so slovnične lastnosti besede kenotaf?,Beseda **kenotaf** je samostalnik. Beseda je občno ime in je moškega spola.,besedna_vrsta,osnovne_lastnosti,test
513253,razveseljiti,Spregaj glagol razveseljiti.,"Spreganje glagola **razveseljiti**:

### Sedanjik
| Oseba | Ednina | Dvojina | Množina |
|---|---|---|---|
| 1. oseba | razveseljim | razveseljiva | razveseljimo |
| 2. oseba | razveseljiš | razveseljita | razveseljite |
| 3. oseba | razveselji | razveseljita | razveseljijo |

### Preteklik
| Oseba | Ednina | Dvojina | Množina |
|---|---|---|---|
| 1. oseba | sem razveseljil / sem razveseljila | sva razveseljila / sva razveseljili | smo razveseljile / smo razveseljila |
| 2. oseba | si razveseljil / si razveseljila | sta razveseljila / sta razveseljili | ste razveseljile / ste razveseljila |
| 3. oseba | je razveseljil / je razveseljila | sta razveseljila / sta razveseljili | so razveseljile / so razveseljila |",spreganje,celotno_spreganje,test
2647,nadihniti,Opiši vid in vrsto glagola nadihniti.,Beseda **nadihniti** je dovršni glagol.,besedna_vrsta,vrsta_in_vid_glagola,test
669893,durão,Izpiši sklanjatveno tabelo samostalnika durão.,"Sklanjatvena tabela za samostalnik **durão**:

| Sklon | Ednina | Dvojina | Množina |
|---|---|---|---|
| 1. Imenovalnik | durão | durãa | durãi |
| 2. Rodilnik | durãa | durãov | durãov |
| 3. Dajalnik | durãu | durãoma | durãom |
| 4. Tožilnik | durãa | durãa | durãe |
| 5. Mestnik | pri durãu | pri durãih | pri durãih |
| 6. Orodnik | z durãom | / | z durãi |",sklanjanje,celotna_sklanjatev,test
491913,camorr,Kako se v slovenščini glasi orodnik dvojine besede camorr?,6. Orodnik (orodnik) dvojine besede **camorr** se glasi: **s camorrjema**.,sklanjanje,posamezen_sklon,test
455397,rekonfiguracija,Kako se beseda rekonfiguracija sklanja v ednini?,"Sklanjatvene oblike besede **rekonfiguracija** v ednini:

| Sklon | Ednina |
|---|---|
| 1. Imenovalnik | rekonfiguracija |
| 2. Rodilnik | rekonfiguracije |
| 3. Dajalnik | rekonfiguraciji |
| 4. Tožilnik | rekonfiguracijo |
| 5. Mestnik | pri rekonfiguraciji |
| 6. Orodnik | z rekonfiguracijo |",sklanjanje,sklanjatev_po_stevilu,test
526225,chromium,Slovnično opredeli besedo chromium.,Beseda **chromium** je samostalnik. Beseda je lastno ime in je moškega spola.,besedna_vrsta,osnovne_lastnosti,test
19341,idealiziran,"Izpiši nekaj povedi, ki vsebujejo besedo idealiziran.","Primeri uporabe besede **idealiziran** v povedih:
- *Najboljši recept za nesrečo je, da postanete obsedeni z idealiziranimi podobami življenja drugih.*
- *Morda pa se motim in imam preveč idealizirano podobo pravnega svetovalca.*
- *Prikazana je idealizirana podoba nosečnosti in poroda.*
- *Narava je bila v nasprotju z mestnim življenjem idealizirana – nedotaknjen raj na zemlji.*",primeri_uporabe,povedi_z_besedo,test
2799,naluščiti,Izpiši Sedanjik glagola naluščiti po osebah.,"Sedanjik glagola **naluščiti**:

| Oseba | Ednina | Dvojina | Množina |
|---|---|---|---|
| 1. oseba | naluščim | naluščiva | naluščimo |
| 2. oseba | naluščiš | naluščita | naluščite |
| 3. oseba | nalušči | naluščita | naluščijo |",spreganje,spreganje_v_casu,test
607850,hattel,Izpiši celotno sklanjatev za samostalnik hattel.,"Sklanjatvena tabela za samostalnik **hattel**:

| Sklon | Ednina | Dvojina | Množina |
|---|---|---|---|
| 1. Imenovalnik | hattel | hattela | hatteli |
| 2. Rodilnik | hattela | hattelov | hattelov |
| 3. Dajalnik | hattelu | hatteloma | hattelom |
| 4. Tožilnik | hattela | hattela | hattele |
| 5. Mestnik | pri hattelu | pri hattelih | pri hattelih |
| 6. Orodnik | s hattelom | s hatteloma | s hatteli |",sklanjanje,celotna_sklanjatev,test
623151,monzon,Ali je beseda monzon samostalnik ali druga besedna vrsta?,Beseda **monzon** je samostalnik. Beseda je lastno ime in je moškega spola.,besedna_vrsta,osnovne_lastnosti,test
531531,einhorn,"Povej, kakšnega spola je beseda einhorn.",Samostalnik **einhorn** je moškega spola.,besedna_vrsta,spol_samostalnika,test
640514,stropparo,Kakšnega spola je samostalnik stropparo?,Samostalnik **stropparo** je moškega spola.,besedna_vrsta,spol_samostalnika,test
716262,spitall,Kako se v slovenščini glasi rodilnik dvojine besede spitall?,2. Rodilnik (rodilnik) dvojine besede **spitall** se glasi: **spitallov**.,sklanjanje,posamezen_sklon,train
7007,prijati,Kako se po osebah sprega glagol prijati v sedanjiku?,"Sedanjik glagola **prijati**:

| Oseba | Ednina | Dvojina | Množina |
|---|---|---|---|
| 1. oseba | prijam | prijava | prijamo |
| 2. oseba | prijaš | prijata | prijate |
| 3. oseba | prija | prijata | prijajo |",spreganje,spreganje_v_casu,train
8065,skipeti,Kateri so pomeni besede skipeti?,"Pomeni besede **skipeti** so:
- Kadar tekočina, ki jo segrevamo, skipeti, se dvigne in steče čez rob posode.",pomen,nastevanje_pomenov,train
531202,dianetika,Izpiši vse sklone in števila za besedo dianetika.,"Sklanjatvena tabela za samostalnik **dianetika**:

| Sklon | Ednina | Dvojina | Množina |
|---|---|---|---|
| 1. Imenovalnik | dianetika | dianetiki | dianetike |
| 2. Rodilnik | dianetike | dianetik | dianetik |
| 3. Dajalnik | dianetiki | dianetikama | dianetikam |
| 4. Tožilnik | dianetiko | dianetiki | dianetike |
| 5. Mestnik | pri dianetiki | pri dianetikah | pri dianetikah |
| 6. Orodnik | z dianetiko | z dianetikama | z dianetikami |",sklanjanje,celotna_sklanjatev,train
534151,floor,Opiši oblikoslovno vlogo besede floorjih pri samostalniku floor.,"Oblika **floorjih** pri besedi *floor* izraža:
- 5. Mestnik (dvojine)",sklanjanje,analiza_oblike,train
510378,iztoževati,Sestavi tabelo za Sedanjik glagola iztoževati.,"Sedanjik glagola **iztoževati**:

| Oseba | Ednina | Dvojina | Množina |
|---|---|---|---|
| 1. oseba | iztožujem | iztožujeva | iztožujemo |
| 2. oseba | iztožuješ | iztožujeta | iztožujete |
| 3. oseba | iztožuje | iztožujeta | iztožujejo |",spreganje,spreganje_v_casu,train
556149,megaspektakel,Poišči osnovno imeno obliko za besedo megaspektakelov.,Osnovna oblika (lema) besede **megaspektakelov** je **megaspektakel** (samostalnik).,sklanjanje,osnovna_oblika_leme,train
41711,lahko,Prikaži primere rabe besede lahko.,"Primeri uporabe besede **lahko** v povedih:
- *Za seboj ima odlično sezono, v kateri sicer ni igral veliko, a je lahko spoznal, kako se živi in igra zunaj Slovenije, ob tem pa je brez težav opravil tudi šolo.*
- *Ko sta v strahu že najavili, da mora takoj priti veterinar, je bil v sekundi spet na nogah in je seveda dosegel, da je šel na sprehod v naravo, kjer je veselo izvedel vse figure in šel brez težave v vseh hodih.*
- *Na njuno veselje in zadovoljstvo se je konj navadil protokola, da je vsaj do izpusta odkorakal pridno in brez težav.*",primeri_uporabe,povedi_z_besedo,train
675597,garsid,"Razloži, v katerem sklonu in številu je oblika garsidi besede garsid.","Oblika **garsidi** pri besedi *garsid* izraža:
- 6. Orodnik (množine)",sklanjanje,analiza_oblike,train
591311,brownlow,Kateri je imenovalnik ednine za obliko brownlowov?,Osnovna oblika (lema) besede **brownlowov** je **brownlow** (samostalnik).,sklanjanje,osnovna_oblika_leme,train
84535,radijka,Katere slovnične lastnosti nosi oblika radijko besede radijka?,"Oblika **radijko** pri besedi *radijka* izraža:
- 4. Tožilnik (ednine)",sklanjanje,analiza_oblike,train
521719,bios,Kakšna je osnovna oblika besede biosi?,Osnovna oblika (lema) besede **biosi** je **bios** (samostalnik).,sklanjanje,osnovna_oblika_leme,train
543965,janševik,Iz katere osnovne oblike izvira oblika janševike?,Osnovna oblika (lema) besede **janševike** je **janševik** (samostalnik).,sklanjanje,osnovna_oblika_leme,train
522483,boniciolli,Kaj po besedni vrsti pomeni boniciolli?,Beseda **boniciolli** je samostalnik. Beseda je lastno ime in je moškega spola.,besedna_vrsta,osnovne_lastnosti,train
78421,plesen,Napiši obrazložitev pomena besede plesen.,"Beseda **plesen** ima naslednje pomene:
- Plesen je mehka bela gobasta tvorba, ki se razvije na vlažnih in toplih krajih.
- Plesen je mehka siva, zela ali bela snov, ki se včasih naredi na stari hrani ali na vlažnih stenah ali oblekah.",pomen,razlaga_pomena,train
444309,bordun,Izpiši soznačilne besede za bordun.,"Sopomenke besede **bordun** so:
- pedalni ton",sopomenke,navedi_sopomenke,train
491265,vtoževati,Izpiši oblike po osebah in številu za Sedanjik glagola vtoževati.,"Sedanjik glagola **vtoževati**:

| Oseba | Ednina | Dvojina | Množina |
|---|---|---|---|
| 1. oseba | vtožujem | vtožujeva | vtožujemo |
| 2. oseba | vtožuješ | vtožujeta | vtožujete |
| 3. oseba | vtožuje | vtožujeta | vtožujejo |",spreganje,spreganje_v_casu,train
55255,ekvador,Navedi primerne kolokacije za samostalnik/besedo ekvador.,"Tipične kolokacije z besedo **ekvador**:
- predsednik Ekvadorja
- tekma proti Ekvadorju
- obala Ekvadorja
- potres v Ekvadorju
- veleposlaništvo Ekvadorja
- odpotovati v Ekvador
- azil v Ekvadorju
- Ekvador odklopi
- banane iz Ekvadorja
- vulkan v Ekvadorju",kolokacije,navedi_kolokacije,train
34604,špinačen,Stopnjuj besedo špinačen.,"Stopnjevanje besede **špinačen**:

| Stopnja | Oblika |
|---|---|
| 1. Osnovnik (Pozitiv) | špinačnimi / špinačna / špinačne / špinačni / špinačno / špinačnih / špinačnima / špinačnim / špinačnega / špinačnemu / špinačnem / špinačen |
| 2. Primernik (Komparativ) | špinačen |
| 3. Presežnik (Superlativ) | špinačen |",stopnjevanje,vse_stopnje,train
6063,poželeti,Kakšnega vida je glagol poželeti?,Beseda **poželeti** je dovršni glagol.,besedna_vrsta,vrsta_in_vid_glagola,train
470052,jamboree,Navedi 4. Tožilnik sklon za ednino besede jamboree.,4. Tožilnik (tožilnik) ednine besede **jamboree** se glasi: **jamboree**.,sklanjanje,posamezen_sklon,train
593392,canongate,"Navedi sklon in število, ki ga izraža canongateju pri besedi canongate.","Oblika **canongateju** pri besedi *canongate* izraža:
- 3. Dajalnik (ednine)",sklanjanje,analiza_oblike,train
72398,neomadeževanost,Navedi kolokativne zveze za lemo neomadeževanost.,"Tipične kolokacije z besedo **neomadeževanost**:
- Čistost in neomadeževanost
- verjeti v neomadeževanost",kolokacije,navedi_kolokacije,train
443631,rn,Opiši pomen besede rn.,"Beseda **rn** ima naslednje pomene:
- in atomsko število 86",pomen,razlaga_pomena,train
49613,bliskanje,Poišči 10 tipičnih besednih zvez za besedo bliskanje.,"Izpis 10 kolokacij za besedo **bliskanje**:
1. bliskanje fotoaparatov
2. bliskanje in grmenje
3. grmenje in bliskanje
4. videti bliskanje
5. bliskanje pred očmi
6. Bliskanja aparatov
7. nevihta z bliskanjem
8. pokanje in bliskanje
9. bliskanje in brnenje
10. bliskanje moti",kolokacije,stevilsko_opredeljene_kolokacije,train
511673,pametničiti,Kakšnega vida je glagol pametničiti?,Beseda **pametničiti** je dovršni glagol.,besedna_vrsta,vrsta_in_vid_glagola,train
64907,koprena,Sestavi seznam 10 kolokacij z besedo koprena.,"Izpis 10 kolokacij za besedo **koprena**:
1. plastena koprena
2. pokriti s kopreno
3. meglena koprena
4. Vrtna koprena
5. prekriti s kopreno
6. siva koprena
7. zaščitena koprena
8. koprena oblakov
9. biti v kopreno
10. izdelava koprene",kolokacije,stevilsko_opredeljene_kolokacije,train
15692,cvileč,Izpiši tipične besedne zveze z besedo cvileč.,"Tipične kolokacije z besedo **cvileč**:
- cvileči glas
- Cvileče gume
- cvileči zvok
- cvileča kitara
- cvileče zavore
- cvileča vrata
- cvileč glasek
- bolj cvileč
- cvileči prašič
- cvileča postelja",kolokacije,navedi_kolokacije,train
82881,prestopnik,Katere so 10 tipične kolokacije z besedo prestopnik?,"Izpis 10 kolokacij za besedo **prestopnik**:
1. mladoletni prestopniki
2. spolni prestopnik
3. mladi prestopniki
4. register prestopnikov
5. ilegalni prestopniki
6. seznami prestopnikov
7. skupina prestopnikov
8. prestopniki meje
9. kaznovati prestopnike
10. najhujši prestopniki",kolokacije,stevilsko_opredeljene_kolokacije,train
658141,assada,"Ali je samostalnik assada moškega, ženskega ali srednjega spola?",Samostalnik **assada** je ženskega spola.,besedna_vrsta,spol_samostalnika,train
583366,ščap,Izpiši vse sklone in števila za besedo ščap.,"Sklanjatvena tabela za samostalnik **ščap**:

| Sklon | Ednina | Dvojina | Množina |
|---|---|---|---|
| 1. Imenovalnik | ščap | / | ščapi |
| 2. Rodilnik | ščapa | ščapov | ščapov |
| 3. Dajalnik | ščapu | ščapoma | ščapom |
| 4. Tožilnik | ščapa | ščapa | ščape |
| 5. Mestnik | pri ščapu | pri ščapih | pri ščapih |
| 6. Orodnik | s ščapom | s ščapoma | s ščapi |",sklanjanje,celotna_sklanjatev,train
9235,vnesti,Kako se po osebah sprega glagol vnesti v sedanjiku?,"Sedanjik glagola **vnesti**:

| Oseba | Ednina | Dvojina | Množina |
|---|---|---|---|
| 1. oseba | vnesem | vneseva | vnesemo |
| 2. oseba | vneseš | vneseta | vnesete |
| 3. oseba | vnese | vneseta | vnesejo |",spreganje,spreganje_v_casu,train
470803,karaoka,Katera beseda v osnovni obliki predstavlja obliko karaokama?,Osnovna oblika (lema) besede **karaokama** je **karaoka** (samostalnik).,sklanjanje,osnovna_oblika_leme,train
510588,kumulirati,Navedi nedoločnik in velelniške oblike za glagol kumulirati.,"Neosebne in posebne oblike glagola **kumulirati**:
- Nedoločnik: **kumulirati**
- Namenilnik: **kumulirat**
",spreganje,neosebne_oblike,train
19106,hleven,Kateri sklon in število izraža oblika hlevnim pri besedi hleven?,"Oblika **hlevnim** pri besedi *hleven* izraža:
- pregibna oblika",sklanjanje,analiza_oblike,train
659918,berthling,Poišči osnovno imeno obliko za besedo berthlinge.,Osnovna oblika (lema) besede **berthlinge** je **berthling** (samostalnik).,sklanjanje,osnovna_oblika_leme,train
7524,razmajati,Navedi vse osebe in čase za glagol razmajati.,"Spreganje glagola **razmajati**:

### Sedanjik
| Oseba | Ednina | Dvojina | Množina |
|---|---|---|---|
| 1. oseba | razmajam | razmajava | razmajamo |
| 2. oseba | razmajaš | razmajata | razmajate |
| 3. oseba | razmaja | razmajata | razmajajo |

### Preteklik
| Oseba | Ednina | Dvojina | Množina |
|---|---|---|---|
| 1. oseba | sem razmajal / sem razmajala | sva razmajala / sva razmajali | smo razmajali / smo razmajale |
| 2. oseba | si razmajal / si razmajala | sta razmajala / sta razmajali | ste razmajali / ste razmajale |
| 3. oseba | je razmajal / je razmajala | sta razmajala / sta razmajali | so razmajali / so razmajale |",spreganje,celotno_spreganje,train
524637,bronhospazem,"Ali spada bronhospazem med samostalnike moškega, ženskega ali srednjega spola?",Samostalnik **bronhospazem** je moškega spola.,besedna_vrsta,spol_samostalnika,train
502423,šlagersko,Katero besedno vrsto predstavlja šlagersko?,Beseda **šlagersko** je prislov.,besedna_vrsta,osnovne_lastnosti,train
49760,bogoiskatelj,"Povej, kakšnega spola je beseda bogoiskatelj.",Samostalnik **bogoiskatelj** je moškega spola.,besedna_vrsta,spol_samostalnika,train
91606,stiska,Koliko leksikalnih pomenov vsebuje beseda stiska?,"Beseda **stiska** ima registrirana 9 pomenov:
1. Stiska so hude ali nevarne okoliščine, ki lahko povzročijo smrt ali hudo pomanjkanje.
2. V človekovem življenju je stiska čas, ko ima hude osebne težave.
3. Stiska je velika zaskrbljenost, žalost ali bolečina.
4. Stiska je stanje, ko je človek v veliki nevarnosti in nujno potrebuje pomoč.
5. Stiska je nepričakovan ali nevaren položaj, proti kateremu je treba hitro ukrepati.
6. Stiska so okoliščine, v katerih nekdo trpi zaradi težav in problemov, pogosto zato, ker nima dovolj denarja.
7. Če si v stiski, si v težavnem položaju.
8. Z izrazom stiska povemo, da je nekdo v težavnem položaju.
9. Stiska je huda žalost in nesreča.",pomen,stevilka_pomenov,train
8649,tekmovati,Razvrsti in naštej pomene besede tekmovati.,"Pomeni besede **tekmovati** so:
- Kadar ljudje ali organizacije tekmujejo med seboj, se trudijo, da bi dobile nekaj zase.
- Tekmovati pomeni sodelovati na natečaju ali tekmi.
- Kadar dve izjavi ali zamisli tekmujeta, ne moreta biti obe pravilni ali sprejemljivi.
- Tekmovati z nekom za nekaj, kot je moč ali prvenstvo, pomeni konkurirati z njim, da bi to dosegli.
- Tekmovati na volitvah ali tekmovanju pomeni sodelovati z namenom, da bi zmagali.
- Tekmovati pomeni močno se truditi, da bi nekaj naredili prej ali bolje kot nekdo drug.",pomen,nastevanje_pomenov,train
8799,udeleževati,Določi glagolski vid za besedo udeleževati.,Beseda **udeleževati** je nedovršni glagol.,besedna_vrsta,vrsta_in_vid_glagola,train
586947,ayurved,Kakšnega spola je samostalnik ayurved?,Samostalnik **ayurved** je moškega spola.,besedna_vrsta,spol_samostalnika,train
95591,variete,Kateri so pomeni besede variete?,"Pomeni besede **variete** so:
- Variete je predstava s plesom, petjem ali komičnimi točkami.
- Variete je vrsta razvedrilnega programa, v kateri se zvrsti veliko različnih točk.",pomen,nastevanje_pomenov,train
74133,obveščevalec,Navedi različne pomene besede obveščevalec.,"Pomeni besede **obveščevalec** so:
- Obveščevalec je oseba, ki drugi osebi da neki podatek.",pomen,nastevanje_pomenov,train
26066,neugnan,"Navedi sklon in število, ki ga izraža neugnanih pri besedi neugnan.","Oblika **neugnanih** pri besedi *neugnan* izraža:
- 3. Dajalnik (množine)",sklanjanje,analiza_oblike,train
463898,gradbeno,Poišči sopomenke za gradbeno.,"Sopomenke besede **gradbeno** so:
- konstrukcijsko",sopomenke,navedi_sopomenke,train
10179,zaznati,Opiši vid in vrsto glagola zaznati.,Beseda **zaznati** je dovršni glagol.,besedna_vrsta,vrsta_in_vid_glagola,train
672,copotati,Sestavi seznam 1 kolokacij z besedo copotati.,"Izpis 1 kolokacij za besedo **copotati**:
1. copotati z nogami",kolokacije,stevilsko_opredeljene_kolokacije,train
496841,bolnoumno,V katero vrsto besed uvrščamo besedo bolnoumno?,Beseda **bolnoumno** je prislov.,besedna_vrsta,osnovne_lastnosti,train
550503,luksemburžani,Kako slovnično opredelimo besedo luksemburžani?,Beseda **luksemburžani** je samostalnik. Beseda je lastno ime in je moškega spola.,besedna_vrsta,osnovne_lastnosti,train
13699,atiški,Izpiši stopnjevalni vzorec za besedo atiški.,"Stopnjevanje besede **atiški**:

| Stopnja | Oblika |
|---|---|
| 1. Osnovnik (Pozitiv) | atiški / atiškega / atiškemu / atiškem / atiškim / atiška / atiških / atiškima / atiške / atiškimi / atiško |
| 2. Primernik (Komparativ) | atiški |
| 3. Presežnik (Superlativ) | atiški |",stopnjevanje,vse_stopnje,train
512368,prihlipati,Katere so vse osebe in oblike za Sedanjik glagola prihlipati?,"Sedanjik glagola **prihlipati**:

| Oseba | Ednina | Dvojina | Množina |
|---|---|---|---|
| 1. oseba | prihlipam | prihlipava | prihlipamo |
| 2. oseba | prihlipaš | prihlipata | prihlipate |
| 3. oseba | prihlipa | prihlipata | prihlipajo |",spreganje,spreganje_v_casu,train
32546,riboloven,Analiziraj rabo besede ribolovno v povedi: 'Dobro obveščeni ribiči načrtujejo svojo ribolovno dejavnost v prihajajoči sezoni.'.,"V povedi *""Dobro obveščeni ribiči načrtujejo svojo ribolovno dejavnost v prihajajoči sezoni.""* nastopa beseda **ribolovno** kot pregibna oblika (MSD: Ppnset) besede *riboloven*.",primeri_uporabe,analiza_oblike_v_povedi,train
617176,lamarque,Izpiši obliko: rodilnik ednine za lamarque.,2. Rodilnik (rodilnik) ednine besede **lamarque** se glasi: **lamarqueja**.,sklanjanje,posamezen_sklon,train
93161,teroriziranje,Navedi število in kratek opis pomenov besede teroriziranje.,"Beseda **teroriziranje** ima registrirana 1 pomen:
1. vsako organizirano nasilno dejanje, ki je usmerjeno proti civilistom/civilnim ustanovam v politične ali/in gospodarske namene",pomen,stevilka_pomenov,train
81200,povezanost,Prikaži uporabo besede povezanost v dejanskih povedih.,"Primeri uporabe besede **povezanost** v povedih:
- *Potem ko je vlada konec januarja soglasno sprejela program preoblikovanja prostocarinskih prodajaln, se glavno dogajanje v zvezi s to problematiko počasi seli v parlament, saj brez njegovega žegna program ne bo mogel zares zaživeti (prvi pogoj so namreč nekatere novosti in spremembe v carinski zakonodaji).*
- *Ustavno sodišče je zavrnilo zahtevo mestne občine Slovenj Gradec, ki je konec lanskega leta zahtevala oceno ustavnosti in zakonitost vladnega sklepa, ki so ga sprejeli oktobra lani v zvezi s predlogom izračuna primerne porabe občin in zneskov finančne izravnave za leti 1999 in 2000.*
- *Podobno kot zakon o zunanjih zadevah je velika večina načelno podprla tudi besedilo novega zakona o knjižničarstvu, vendar je bilo jasno, da bo do nesoglasij med strankami prišlo v tistem delu besedila, ki določa vlogo in pristojnosti občin v zvezi s knjižnicami.*
- *Naj se uzakoni obvezno soglasje občin, kjer knjižnica deluje, velikih in malih, naj za velike občine predpišejo soglasje, manjše pa naj se zadovoljijo le z mnenjem o kandidatih za direktorje oziroma direktorice knjižnic, ali s tem v zvezi sploh dati občinam kakršno koli pristojnost, ko pa imajo te svoje predstavnike že v svetih knjižnic, in podobna vprašanja so včeraj ostala še brez odgovora zakonodajalca.*
- *V zvezi z zagotavljanjem uresničevanja sporazuma je v njegovem osnutku zapisano, da strani Nato pozivajo, naj na Kosovo pošlje svoje vojaške sile (Kfor), ki bodo posredovale, če bi bilo potrebno.*",primeri_uporabe,povedi_z_besedo,train
495407,falanster,Katere so sopomenke besede falanster?,"Sopomenke besede **falanster** so:
- falansterij",sopomenke,navedi_sopomenke,train
725793,valenka,Izpiši 5. Mestnik sklon ednine besede valenka.,5. Mestnik (mestnik) ednine besede **valenka** se glasi: **pri valenki**.,sklanjanje,posamezen_sklon,train
85238,razpihovanje,Poišči 5 tipičnih besednih zvez za besedo razpihovanje.,"Izpis 5 kolokacij za besedo **razpihovanje**:
1. razpihovanje sovraštva
2. razpihovanje nestrpnosti
3. razpihovanje strasti
4. razpihovanje strahu
5. spodbujanje in razpihovanje",kolokacije,stevilsko_opredeljene_kolokacije,train
595407,corbacho,Katero besedno vrsto predstavlja corbacho?,Beseda **corbacho** je samostalnik. Beseda je lastno ime in je moškega spola.,besedna_vrsta,osnovne_lastnosti,train
37397,Vernigov,Opiši osnovne gramatične lastnosti besede Vernigov.,Beseda **Vernigov** je pridevnik.,besedna_vrsta,osnovne_lastnosti,train
89965,sodost,"Navedi sklon in število, ki ga izraža sodosti pri besedi sodost.","Oblika **sodosti** pri besedi *sodost* izraža:
- 2. Rodilnik (ednine)",sklanjanje,analiza_oblike,train
602201,felgenhauer,Določi sklon in število za obliko felgenhauerju (lema felgenhauer).,"Oblika **felgenhauerju** pri besedi *felgenhauer* izraža:
- 3. Dajalnik (ednine)",sklanjanje,analiza_oblike,train
1191,gledati,Navedi spreganje glagola gledati v sedanjiku.,"Sedanjik glagola **gledati**:

| Oseba | Ednina | Dvojina | Množina |
|---|---|---|---|
| 1. oseba | gledam | gledava | gledamo |
| 2. oseba | gledaš | gledata | gledate |
| 3. oseba | gleda | gledata | gledajo |",spreganje,spreganje_v_casu,train
69219,mesec,Navedi definicijo besede mesec.,"Beseda **mesec** ima naslednje pomene:
- manjšalnica od meso
- čas tridesetih, enaintridesetih dni, ki se označujejo z vrstilnimi števniki
- čas tridesetih dni
- nebesno telo, ki kroži okoli zemlje
- Mesec je eden izmed dvanajstih delov leta, na primer januar ali februar.
- Mesec je obdobje, ki traja približno štiri tedne.",pomen,razlaga_pomena,train
716561,stajanez,"Ali spada stajanez med samostalnike moškega, ženskega ali srednjega spola?",Samostalnik **stajanez** je moškega spola.,besedna_vrsta,spol_samostalnika,train
591845,bućan,Kateri spol ima beseda bućan?,Samostalnik **bućan** je moškega spola.,besedna_vrsta,spol_samostalnika,train
83452,pripornik,Opiši oblikoslovno vlogo besede priporniku pri samostalniku pripornik.,"Oblika **priporniku** pri besedi *pripornik* izraža:
- 5. Mestnik (ednine)",sklanjanje,analiza_oblike,train
62365,juda,Opiši oblikoslovno vlogo besede judo pri samostalniku juda.,"Oblika **judo** pri besedi *juda* izraža:
- 4. Tožilnik (ednine)",sklanjanje,analiza_oblike,train
53506,diskretnost,Izpiši primere iz korpusa za besedo diskretnost.,"Primeri uporabe besede **diskretnost** v povedih:
- *Obvestil je policijo in hkrati zahteval strogo diskretnost raziskovanja.*
- *Zelo sem spremenila podatke, draga bralka, ker ste me prosili za diskretnost.*
- *Skupna nit ženske kolekcije je razpoznavnost, ki pa jo Schiesser spretno ovija v duh diskretnosti.*
- *Izbrane barvne diskretnosti radoživo popestrijo nekateri kosi pohištva in dekoracije v prijaznih rdečih in oranžnih odtenkih.*
- *Vedeli smo, kdaj mora orkester poiskati diskretnost izraza, kdaj eruptivnost.*",primeri_uporabe,povedi_z_besedo,train
516811,aleksand,Navedi lemo za besedno obliko aleksandoma.,Osnovna oblika (lema) besede **aleksandoma** je **aleksand** (samostalnik).,sklanjanje,osnovna_oblika_leme,train
6123,praskljati,Opiši vid in vrsto glagola praskljati.,Beseda **praskljati** je nedovršni glagol.,besedna_vrsta,vrsta_in_vid_glagola,train
503033,bušističen,Navedi primernik in presežnik za pridevnik/prislov bušističen.,"Stopnjevanje besede **bušističen**:

| Stopnja | Oblika |
|---|---|
| 1. Osnovnik (Pozitiv) | bušističnimi / bušistična / bušističnih / bušističnemu / bušistični / bušističnim / bušističnega / bušistične / bušističnima / bušistično / bušističnem / bušističen |
| 2. Primernik (Komparativ) | bušističen |
| 3. Presežnik (Superlativ) | bušističen |",stopnjevanje,vse_stopnje,train
538602,halkidiki,Kateri je orodnik ednine besede halkidiki?,6. Orodnik (orodnik) ednine besede **halkidiki** se glasi: **s halkidikijem / halkidikijem**.,sklanjanje,posamezen_sklon,train
495420,fibrilaren,Navedi soznačice za besedo fibrilaren.,"Sopomenke besede **fibrilaren** so:
- vlaknast
- vlaknat
- vlaknen",sopomenke,navedi_sopomenke,train
63658,klapa,S katerimi izrazi se kolocira beseda klapa?,"Tipične kolokacije z besedo **klapa**:
- klapa pade
- dalmatinska klapa
- prava klapa
- klapa filma
- koncert klape
- Filmska klapa
- klapa nastopi
- član klape
- moška klapa
- festival klap",kolokacije,navedi_kolokacije,train
685418,kadijevič,"Navedi sklon in število, ki ga izraža kadijeviče pri besedi kadijevič.","Oblika **kadijeviče** pri besedi *kadijevič* izraža:
- 4. Tožilnik (množine)",sklanjanje,analiza_oblike,train
3263,objokati,Ali je glagol objokati dovršni ali nedovršni?,Beseda **objokati** je dvovidski glagol.,besedna_vrsta,vrsta_in_vid_glagola,train
79565,pokončanje,S katerimi besedami se najpogosteje povezuje beseda pokončanje?,"Tipične kolokacije z besedo **pokončanje**:
- pokončanje živali
- pokončanje volka
- pokončanje terorizma
- lastno pokončanje
- pokončanje nasprotnika
- pokončanje in uničenje",kolokacije,navedi_kolokacije,train
512738,pofušati,Kako se glasi Sedanjik glagola pofušati?,"Sedanjik glagola **pofušati**:

| Oseba | Ednina | Dvojina | Množina |
|---|---|---|---|
| 1. oseba | pofušam | pofušava | pofušamo |
| 2. oseba | pofušaš | pofušata | pofušate |
| 3. oseba | pofuša | pofušata | pofušajo |",spreganje,spreganje_v_casu,train
87686,sčg,Kaj po besedni vrsti pomeni sčg?,Beseda **sčg** je samostalnik. Beseda je lastno ime in je moškega spola.,besedna_vrsta,osnovne_lastnosti,train
35903,termoplastičen,Prikaži 8 pogostih kolokacij z besedo termoplastičen.,"Izpis 8 kolokacij za besedo **termoplastičen**:
1. termoplastični material
2. termoplastična masa
3. termoplastična smola
4. Termoplastične folije
5. Termoplastična vlakna
6. termoplastični polimer
7. termoplastičen elastomer
8. Termoplastično lepilo",kolokacije,stevilsko_opredeljene_kolokacije,train
565924,rights,Prikaži celotno sklanjatev za besedo rights.,"Sklanjatvena tabela za samostalnik **rights**:

| Sklon | Ednina | Dvojina | Množina |
|---|---|---|---|
| 1. Imenovalnik | rights | rightsa | rightsi |
| 2. Rodilnik | rightsa | rightsov | rightsov |
| 3. Dajalnik | rightsu | rightsoma | rightsom |
| 4. Tožilnik | rightsa | rightsa | rightse |
| 5. Mestnik | pri rightsu | / | pri rightsih |
| 6. Orodnik | z rightsom | z rightsoma | z rightsi |",sklanjanje,celotna_sklanjatev,train
7971,sestati,Navedi različne pomene besede sestati.,"Pomeni besede **sestati** so:
- biti sestavljen",pomen,nastevanje_pomenov,test
18739,gruntarski,S katerimi izrazi se kolocira beseda gruntarski?,"Tipične kolokacije z besedo **gruntarski**:
- gruntarska hiša
- gruntarski sinovi
- gruntarska domačija",kolokacije,navedi_kolokacije,test
528090,corvetta,Kako se glasi tožilnik množine besede corvetta?,4. Tožilnik (tožilnik) množine besede **corvetta** se glasi: **corvette**.,sklanjanje,posamezen_sklon,test
494218,logaritemsko,Navedi primernik in presežnik za pridevnik/prislov logaritemsko.,"Stopnjevanje besede **logaritemsko**:

| Stopnja | Oblika |
|---|---|
| 1. Osnovnik (Pozitiv) | logaritemsko |
| 2. Primernik (Komparativ) | logaritemsko |
| 3. Presežnik (Superlativ) | logaritemsko |",stopnjevanje,vse_stopnje,test
729132,zsri,Kako slovnično opredelimo besedo zsri?,Beseda **zsri** je samostalnik. Beseda je lastno ime in je moškega spola.,besedna_vrsta,osnovne_lastnosti,test
37801,volnen,Razvrsti in naštej pomene besede volnen.,"Pomeni besede **volnen** so:
- Oblačila, ki so volnena, so iz volne ali iz mešanice volne in umetnih vlaken.
- Kar je volneno, je izdelano iz volne ali je podobno volni.",pomen,nastevanje_pomenov,test
85995,repenčenje,V kakšni obliki je dajalnik dvojine pri besedi repenčenje?,3. Dajalnik (dajalnik) dvojine besede **repenčenje** se glasi: **repenčenjema**.,sklanjanje,posamezen_sklon,test
459372,ženska,Izpiši primere iz korpusa za besedo ženska.,"Primeri uporabe besede **ženska** v povedih:
- *A veste, koliko žensk takole zapusti svoje partnerje in se potem vrnejo…*
- *O ženskah na pomembnih položajih pa pravi: ""Še zmeraj nam je bistveno težje kot moškim, zaradi tega nas je tako malo v politiki, gospodarstvu, javnem sektorju...*
- *Ženskam se je težje odločiti za tako pot, ker sta naše odrekanje in slaba vest drugačna kot pri moških.*
- *Še vedno obstaja neka ustaljena podoba ženske, s katero smo vsi obremenjeni, in dileme so zaradi tega hujše.*
- *Lisa, ki je črpala moč iz poguma, ki je bil večji, kot si je mislila, se je nagnila naprej, stegnila roko čez mizo in prijela drugo žensko za roko.*",primeri_uporabe,povedi_z_besedo,test
70863,načičkanost,Kako se glasi imenovalnik množine besede načičkanost?,1. Imenovalnik (imenovalnik) množine besede **načičkanost** se glasi: **načičkanosti**.,sklanjanje,posamezen_sklon,test
41347,kancerogeno,Stopnjuj besedo kancerogeno.,"Stopnjevanje besede **kancerogeno**:

| Stopnja | Oblika |
|---|---|
| 1. Osnovnik (Pozitiv) | kancerogeno |
| 2. Primernik (Komparativ) | kancerogeno |
| 3. Presežnik (Superlativ) | kancerogeno |",stopnjevanje,vse_stopnje,test
32609,rjast,Ali ima beseda rjast več pomenov?,"Beseda **rjast** ima registrirana 1 pomen:
1. Kar je rjasto, je prekrito z rjo.",pomen,stevilka_pomenov,test
10464,zrežirati,"Kako glasi spreganje glagola zrežirati v sedanjiku, pretekliku in prihodniku?","Spreganje glagola **zrežirati**:

### Sedanjik
| Oseba | Ednina | Dvojina | Množina |
|---|---|---|---|
| 1. oseba | zrežiram | zrežirava | zrežiramo |
| 2. oseba | zrežiraš | zrežirata | zrežirate |
| 3. oseba | zrežira | zrežirata | zrežirajo |

### Preteklik
| Oseba | Ednina | Dvojina | Množina |
|---|---|---|---|
| 1. oseba | sem zrežiral / sem zrežirala | sva zrežirala / sva zrežirali | smo zrežirali / smo zrežirale |
| 2. oseba | si zrežiral / si zrežirala | sta zrežirala / sta zrežirali | ste zrežirali / ste zrežirale |
| 3. oseba | je zrežiral / je zrežirala | sta zrežirala / sta zrežirali | so zrežirali / so zrežirale |",spreganje,celotno_spreganje,test
17042,Egipčanov,Navedi slovnične značilnosti za lemo Egipčanov.,Beseda **Egipčanov** je pridevnik.,besedna_vrsta,osnovne_lastnosti,test
94231,trn,Podaj razlago pomena za besedo trn.,"Beseda **trn** ima naslednje pomene:
- Trni so majhne, ostre konice, ki štrlijo iz listov ali stebel rastlin.
- Trni so ostre konice na drevesih ali drugih rastlinah, na primer na vrtnicah.",pomen,razlaga_pomena,test
483049,blender,Kako se beseda blender sklanja v množini?,"Sklanjatvene oblike besede **blender** v množini:

| Sklon | Množina |
|---|---|
| 1. Imenovalnik | blenderji |
| 2. Rodilnik | blenderjev |
| 3. Dajalnik | blenderjem |
| 4. Tožilnik | blenderje |
| 5. Mestnik | pri blenderjih |
| 6. Orodnik | z blenderji |",sklanjanje,sklanjatev_po_stevilu,test
73807,oblazinjenje,Kakšna je leksikalna definicija besede oblazinjenje?,"Beseda **oblazinjenje** ima naslednje pomene:
- Oblazinjenje so mehke prevleke na stolih in kavčih, zaradi katerih so udobni.",pomen,razlaga_pomena,train
3790,odrecitirati,Kako se glasi Sedanjik glagola odrecitirati?,"Sedanjik glagola **odrecitirati**:

| Oseba | Ednina | Dvojina | Množina |
|---|---|---|---|
| 1. oseba | odrecitiram | odrecitirava | odrecitiramo |
| 2. oseba | odrecitiraš | odrecitirata | odrecitirate |
| 3. oseba | odrecitira | odrecitirata | odrecitirajo |",spreganje,spreganje_v_casu,train
35610,svojski,Poišči sopomenke za svojski.,"Sopomenke besede **svojski** so:
- svojstven
- samosvoj
- znakovit",sopomenke,navedi_sopomenke,train
551333,magneto,Navedi lemo za besedno obliko magnetov.,Osnovna oblika (lema) besede **magnetov** je **magneto** (samostalnik).,sklanjanje,osnovna_oblika_leme,train
71003,nadsvetloba,"Ali je samostalnik nadsvetloba moškega, ženskega ali srednjega spola?",Samostalnik **nadsvetloba** je ženskega spola.,besedna_vrsta,spol_samostalnika,train
444953,vidovica,Poišči sopomenke za vidovica.,"Sopomenke besede **vidovica** so:
- Huntingtonova horeja
- svetega Vida ples
- tiki",sopomenke,navedi_sopomenke,train
713750,sehir,Katera je lema besede sehirju?,Osnovna oblika (lema) besede **sehirju** je **sehir** (samostalnik).,sklanjanje,osnovna_oblika_leme,train
50830,burnett,S katerimi besedami se najpogosteje povezuje beseda burnett?,"Tipične kolokacije z besedo **burnett**:
- boni Burnetta",kolokacije,navedi_kolokacije,train
564560,radivojevič,Sestavi sklanjatveno tabelo za besedo radivojevič.,"Sklanjatvena tabela za samostalnik **radivojevič**:

| Sklon | Ednina | Dvojina | Množina |
|---|---|---|---|
| 1. Imenovalnik | radivojevič | radivojeviča | radivojeviči |
| 2. Rodilnik | radivojeviča | radivojevičev | radivojevičev |
| 3. Dajalnik | radivojeviču | radivojevičema | radivojevičem |
| 4. Tožilnik | radivojeviča | radivojeviča | radivojeviče |
| 5. Mestnik | pri radivojeviču | pri radivojevičih | pri radivojevičih |
| 6. Orodnik | / | z radivojevičema | z radivojeviči |",sklanjanje,celotna_sklanjatev,train
709130,radulski,Navedi slovnične značilnosti za lemo radulski.,Beseda **radulski** je samostalnik. Beseda je lastno ime in je moškega spola.,besedna_vrsta,osnovne_lastnosti,train
25023,navijalen,S katerimi besedami se najpogosteje povezuje beseda navijalen?,"Tipične kolokacije z besedo **navijalen**:
- navijalno jadro
- navijalni sistem
- navijalna krona
- navijalni boben
- navijalna genova
- navijalni rotor
- navijalna peresa
- navijalna prečka
- navijalni stroj
- navijalni mehanizem",kolokacije,navedi_kolokacije,train
32670,rodoviten,Katere so sopomenke besede rodoviten?,"Sopomenke besede **rodoviten** so:
- plodonosen
- fertilen
- ploden
- radodaren
- plodovit",sopomenke,navedi_sopomenke,train
37216,vdovski,S katerimi besedami se najpogosteje povezuje beseda vdovski?,"Tipične kolokacije z besedo **vdovski**:
- vdovska pokojnina
- starosten in vdovski
- vdovski dodatek
- vdovski in družinski
- družinski in vdovski
- vdovski ali družinski
- državen in vdovski
- vdovski in državen
- vdovske tančice
- invalidski in vdovski",kolokacije,navedi_kolokacije,train
97401,vzmet,Razloži pomen besede vzmet.,"Beseda **vzmet** ima naslednje pomene:
- Vzmet je zvitek žice, ki se vrne v prvotno obliko, ko pritisnemo nanj ali ga raztegnemo.",pomen,razlaga_pomena,train
730785,škovrlj,Izpiši sklanjatveno tabelo samostalnika škovrlj.,"Sklanjatvena tabela za samostalnik **škovrlj**:

| Sklon | Ednina | Dvojina | Množina |
|---|---|---|---|
| 1. Imenovalnik | škovrlj | škovrlja | škovrlji |
| 2. Rodilnik | škovrlja | škovrljev | škovrljev |
| 3. Dajalnik | škovrlju | škovrljema | škovrljem |
| 4. Tožilnik | škovrlja | škovrlja | škovrlje |
| 5. Mestnik | pri škovrlju | pri škovrljih | pri škovrljih |
| 6. Orodnik | s škovrljem | s škovrljema | s škovrlji |",sklanjanje,celotna_sklanjatev,train
1130,fluorescirati,Navedi stavčne primere za besedo fluorescirati.,"Primeri uporabe besede **fluorescirati** v povedih:
- *Nekatere snovi ob osvetlitvi z močno svetlobo določene valovne dolžine fluorescirajo.*
- *Intenzivno fluorescira, saj zažari zeleno ali modro, če ga osvetlimo z ultravijolično svetlobo.*
- *Biološke preparate, ki fluorescirajo, lahko osvetlimo z ultravijolično svetlobo in si tako olajšamo opazovanje z mikroskopom.*",primeri_uporabe,povedi_z_besedo,train
543344,jorn,Iz katere osnovne oblike izvira oblika jornom?,Osnovna oblika (lema) besede **jornom** je **jorn** (samostalnik).,sklanjanje,osnovna_oblika_leme,train
71241,nama,Prikaži primere rabe besede nama.,"Primeri uporabe besede **nama** v povedih:
- *Ko sem se znašel v položaju, sem namah razumel, kaj se dogaja. To me je prebudilo in prisililo, da sem se streznil ter utihnil.*",primeri_uporabe,povedi_z_besedo,train
707232,prousalis,Katere sklone ima beseda prousalis v ednini?,"Sklanjatvene oblike besede **prousalis** v ednini:

| Sklon | Ednina |
|---|---|
| 1. Imenovalnik | prousalis |
| 2. Rodilnik | prousalisa |
| 3. Dajalnik | prousalisu |
| 4. Tožilnik | prousalisa |
| 5. Mestnik | pri prousalisu |
| 6. Orodnik | s prousalisom |",sklanjanje,sklanjatev_po_stevilu,train
454351,obratovalec,Kateri sklon in število izraža oblika obratovalce pri besedi obratovalec?,"Oblika **obratovalce** pri besedi *obratovalec* izraža:
- 4. Tožilnik (množine)",sklanjanje,analiza_oblike,train
76964,pasha,Koliko ločenih pomenov ima lema pasha?,"Beseda **pasha** ima registrirana 1 pomen:
1. Pasha je judovski praznik, ki se začne proti koncu marca ali v začetku aprila in traja osem dni.",pomen,stevilka_pomenov,train
597268,delial,Prikaži pregled sklanjatvenih oblik besede delial.,"Sklanjatvena tabela za samostalnik **delial**:

| Sklon | Ednina | Dvojina | Množina |
|---|---|---|---|
| 1. Imenovalnik | delial | deliala | deliali |
| 2. Rodilnik | deliala | / | delialov |
| 3. Dajalnik | delialu | delialoma | delialom |
| 4. Tožilnik | deliala | deliala | deliale |
| 5. Mestnik | pri delialu | pri delialih | pri delialih |
| 6. Orodnik | z delialom | z delialoma | z deliali |",sklanjanje,celotna_sklanjatev,train
24564,nadalnji,Sestavi seznam 3 kolokacij z besedo nadalnji.,"Izpis 3 kolokacij za besedo **nadalnji**:
1. nadalnji razvoj
2. nadalnje delo
3. nadalnja reja",kolokacije,stevilsko_opredeljene_kolokacije,train
664304,castagno,Katero slovnično funkcijo ima castagnov v sklanjatvenem vzorcu castagno?,"Oblika **castagnov** pri besedi *castagno* izraža:
- 2. Rodilnik (dvojine)",sklanjanje,analiza_oblike,train
638607,sinuhe,Kako poteka sklanjatev besede sinuhe za množino?,"Sklanjatvene oblike besede **sinuhe** v množini:

| Sklon | Množina |
|---|---|
| 1. Imenovalnik | sinuheji |
| 2. Rodilnik | sinuhejev |
| 3. Dajalnik | sinuhejem |
| 4. Tožilnik | sinuheje |
| 5. Mestnik | pri sinuhejih |
| 6. Orodnik | s sinuheji |",sklanjanje,sklanjatev_po_stevilu,train
8893,umiriti,Navedi kolokativne zveze za lemo umiriti.,"Tipične kolokacije z besedo **umiriti**:
- nekoliko se umiriti
- razmere se umirijo
- strasti se umirijo
- malo se umiriti
- rast se umiri
- poskušati umiriti
- malce se umiriti
- skušati umiriti
- stanje se umiri
- morati umiriti se",kolokacije,navedi_kolokacije,train
482323,potrenirati,Katere so neosebne ter posebne oblike glagola potrenirati?,"Neosebne in posebne oblike glagola **potrenirati**:
- Nedoločnik: **potrenirati**
- Namenilnik: **potrenirat**
",spreganje,neosebne_oblike,train
9463,zabloditi,Navedi vse pomene besede zabloditi.,"Pomeni besede **zabloditi** so:
- Kadar nekaj zablodi, se izgubi.
- Kadar ljudje ali živali zablodijo, odtavajo proč od tam, kjer bi morali biti.",pomen,nastevanje_pomenov,train
18859,harmonikašev,Kako poteka stopnjevanje besede harmonikašev?,"Stopnjevanje besede **harmonikašev**:

| Stopnja | Oblika |
|---|---|
| 1. Osnovnik (Pozitiv) | harmonikašev / harmonikaševega / harmonikaševemu / harmonikaševem / harmonikaševim / harmonikaševa / harmonikaševih / harmonikaševima / harmonikaševi / harmonikaševe / harmonikaševimi / harmonikaševo |
| 2. Primernik (Komparativ) | harmonikašev |
| 3. Presežnik (Superlativ) | harmonikašev |",stopnjevanje,vse_stopnje,train
92309,surrealizem,Prikaži 2 pogostih kolokacij z besedo surrealizem.,"Izpis 2 kolokacij za besedo **surrealizem**:
1. predstavnik surrealizma
2. francoski surrealizem",kolokacije,stevilsko_opredeljene_kolokacije,train
88241,sestav,Katere so 12 tipične kolokacije z besedo sestav?,"Izpis 12 kolokacij za besedo **sestav**:
1. pevski sestavi
2. komorni sestav
3. rezervni sestav
4. vokalni sestav
5. imeti v sestavu
6. zborovski sestav
7. sestavi vojske
8. sestav sil
9. delovati v sestavu
10. godčevski sestav
11. instrumentalni sestav
12. član sestava",kolokacije,stevilsko_opredeljene_kolokacije,train
468642,hks,Kako se beseda hks sklanja v ednini?,"Sklanjatvene oblike besede **hks** v ednini:

| Sklon | Ednina |
|---|---|
| 1. Imenovalnik | hks |
| 2. Rodilnik | hks-ja |
| 3. Dajalnik | hks-ju |
| 4. Tožilnik | hks |
| 5. Mestnik | pri hks-ju |
| 6. Orodnik | / |",sklanjanje,sklanjatev_po_stevilu,train
22324,kvaren,Opiši pomen besede kvaren.,"Beseda **kvaren** ima naslednje pomene:
- Kar je kvarno, na nekoga ali nekaj slabo vpliva.",pomen,razlaga_pomena,train
472952,dihibriden,Navedi vse stopnje za dihibriden.,"Stopnjevanje besede **dihibriden**:

| Stopnja | Oblika |
|---|---|
| 1. Osnovnik (Pozitiv) | dihibridnem / dihibriden / dihibridni / dihibridno / dihibridnih / dihibridnimi / dihibridnemu / dihibridne / dihibridnega / dihibridna / dihibridnim / dihibridnima |
| 2. Primernik (Komparativ) | dihibriden |
| 3. Presežnik (Superlativ) | dihibriden |",stopnjevanje,vse_stopnje,train
54670,dukat,Prikaži številčni seznam 7 kolokacij besede dukat.,"Izpis 7 kolokacij za besedo **dukat**:
1. zlati dukat
2. milijon dukatov
3. vrednost dukatov
4. rimski dukat
5. dukati in groši
6. beneški dukat
7. ogrski dukat",kolokacije,stevilsko_opredeljene_kolokacije,train
539604,hibino,Kako se v slovenščini glasi dajalnik množine besede hibino?,3. Dajalnik (dajalnik) množine besede **hibino** se glasi: **hibinom**.,sklanjanje,posamezen_sklon,train
91531,stimulans,"Razloži, v katerem sklonu in številu je oblika stimulanse besede stimulans.","Oblika **stimulanse** pri besedi *stimulans* izraža:
- 4. Tožilnik (množine)",sklanjanje,analiza_oblike,train
85272,razpolovitev,Navedi 5. Mestnik sklon za množino besede razpolovitev.,5. Mestnik (mestnik) množine besede **razpolovitev** se glasi: **pri razpolovitvah**.,sklanjanje,posamezen_sklon,train
500109,polaščevalno,Izpiši stopnjevalni vzorec za besedo polaščevalno.,"Stopnjevanje besede **polaščevalno**:

| Stopnja | Oblika |
|---|---|
| 1. Osnovnik (Pozitiv) | polaščevalno |
| 2. Primernik (Komparativ) | polaščevalno |
| 3. Presežnik (Superlativ) | polaščevalno |",stopnjevanje,vse_stopnje,train
707894,pentagona,Kako se beseda pentagona sklanja v množini?,"Sklanjatvene oblike besede **pentagona** v množini:

| Sklon | Množina |
|---|---|
| 1. Imenovalnik | pentagone |
| 2. Rodilnik | pentagon |
| 3. Dajalnik | pentagonam |
| 4. Tožilnik | pentagone |
| 5. Mestnik | pri pentagonah |
| 6. Orodnik | s pentagonami |",sklanjanje,sklanjatev_po_stevilu,train
4826,pobrati,Izpiši število pomenov besede pobrati.,"Beseda **pobrati** ima registrirana 7 pomenov:
1. Pobrati nekoga pomeni iti nekam ponj.
2. Pobrati pomeni prinesti več stvari skupaj v skupino.
3. Kadar človek pobere nekaj, to s prsti odstrani od tam, kjer je bilo.
4. Kadar človek pobere nekaj, tisto stvar dvigne s tal.
5. Kadar človek pobere nekaj ali nekoga, jih prevzame ali odpelje od nekje.
6. Če pobereš nekaj, kot je nagrada, to osvojiš.
7. Pobrati pomeni zlahka pridobiti nekaj, kot je na primer nagrada.",pomen,stevilka_pomenov,train
5238,poklapati,Kakšna sta nedoločnik in namenilnik glagola poklapati?,"Neosebne in posebne oblike glagola **poklapati**:
- Nedoločnik: **poklapati**
- Namenilnik: **poklapat**
",spreganje,neosebne_oblike,train
69144,menzura,Kako poteka sklanjatev besede menzura za dvojino?,"Sklanjatvene oblike besede **menzura** v dvojini:

| Sklon | Dvojina |
|---|---|
| 1. Imenovalnik | menzuri |
| 2. Rodilnik | menzur |
| 3. Dajalnik | menzurama |
| 4. Tožilnik | menzuri |
| 5. Mestnik | pri menzurah |
| 6. Orodnik | z menzurama |",sklanjanje,sklanjatev_po_stevilu,train
5945,potrgati,Izpiši vse registrirane pomene besede potrgati.,"Pomeni besede **potrgati** so:
- Potrgati oblačila s sebe pomeni hitro in grobo odstraniti oblačila s telesa.",pomen,nastevanje_pomenov,train
574498,timbers,"Ali spada timbers med samostalnike moškega, ženskega ali srednjega spola?",Samostalnik **timbers** je moškega spola.,besedna_vrsta,spol_samostalnika,train
9619,zajamčiti,Prikaži oblike za Sedanjik glagola zajamčiti.,"Sedanjik glagola **zajamčiti**:

| Oseba | Ednina | Dvojina | Množina |
|---|---|---|---|
| 1. oseba | zajamčim | zajamčiva | zajamčimo |
| 2. oseba | zajamčiš | zajamčita | zajamčite |
| 3. oseba | zajamči | zajamčita | zajamčijo |",spreganje,spreganje_v_casu,train
442546,reprivatizacija,Zapiši lemo (osnovno obliko) za besedo reprivatizacijo.,Osnovna oblika (lema) besede **reprivatizacijo** je **reprivatizacija** (samostalnik).,sklanjanje,osnovna_oblika_leme,train
650716,zabrekve,Katere slovnične lastnosti nosi oblika zabrekveju besede zabrekve?,"Oblika **zabrekveju** pri besedi *zabrekve* izraža:
- 3. Dajalnik (ednine)",sklanjanje,analiza_oblike,train
462065,cider,Koliko pomenov ima beseda cider?,"Beseda **cider** ima registrirana 1 pomen:
1. proizvod pridelan iz jabolk po posebnem tehnološkem postopku",pomen,stevilka_pomenov,train
27579,osemuren,Kateri sklon in število izraža oblika osemurnih pri besedi osemuren?,"Oblika **osemurnih** pri besedi *osemuren* izraža:
- pregibna oblika",sklanjanje,analiza_oblike,train
494454,nevroanatom,Katere besede imajo podoben pomen kot nevroanatom?,"Sopomenke besede **nevroanatom** so:
- nevroanatomist",sopomenke,navedi_sopomenke,train
53459,dirigent,"Kakšna je slovnična oblika besede dirigent v povedi: 'Trener je dirigent, povezuje igralce, žogo in igro, pri čemer mora delati brez napak.'?","V povedi *""Trener je dirigent, povezuje igralce, žogo in igro, pri čemer mora delati brez napak.""* nastopa beseda **dirigent** kot pregibna oblika (MSD: Somei) besede *dirigent*.",primeri_uporabe,analiza_oblike_v_povedi,train
16667,dramski,"V kateri obliki nastopa beseda dramski v povedi: 'Tudi v šoli se je glasbeno udejstvovala, zelo dejavna je bila v dramski skupini.'?","V povedi *""Tudi v šoli se je glasbeno udejstvovala, zelo dejavna je bila v dramski skupini.""* nastopa beseda **dramski** kot pregibna oblika (MSD: Ppnsdt) besede *dramski*.",primeri_uporabe,analiza_oblike_v_povedi,train
17656,fermentiran,Izpiši primere iz korpusa za besedo fermentiran.,"Primeri uporabe besede **fermentiran** v povedih:
- *Zdrava hrana je predvsem rastlinska z zmerno količino fermentiranih mlečnih izdelkov.*
- *Količina laktoze pa je v fermentiranih izdelkih nižja kot v mleku.*",primeri_uporabe,povedi_z_besedo,train
498060,kardeljansko,Kako poteka stopnjevanje besede kardeljansko?,"Stopnjevanje besede **kardeljansko**:

| Stopnja | Oblika |
|---|---|
| 1. Osnovnik (Pozitiv) | kardeljansko |
| 2. Primernik (Komparativ) | kardeljansko |
| 3. Presežnik (Superlativ) | kardeljansko |",stopnjevanje,vse_stopnje,train
61481,iztegovalka,"Izpiši nekaj povedi, ki vsebujejo besedo iztegovalka.","Primeri uporabe besede **iztegovalka** v povedih:
- *Teniški komolec je posledica ponavljajoče se čezmerne obremenitve mišic iztegovalk prstov in zapestja.*",primeri_uporabe,povedi_z_besedo,train
99048,zds,Prikaži pregled sklanjatvenih oblik besede zds.,"Sklanjatvena tabela za samostalnik **zds**:

| Sklon | Ednina | Dvojina | Množina |
|---|---|---|---|
| 1. Imenovalnik | zds | / | / |
| 2. Rodilnik | zdss / zdsja / zds-ja | / | / |
| 3. Dajalnik | zds-ju / zdsju | / | / |
| 4. Tožilnik | zds | / | / |
| 5. Mestnik | pri zds-ju / pri zdsju | / | / |
| 6. Orodnik | z zdsjem / z zds-jem | / | / |",sklanjanje,celotna_sklanjatev,train
38673,zaripel,Razvrsti in naštej pomene besede zaripel.,"Pomeni besede **zaripel** so:
- Kdor je zaripel, ima rdeč obraz.",pomen,nastevanje_pomenov,train
46198,zares,Stopnjuj besedo zares.,"Stopnjevanje besede **zares**:

| Stopnja | Oblika |
|---|---|
| 1. Osnovnik (Pozitiv) | zares |
| 2. Primernik (Komparativ) | zares |
| 3. Presežnik (Superlativ) | zares |",stopnjevanje,vse_stopnje,train
553990,milijonar,Izpiši soznačilne besede za milijonar.,"Sopomenke besede **milijonar** so:
- bogataš",sopomenke,navedi_sopomenke,train
33917,skorjast,Koliko pomenov ima beseda skorjast?,"Beseda **skorjast** ima registrirana 1 pomen:
1. Kar je skorjasto, ima trdo, hrustljavo zunanjo plast.",pomen,stevilka_pomenov,train
4405,osrečiti,Navedi spreganje glagola osrečiti v sedanjiku.,"Sedanjik glagola **osrečiti**:

| Oseba | Ednina | Dvojina | Množina |
|---|---|---|---|
| 1. oseba | osrečim | osrečiva | osrečimo |
| 2. oseba | osrečiš | osrečita | osrečite |
| 3. oseba | osreči | osrečita | osrečijo |",spreganje,spreganje_v_casu,train
529915,doping,Navedi sinonime za besedo doping.,"Sopomenke besede **doping** so:
- jemanje poživil
- jemanje nedovoljenih poživil
- nedovoljeno poživilo
- prepovedano poživilo
- poživilo
- jemanje mamil
- uživanje mamil",sopomenke,navedi_sopomenke,train
5626,porabiti,Kako se glasi velelnik glagola porabiti?,"Neosebne in posebne oblike glagola **porabiti**:
- Nedoločnik: **porabiti**
- Namenilnik: **porabit**
",spreganje,neosebne_oblike,train
623129,monticello,Kakšnega spola je samostalnik monticello?,Samostalnik **monticello** je moškega spola.,besedna_vrsta,spol_samostalnika,train
947,doseči,"Določi slovnične lastnosti besede doseči v stavku 'V življenju se počutim, kot da ne morem doseči dna.'.","V povedi *""V življenju se počutim, kot da ne morem doseči dna.""* nastopa beseda **doseči** kot pregibna oblika (MSD: Ggdn) besede *doseči*.",primeri_uporabe,analiza_oblike_v_povedi,train
78987,podoba,Napiši obrazložitev pomena besede podoba.,"Beseda **podoba** ima naslednje pomene:
- Podoba je grobo izdelan lik, ki ponazarja človeka, do katerega čutimo velik odpor.
- Podoba kraja ali organizacije je njun zunanji videz.
- Podoba je oblika osebe, ki je ne vidimo jasno.
- Kadar pravimo, da je nekdo na primer junaška podoba, mislimo, da ima lastnosti, značilne za junake.
- Če imate podobo nekoga ali nečesa, imate sliko ali idejo o tem v svojem umu.
- Podoba osebe ali organizacije je način, kako se kaže drugim ljudem.
- Podoba je slika ali odsev nekoga ali nečesa.
- Če je neka slika dobra podoba nekoga, je videti zelo podobna tej osebi.
- Kadar ima človek podobo nečesa, si to predstavlja ali vidi v mislih.
- Podoba so okoliščine ali dogodek, ki ljudi privede do tega, da se začnejo zavedati določenega vidika neke osebe ali stvari.
- Sliko ali kip nekega človeka lahko opišemo kot podobo te osebe.
- Podoba nečesa, kot sta načrt ali organizacija, je njegova struktura in velikost.",pomen,razlaga_pomena,train
511603,odškrinjati,Kako se po osebah sprega glagol odškrinjati v sedanjiku?,"Sedanjik glagola **odškrinjati**:

| Oseba | Ednina | Dvojina | Množina |
|---|---|---|---|
| 1. oseba | odškrinjam | odškrinjava | odškrinjamo |
| 2. oseba | odškrinjaš | odškrinjata | odškrinjate |
| 3. oseba | odškrinja | odškrinjata | odškrinjajo |",spreganje,spreganje_v_casu,train
92840,tečnoba,Poišči pogoste kolokacije za besedo tečnoba.,"Tipične kolokacije z besedo **tečnoba**:
- Tečnoba v hlačah
- prava tečnoba
- stara tečnoba
- mala tečnoba
- največja tečnoba",kolokacije,navedi_kolokacije,train
9313,vrveti,Katere so najbolj znane kolokacije besede vrveti?,"Tipične kolokacije z besedo **vrveti**:
- vrveti od življenja
- Ljudje vrvijo
- življenje vrvi
- mesto vrvi
- začeti vrveti
- vrveti od ljudi
- vrveti od dogajanja
- vrveti v času
- tam vrveti
- vrveti kot mravljišču",kolokacije,navedi_kolokacije,train
84742,rangiranje,Analiziraj rabo besede rangiranje v povedi: 'Podobno tudi danes tako popularno rangiranje univerz po kvaliteti upošteva skoraj izključno znanstvene dosežke.'.,"V povedi *""Podobno tudi danes tako popularno rangiranje univerz po kvaliteti upošteva skoraj izključno znanstvene dosežke.""* nastopa beseda **rangiranje** kot pregibna oblika (MSD: Sosei) besede *rangiranje*.",primeri_uporabe,analiza_oblike_v_povedi,train
519446,agriturizem,"Povej, kakšnega spola je beseda agriturizem.",Samostalnik **agriturizem** je moškega spola.,besedna_vrsta,spol_samostalnika,train
654681,afanasijev,"Razloži, v katerem sklonu in številu je oblika afanasijeve besede afanasijev.","Oblika **afanasijeve** pri besedi *afanasijev* izraža:
- 4. Tožilnik (množine)",sklanjanje,analiza_oblike,train
4037,oklestiti,"Ali je oklestiti dovršni, nedovršni ali dvovidski glagol?",Beseda **oklestiti** je dovršni glagol.,besedna_vrsta,vrsta_in_vid_glagola,train
30861,prevraten,Koliko leksikalnih pomenov vsebuje beseda prevraten?,"Beseda **prevraten** ima registrirana 1 pomen:
1. Kar je prevratno, naj bi oslabilo ali porušilo politični sistem ali vlado.",pomen,stevilka_pomenov,train
495591,izboklo,Kako poteka stopnjevanje besede izboklo?,"Stopnjevanje besede **izboklo**:

| Stopnja | Oblika |
|---|---|
| 1. Osnovnik (Pozitiv) | izboklo |
| 2. Primernik (Komparativ) | izboklo |
| 3. Presežnik (Superlativ) | izboklo |",stopnjevanje,vse_stopnje,train
52504,datum,Kako se beseda datum uporablja v stavkih?,"Primeri uporabe besede **datum** v povedih:
- *Točen datum obiska bodo določili v prihodnjih dneh.*
- *Veljavnost bonov je 3 mesece od datuma nakupa.*
- *Prosim, napišite celoten datum na pismo.*
- *Prosim, da mi pomagate razširiti zgled v celotno poved: ""Napisati datum na pismo.""Poprosim, da natančno zapišete datum na vrhu pisma.*
- *Prosimo, navedite svoj datum rojstva.*",primeri_uporabe,povedi_z_besedo,train
691981,ljubiši,Navedi vse sklone besede ljubiši.,"Sklanjatvena tabela za samostalnik **ljubiši**:

| Sklon | Ednina | Dvojina | Množina |
|---|---|---|---|
| 1. Imenovalnik | ljubiši | ljubišija | ljubišiji |
| 2. Rodilnik | ljubišija | / | ljubišijev |
| 3. Dajalnik | ljubišiju | ljubišijema | ljubišijem |
| 4. Tožilnik | ljubišija | ljubišija | ljubišije |
| 5. Mestnik | pri ljubišiju | pri ljubišijih | pri ljubišijih |
| 6. Orodnik | z ljubišijem | z ljubišijema | z ljubišiji |",sklanjanje,celotna_sklanjatev,train
3287,oblegati,Koliko leksikalnih pomenov vsebuje beseda oblegati?,"Beseda **oblegati** ima registrirana 3 pomene:
1. Oblegati pomeni, da veliko ljudi nekaj hoče od nas in nas venomer nadleguje.
2. Če vojaki oblegajo kraj, ga obkolijo in čakajo, da se tamkajšnji prebivalci vdajo.
3. Kadar skupina ljudi oblega nekoga, se zbere okoli te osebe in neorganizirano izraža svoja čustva.",pomen,stevilka_pomenov,train
532755,extreme,Katero obliko ima dajalnik dvojine samostalnika extreme?,3. Dajalnik (dajalnik) dvojine besede **extreme** se glasi: **extremejema**.,sklanjanje,posamezen_sklon,train
655508,alsin,Navedi spol za samostalnik alsin.,Samostalnik **alsin** je moškega spola.,besedna_vrsta,spol_samostalnika,train
28361,petnajstminuten,Navedi primernik in presežnik za pridevnik/prislov petnajstminuten.,"Stopnjevanje besede **petnajstminuten**:

| Stopnja | Oblika |
|---|---|
| 1. Osnovnik (Pozitiv) | petnajstminutni / petnajstminutnih / petnajstminutnima / petnajstminutne / petnajstminutnim / petnajstminutnimi / petnajstminutno / petnajstminutnega / petnajstminutnemu / petnajstminutnem / petnajstminutna / petnajstminuten |
| 2. Primernik (Komparativ) | petnajstminuten |
| 3. Presežnik (Superlativ) | petnajstminuten |",stopnjevanje,vse_stopnje,train
462755,tsukuba,Katere slovnične lastnosti nosi oblika tsukubama besede tsukuba?,"Oblika **tsukubama** pri besedi *tsukuba* izraža:
- 6. Orodnik (dvojine)",sklanjanje,analiza_oblike,train
3146,naznačevati,Spregaj glagol naznačevati v sedanjiku.,"Sedanjik glagola **naznačevati**:

| Oseba | Ednina | Dvojina | Množina |
|---|---|---|---|
| 1. oseba | naznačujem | naznačujeva | naznačujemo |
| 2. oseba | naznačuješ | naznačujeta | naznačujete |
| 3. oseba | naznačuje | naznačujeta | naznačujejo |",spreganje,spreganje_v_casu,train
2093,klubovati,Ali je glagol klubovati dovršni ali nedovršni?,Beseda **klubovati** je nedovršni glagol.,besedna_vrsta,vrsta_in_vid_glagola,train
9498,začiniti,Podaj razlago pomena za besedo začiniti.,"Beseda **začiniti** ima naslednje pomene:
- Začiniti pomeni nekaj dodati hrani ali pijači, da dobi poseben okus.
- Začiniti pomeni hrani dodati sol, poper ali druge začimbe.
- Začiniti pomeni dodati začimbe jedem.",pomen,razlaga_pomena,test
7502,razkužiti,Prikaži spreganje po osebah za glagol razkužiti.,"Spreganje glagola **razkužiti**:

### Sedanjik
| Oseba | Ednina | Dvojina | Množina |
|---|---|---|---|
| 1. oseba | razkužim | razkuživa | razkužimo |
| 2. oseba | razkužiš | razkužita | razkužite |
| 3. oseba | razkuži | razkužita | razkužijo |

### Preteklik
| Oseba | Ednina | Dvojina | Množina |
|---|---|---|---|
| 1. oseba | sem razkužil / sem razkužila | sva razkužila / sva razkužili | smo razkužili / smo razkužile |
| 2. oseba | si razkužil / si razkužila | sta razkužila / sta razkužili | ste razkužili / ste razkužile |
| 3. oseba | je razkužil / je razkužila | sta razkužila / sta razkužili | so razkužili / so razkužile |",spreganje,celotno_spreganje,test
679676,hedican,Kateri sklon in število izraža oblika hedicani pri besedi hedican?,"Oblika **hedicani** pri besedi *hedican* izraža:
- 6. Orodnik (množine)",sklanjanje,analiza_oblike,test
609334,hütz,Izpiši sklanjatveno tabelo samostalnika hütz.,"Sklanjatvena tabela za samostalnik **hütz**:

| Sklon | Ednina | Dvojina | Množina |
|---|---|---|---|
| 1. Imenovalnik | hütz | hütza | / |
| 2. Rodilnik | hütza | hützov | hützov |
| 3. Dajalnik | hützu | hützoma | hützom |
| 4. Tožilnik | hütza | hütza | hütze |
| 5. Mestnik | pri hützu | pri hützih | pri hützih |
| 6. Orodnik | s hützom | s hützoma | s hützi |",sklanjanje,celotna_sklanjatev,test
487161,soigralčev,Izpiši stopnjevalni vzorec za besedo soigralčev.,"Stopnjevanje besede **soigralčev**:

| Stopnja | Oblika |
|---|---|
| 1. Osnovnik (Pozitiv) | soigralčeva / soigralčevima / soigralčevih / soigralčevimi / soigralčev / soigralčevim / soigralčevo / soigralčevega / soigralčeve / soigralčevem / soigralčevemu / soigralčevi |
| 2. Primernik (Komparativ) | soigralčev |
| 3. Presežnik (Superlativ) | soigralčev |",stopnjevanje,vse_stopnje,test
52871,deložacija,Kako v praksi uporabimo besedo deložacija?,"Primeri uporabe besede **deložacija** v povedih:
- *Tričlanska družina je bila pravnomočno soočena z deložacijo iz stanovanja.*
- *Po triletnih, očitno neuspešnih dogovorih o višini najemnine so nedavno prejeli sodno odločbo o deložaciji iz najetih mestnih prostorov na Rimski cesti 17 v Ljubljani.*",primeri_uporabe,povedi_z_besedo,test
97216,vsiljivec,S katerimi besedami se najpogosteje povezuje beseda vsiljivec?,"Tipične kolokacije z besedo **vsiljivec**:
- morebitni vsiljivci
- braniti pred vsiljivci
- varovati pred vsiljivci
- pregnati vsiljivca
- odgnati vsiljivca
- tuji vsiljivci
- napasti vsiljivca
- odganjati vsiljivce
- počutiti se kot vsiljivec
- braniti se pred vsiljivci",kolokacije,navedi_kolokacije,test
20003,izsledljiv,Navedi kolokativne zveze za lemo izsledljiv.,"Tipične kolokacije z besedo **izsledljiv**:
- težko izsledljiv
- lahko izsledljiv",kolokacije,navedi_kolokacije,test
2590,nabasati,"Kakšna je slovnična oblika besede nabašejo v povedi: 'Spet eni si v nahrbtnik nabašejo prav vse, da s seboj nosijo že celo omaro.'?","V povedi *""Spet eni si v nahrbtnik nabašejo prav vse, da s seboj nosijo že celo omaro.""* nastopa beseda **nabašejo** kot pregibna oblika (MSD: Ggdstm) besede *nabasati*.",primeri_uporabe,analiza_oblike_v_povedi,test
476979,trd,Izpiši število pomenov besede trd.,"Beseda **trd** ima registrirana 10 pomenov:
1. Kadar nekaj ob dotiku deluje trdo, je zelo trdno in se tega ne da zlahka ukriviti, prerezati ali zlomiti.
2. Delo, ki je trdo, zahteva veliko napora.
3. Če je življenje trdo, je težko in neprijetno.
4. Droga, ki je trda, je močna, na primer heroin ali kokain; take droge so prepovedane.
5. Način življenja ali položaj, ki je trd, je resen in težaven.
6. Snov ali predmet, ki je trd, je tog in se ne upogiba zlahka.
7. Snov ali predmet, ki sta trda, sta v trdnem agregatnem stanju, ne pa v tekočem ali plinskem.
8. Trd pomeni oster in neprijeten.
9. Če smo trdi, nas mišice ali sklepi pri gibanju bolijo.
10. Snov, ki je trda, je trdna in jo je težko zlomiti ali rezati.",pomen,stevilka_pomenov,test
571981,sugijama,Navedi vse sklone besede sugijama.,"Sklanjatvena tabela za samostalnik **sugijama**:

| Sklon | Ednina | Dvojina | Množina |
|---|---|---|---|
| 1. Imenovalnik | / | sugijami / sugijama | sugijami / sugijame |
| 2. Rodilnik | sugijama / sugijame | sugijam / sugijamov | sugijam / sugijamov |
| 3. Dajalnik | sugijamu / sugijami | sugijamoma / sugijamama | sugijamom / sugijamam |
| 4. Tožilnik | sugijamo / sugijama | sugijami / sugijama | sugijame |
| 5. Mestnik | pri sugijamu / pri sugijami | pri sugijamih / pri sugijamah | pri sugijamah / pri sugijamih |
| 6. Orodnik | s sugijamo / s sugijamom | s sugijamoma / s sugijamama | s sugijami / s sugijamami |",sklanjanje,celotna_sklanjatev,test
486694,skandirajoč,Prikaži stopnjevanje pridevnika skandirajoč.,"Stopnjevanje besede **skandirajoč**:

| Stopnja | Oblika |
|---|---|
| 1. Osnovnik (Pozitiv) | skandirajočih / skandirajočem / skandirajoči / skandirajoče / skandirajočim / skandirajoča / skandirajočega / skandirajoč / skandirajočemu / skandirajočima / skandirajočimi / skandirajočo |
| 2. Primernik (Komparativ) | skandirajoč |
| 3. Presežnik (Superlativ) | skandirajoč |",stopnjevanje,vse_stopnje,test
443920,aplikaten,Navedi vse stopnje za aplikaten.,"Stopnjevanje besede **aplikaten**:

| Stopnja | Oblika |
|---|---|
| 1. Osnovnik (Pozitiv) | aplikatnega / aplikatnih / aplikaten / aplikatni / aplikatno / aplikatnimi / aplikatnima / aplikatna / aplikatnim / aplikatnem / aplikatne / aplikatnemu |
| 2. Primernik (Komparativ) | aplikaten |
| 3. Presežnik (Superlativ) | aplikaten |",stopnjevanje,vse_stopnje,test
93810,trač,Katero obliko ima rodilnik ednine samostalnika trač?,2. Rodilnik (rodilnik) ednine besede **trač** se glasi: **trača / trača**.,sklanjanje,posamezen_sklon,test
688200,krameršek,Kaj po besedni vrsti pomeni krameršek?,Beseda **krameršek** je samostalnik. Beseda je lastno ime in je moškega spola.,besedna_vrsta,osnovne_lastnosti,test
496372,ultraobčutljiv,Navedi vse stopnje za ultraobčutljiv.,"Stopnjevanje besede **ultraobčutljiv**:

| Stopnja | Oblika |
|---|---|
| 1. Osnovnik (Pozitiv) | ultraobčutljivo / ultraobčutljivim / ultraobčutljivi / ultraobčutljivih / ultraobčutljivemu / ultraobčutljiva / ultraobčutljivima / ultraobčutljive / ultraobčutljivimi / ultraobčutljivega / ultraobčutljivem / ultraobčutljiv |
| 2. Primernik (Komparativ) | ultraobčutljiv |
| 3. Presežnik (Superlativ) | ultraobčutljiv |",stopnjevanje,vse_stopnje,train
78740,počitnikar,Izpiši primere iz korpusa za besedo počitnikar.,"Primeri uporabe besede **počitnikar** v povedih:
- *Trop malih počitnikarjev, ki oddih preživljajo kar doma, se je udeležil raznih likovnih in ustvarjalnih delavnic, športnih igric ali varstva v družbi vrstnikov.*",primeri_uporabe,povedi_z_besedo,train
509531,bilancirati,Opredeli glagolski vid besede bilancirati.,Beseda **bilancirati** je dvovidski glagol.,besedna_vrsta,vrsta_in_vid_glagola,train
800,devati,Ali je glagol devati dovršni ali nedovršni?,Beseda **devati** je nedovršni glagol.,besedna_vrsta,vrsta_in_vid_glagola,train
555127,moving,Sestavi sklanjatveno tabelo za besedo moving.,"Sklanjatvena tabela za samostalnik **moving**:

| Sklon | Ednina | Dvojina | Množina |
|---|---|---|---|
| 1. Imenovalnik | moving | movinga | movingi |
| 2. Rodilnik | movinga | movingov | movingov |
| 3. Dajalnik | movingu | movingoma | movingom |
| 4. Tožilnik | movinga | movinga | movinge |
| 5. Mestnik | pri movingu | pri movingih | pri movingih |
| 6. Orodnik | z movingom | z movingoma | z movingi |",sklanjanje,celotna_sklanjatev,train
73161,neznanec,V katerem sklonu/obliki je beseda Neznanec v povedi 'Neznanec pa je vlomil v osebni avtomobil in poskušal ukrasti avtoradio.'?,"V povedi *""Neznanec pa je vlomil v osebni avtomobil in poskušal ukrasti avtoradio.""* nastopa beseda **Neznanec** kot pregibna oblika (MSD: Somei) besede *neznanec*.",primeri_uporabe,analiza_oblike_v_povedi,train
510103,hinaviti,Ali je glagol hinaviti dovršni ali nedovršni?,Beseda **hinaviti** je dovršni glagol.,besedna_vrsta,vrsta_in_vid_glagola,train
44905,silo,"Katero slovnično obliko izraža beseda silo v stavku: 'Močno se je iztrgala iz objema, s silo, ki je bila skoraj neustavljiva.'?","V povedi *""Močno se je iztrgala iz objema, s silo, ki je bila skoraj neustavljiva.""* nastopa beseda **silo** kot pregibna oblika (MSD: Rsn) besede *silo*.",primeri_uporabe,analiza_oblike_v_povedi,train
656452,areo,Kako poteka sklanjatev besede areo za dvojino?,"Sklanjatvene oblike besede **areo** v dvojini:

| Sklon | Dvojina |
|---|---|
| 1. Imenovalnik | area |
| 2. Rodilnik | areov |
| 3. Dajalnik | areoma |
| 4. Tožilnik | area |
| 5. Mestnik | pri areih |
| 6. Orodnik | z areoma |",sklanjanje,sklanjatev_po_stevilu,train
26540,obešen,Navedi vse pomene besede obešen.,"Pomeni besede **obešen** so:
- Kadar je nekaj obešeno z visokega mesta, visi s te točke.",pomen,nastevanje_pomenov,train
482072,zimica,Izpiši vse sklone in števila za besedo zimica.,"Sklanjatvena tabela za samostalnik **zimica**:

| Sklon | Ednina | Dvojina | Množina |
|---|---|---|---|
| 1. Imenovalnik | zimica | zimici | zimice |
| 2. Rodilnik | zimice | zimic | zimic |
| 3. Dajalnik | zimici | zimicama | zimicam |
| 4. Tožilnik | zimico | zimici | zimice |
| 5. Mestnik | pri zimici | pri zimicah | pri zimicah |
| 6. Orodnik | z zimico | z zimicama | z zimicami |",sklanjanje,celotna_sklanjatev,train
712173,ruinija,Katera beseda v osnovni obliki predstavlja obliko ruinijo?,Osnovna oblika (lema) besede **ruinijo** je **ruinija** (samostalnik).,sklanjanje,osnovna_oblika_leme,train
492572,šarmirati,Prikaži oblike za Sedanjik glagola šarmirati.,"Sedanjik glagola **šarmirati**:

| Oseba | Ednina | Dvojina | Množina |
|---|---|---|---|
| 1. oseba | šarmiram | šarmirava | šarmiramo |
| 2. oseba | šarmiraš | šarmirata | šarmirate |
| 3. oseba | šarmira | šarmirata | šarmirajo |",spreganje,spreganje_v_casu,train
10292,zgoditi,Izpiši vse glagolske oblike za zgoditi.,"Spreganje glagola **zgoditi**:

### Sedanjik
| Oseba | Ednina | Dvojina | Množina |
|---|---|---|---|
| 1. oseba | zgodim | zgodiva | zgodimo |
| 2. oseba | zgodiš | zgodita | zgodite |
| 3. oseba | zgodi | zgodita | zgodijo |

### Preteklik
| Oseba | Ednina | Dvojina | Množina |
|---|---|---|---|
| 1. oseba | sem zgodil / sem zgodila | sva zgodila / sva zgodili | smo zgodili / smo zgodile |
| 2. oseba | si zgodil / si zgodila | sta zgodila / sta zgodili | ste zgodili / ste zgodile |
| 3. oseba | je zgodil / je zgodila | sta zgodila / sta zgodili | so zgodili / so zgodile |",spreganje,celotno_spreganje,train
58901,haljica,"Določi sklon in število besede haljico v povedi 'Kmalu sem vstopil v ordinacijo, se na ukaz slekel in se ogrnil v bolniško haljico.'.","V povedi *""Kmalu sem vstopil v ordinacijo, se na ukaz slekel in se ogrnil v bolniško haljico.""* nastopa beseda **haljico** kot pregibna oblika (MSD: Sozeo) besede *haljica*.",primeri_uporabe,analiza_oblike_v_povedi,train
24036,Mirtov,Navedi 1 kolokativnih zvez za besedo Mirtov.,"Izpis 1 kolokacij za besedo **Mirtov**:
1. Mirtove besede",kolokacije,stevilsko_opredeljene_kolokacije,train
9429,vzpostavljati,Navedi vse osebe in čase za glagol vzpostavljati.,"Spreganje glagola **vzpostavljati**:

### Sedanjik
| Oseba | Ednina | Dvojina | Množina |
|---|---|---|---|
| 1. oseba | vzpostavljam | vzpostavljava | vzpostavljamo |
| 2. oseba | vzpostavljaš | vzpostavljata | vzpostavljate |
| 3. oseba | vzpostavlja | vzpostavljata | vzpostavljajo |

### Preteklik
| Oseba | Ednina | Dvojina | Množina |
|---|---|---|---|
| 1. oseba | sem vzpostavljal / sem vzpostavljala | sva vzpostavljala / sva vzpostavljali | smo vzpostavljali / smo vzpostavljale |
| 2. oseba | si vzpostavljal / si vzpostavljala | sta vzpostavljala / sta vzpostavljali | ste vzpostavljali / ste vzpostavljale |
| 3. oseba | je vzpostavljal / je vzpostavljala | sta vzpostavljala / sta vzpostavljali | so vzpostavljali / so vzpostavljale |",spreganje,celotno_spreganje,train
25369,nekompromisen,Katere sopomenke obstajajo za izraz nekompromisen?,"Sopomenke besede **nekompromisen** so:
- maksimalističen",sopomenke,navedi_sopomenke,train
82005,predstavnica,Razvrsti in naštej pomene besede predstavnica.,"Pomeni besede **predstavnica** so:
- Predstavnica je govornica, ki govori v imenu drugih.",pomen,nastevanje_pomenov,train
611611,jauho,"Ali je samostalnik jauho moškega, ženskega ali srednjega spola?",Samostalnik **jauho** je moškega spola.,besedna_vrsta,spol_samostalnika,train
509974,fjakati,Spregaj glagol fjakati.,"Spreganje glagola **fjakati**:

### Sedanjik
| Oseba | Ednina | Dvojina | Množina |
|---|---|---|---|
| 1. oseba | fjakam | fjakava | fjakamo |
| 2. oseba | fjakaš | fjakata | fjakate |
| 3. oseba | fjaka | fjakata | fjakajo |

### Preteklik
| Oseba | Ednina | Dvojina | Množina |
|---|---|---|---|
| 1. oseba | sem fjakala / sem fjakal | sva fjakala / sva fjakali | smo fjakala / smo fjakali |
| 2. oseba | si fjakala / si fjakal | sta fjakala / sta fjakali | ste fjakala / ste fjakali |
| 3. oseba | je fjakala / je fjakal | sta fjakala / sta fjakali | so fjakala / so fjakali |",spreganje,celotno_spreganje,train
99273,zevs,Kako glasi celotna sklanjatev besede zevs?,"Sklanjatvena tabela za samostalnik **zevs**:

| Sklon | Ednina | Dvojina | Množina |
|---|---|---|---|
| 1. Imenovalnik | zevs | zevsa | zevsi |
| 2. Rodilnik | zevsa | zevsov | zevsov |
| 3. Dajalnik | zevsu | zevsoma | zevsom |
| 4. Tožilnik | zevsa | zevsa | zevse |
| 5. Mestnik | pri zevsu | pri zevsih | pri zevsih |
| 6. Orodnik | z zevsom | z zevsoma | z zevsi |",sklanjanje,celotna_sklanjatev,train
84460,rabinat,Navedi 1 kolokativnih zvez za besedo rabinat.,"Izpis 1 kolokacij za besedo **rabinat**:
1. glavni rabinat",kolokacije,stevilsko_opredeljene_kolokacije,train
684814,jurčik,Kateri spol ima beseda jurčik?,Samostalnik **jurčik** je moškega spola.,besedna_vrsta,spol_samostalnika,train
91133,staja,Katere sopomenke obstajajo za izraz staja?,"Sopomenke besede **staja** so:
- golobnjak
- hišica
- lopa
- ograda
- tamar",sopomenke,navedi_sopomenke,train
717994,szente,V kakšni obliki je mestnik množine pri besedi szente?,5. Mestnik (mestnik) množine besede **szente** se glasi: **pri szentejih**.,sklanjanje,posamezen_sklon,train
24999,naučen,Izpiši število pomenov besede naučen.,"Beseda **naučen** ima registrirana 1 pomen:
1. Dejanje, ki je naučeno, je skrbno načrtovano in ni spontano ali naravno.",pomen,stevilka_pomenov,train
569151,shahar,"Razloži, v katerem sklonu in številu je oblika shaharji besede shahar.","Oblika **shaharji** pri besedi *shahar* izraža:
- 6. Orodnik (množine)",sklanjanje,analiza_oblike,train
570526,solidarity,Opiši oblikoslovno vlogo besede solidarityjem pri samostalniku solidarity.,"Oblika **solidarityjem** pri besedi *solidarity* izraža:
- 6. Orodnik (ednine)",sklanjanje,analiza_oblike,train
58366,gramoznica,Prikaži 5 pogostih kolokacij z besedo gramoznica.,"Izpis 5 kolokacij za besedo **gramoznica**:
1. opuščene gramoznice
2. nekdanja gramoznica
3. sanacija gramoznice
4. Območje gramoznice
5. zapuščene gramoznice",kolokacije,stevilsko_opredeljene_kolokacije,train
720577,thiebaud,Katera je ustrezna oblika za 4. Tožilnik sklon ednine besede thiebaud?,4. Tožilnik (tožilnik) ednine besede **thiebaud** se glasi: **thiebauda**.,sklanjanje,posamezen_sklon,train
7439,razgrabiti,Koliko pomenov ima beseda razgrabiti?,"Beseda **razgrabiti** ima registrirana 1 pomen:
1. Razgrabiti nekaj pomeni hitro kupiti.",pomen,stevilka_pomenov,train
509633,doiti,Kako se sprega glagol doiti?,"Spreganje glagola **doiti**:

### Sedanjik
| Oseba | Ednina | Dvojina | Množina |
|---|---|---|---|
| 1. oseba | doim | doiva | doimo |
| 2. oseba | doiš | doita | doite |
| 3. oseba | doi | doita | doijo |

### Preteklik
| Oseba | Ednina | Dvojina | Množina |
|---|---|---|---|
| 1. oseba | sem doilo / sem doila | sva doila / sva doili | smo doile / smo doila |
| 2. oseba | si doilo / si doila | sta doila / sta doili | ste doile / ste doila |
| 3. oseba | je doilo / je doila | sta doila / sta doili | so doile / so doila |",spreganje,celotno_spreganje,train
502557,afroazijski,Slovnično opredeli besedo afroazijski.,Beseda **afroazijski** je pridevnik.,besedna_vrsta,osnovne_lastnosti,train
660250,bimhuis,Ali je beseda bimhuis samostalnik ali druga besedna vrsta?,Beseda **bimhuis** je samostalnik. Beseda je lastno ime in je moškega spola.,besedna_vrsta,osnovne_lastnosti,train
515307,zvitorepiti,Prikaži spreganje po osebah za glagol zvitorepiti.,"Spreganje glagola **zvitorepiti**:

### Sedanjik
| Oseba | Ednina | Dvojina | Množina |
|---|---|---|---|
| 1. oseba | zvitorepim | zvitorepiva | zvitorepimo |
| 2. oseba | zvitorepiš | zvitorepita | zvitorepite |
| 3. oseba | zvitorepi | zvitorepita | zvitorepijo |

### Preteklik
| Oseba | Ednina | Dvojina | Množina |
|---|---|---|---|
| 1. oseba | sem zvitorepilo / sem zvitorepil | sva zvitorepili / sva zvitorepila | smo zvitorepili / smo zvitorepila |
| 2. oseba | si zvitorepilo / si zvitorepil | sta zvitorepili / sta zvitorepila | ste zvitorepili / ste zvitorepila |
| 3. oseba | je zvitorepilo / je zvitorepil | sta zvitorepili / sta zvitorepila | so zvitorepili / so zvitorepila |",spreganje,celotno_spreganje,train
29758,posvetovalen,Navedi soznačice za besedo posvetovalen.,"Sopomenke besede **posvetovalen** so:
- razpravljalen
- svetovalen
- konzultativen",sopomenke,navedi_sopomenke,train
657442,ačkbalab,Kako poteka sklanjatev besede ačkbalab za množino?,"Sklanjatvene oblike besede **ačkbalab** v množini:

| Sklon | Množina |
|---|---|
| 1. Imenovalnik | ačkbalabi |
| 2. Rodilnik | ačkbalabov |
| 3. Dajalnik | ačkbalabom |
| 4. Tožilnik | ačkbalabe |
| 5. Mestnik | pri ačkbalabih |
| 6. Orodnik | z ačkbalabi |",sklanjanje,sklanjatev_po_stevilu,train
28934,podreden,Katere so sopomenke besede podreden?,"Sopomenke besede **podreden** so:
- hipotaktičen
- odvisen",sopomenke,navedi_sopomenke,train
95327,utilitarnost,Ali je beseda utilitarnost samostalnik ali druga besedna vrsta?,Beseda **utilitarnost** je samostalnik. Beseda je občno ime in je ženskega spola.,besedna_vrsta,osnovne_lastnosti,train
36121,Tominškov,Katero sklanjatveno obliko predstavlja beseda Tominškovima pri lemi Tominškov?,"Oblika **Tominškovima** pri besedi *Tominškov* izraža:
- pregibna oblika",sklanjanje,analiza_oblike,train
34598,špijonski,Navedi kolokativne zveze za lemo špijonski.,"Tipične kolokacije z besedo **špijonski**:
- špijonski kombi
- špijonska afera
- špijonska mreža
- špijonsko letalo
- špijonski romani
- špijonski škandal
- špijonski triler
- špijonske službe
- špijonske zgodbe
- špijonski film",kolokacije,navedi_kolokacije,train
493379,tapanulski,Izpiši stopnjevalni vzorec za besedo tapanulski.,"Stopnjevanje besede **tapanulski**:

| Stopnja | Oblika |
|---|---|
| 1. Osnovnik (Pozitiv) | tapanulskim / tapanulskima / tapanulske / tapanulskih / tapanulskega / tapanulski / tapanulska / tapanulsko / tapanulskimi / tapanulskemu / tapanulskem |
| 2. Primernik (Komparativ) | tapanulski |
| 3. Presežnik (Superlativ) | tapanulski |",stopnjevanje,vse_stopnje,train
594988,cognition,Kateri je imenovalnik ednine za obliko cognitionoma?,Osnovna oblika (lema) besede **cognitionoma** je **cognition** (samostalnik).,sklanjanje,osnovna_oblika_leme,train
10072,zatolči,Prikaži pregled spreganja za glagol zatolči.,"Spreganje glagola **zatolči**:

### Sedanjik
| Oseba | Ednina | Dvojina | Množina |
|---|---|---|---|
| 1. oseba | zatolčem | zatolčeva | zatolčemo |
| 2. oseba | zatolčeš | zatolčeta | zatolčete |
| 3. oseba | zatolče | zatolčeta | zatolčejo |

### Preteklik
| Oseba | Ednina | Dvojina | Množina |
|---|---|---|---|
| 1. oseba | sem zatolkel / sem zatolkla | sva zatolkla / sva zatolkli | smo zatolkli / smo zatolkle |
| 2. oseba | si zatolkel / si zatolkla | sta zatolkla / sta zatolkli | ste zatolkli / ste zatolkle |
| 3. oseba | je zatolkel / je zatolkla | sta zatolkla / sta zatolkli | so zatolkli / so zatolkle |",spreganje,celotno_spreganje,train
2050,klanjati,Izpiši Sedanjik glagola klanjati po osebah.,"Sedanjik glagola **klanjati**:

| Oseba | Ednina | Dvojina | Množina |
|---|---|---|---|
| 1. oseba | klanjam | klanjava | klanjamo |
| 2. oseba | klanjaš | klanjata | klanjate |
| 3. oseba | klanja | klanjata | klanjajo |",spreganje,spreganje_v_casu,train
13076,adventiven,"Izpiši osnovnik, primernik in presežnik za adventiven.","Stopnjevanje besede **adventiven**:

| Stopnja | Oblika |
|---|---|
| 1. Osnovnik (Pozitiv) | adventivni / adventivnega / adventivnemu / adventivnem / adventivnim / adventivna / adventivnih / adventivnima / adventivne / adventivnimi / adventivno / adventiven |
| 2. Primernik (Komparativ) | adventiven |
| 3. Presežnik (Superlativ) | adventiven |",stopnjevanje,vse_stopnje,train
639619,spartakus,Katera beseda v osnovni obliki predstavlja obliko spartakusoma?,Osnovna oblika (lema) besede **spartakusoma** je **spartakus** (samostalnik).,sklanjanje,osnovna_oblika_leme,train
16932,dvoleten,Poišči sopomenke za dvoleten.,"Sopomenke besede **dvoleten** so:
- dveleten",sopomenke,navedi_sopomenke,train
6714,preromati,Kako se po osebah sprega glagol preromati v sedanjiku?,"Sedanjik glagola **preromati**:

| Oseba | Ednina | Dvojina | Množina |
|---|---|---|---|
| 1. oseba | preromam | preromava | preromamo |
| 2. oseba | preromaš | preromata | preromate |
| 3. oseba | preroma | preromata | preromajo |",spreganje,spreganje_v_casu,train
509930,flaširati,Kako se glasi velelnik glagola flaširati?,"Neosebne in posebne oblike glagola **flaširati**:
- Nedoločnik: **flaširati**
- Namenilnik: **flaširat**
",spreganje,neosebne_oblike,train
1139,fosilizirati,Kako se po osebah sprega glagol fosilizirati v sedanjiku?,"Sedanjik glagola **fosilizirati**:

| Oseba | Ednina | Dvojina | Množina |
|---|---|---|---|
| 1. oseba | fosiliziram | fosilizirava | fosiliziramo |
| 2. oseba | fosiliziraš | fosilizirata | fosilizirate |
| 3. oseba | fosilizira | fosilizirata | fosilizirajo |",spreganje,spreganje_v_casu,train
6556,prenesti,"Razloži oblikoslovno vlogo besede prenesti v stavku 'Oseba je morala prenesti težo, ki je bila sprva na nogah, na roke. Nato pa je težo premaknila z ene noge na drugo.'.","V povedi *""Oseba je morala prenesti težo, ki je bila sprva na nogah, na roke. Nato pa je težo premaknila z ene noge na drugo.""* nastopa beseda **prenesti** kot pregibna oblika (MSD: Ggdn) besede *prenesti*.",primeri_uporabe,analiza_oblike_v_povedi,train
8786,učinkovati,Podaj razlago pomena za besedo učinkovati.,"Beseda **učinkovati** ima naslednje pomene:
- Kadar nekaj učinkuje, se začne dogajati.
- Kadar trditev ali dejstvo učinkuje, ju nekdo popolnoma razume in dojame.
- Kadar nekaj učinkuje, nam omogoča, da dosežemo tisto, kar bi radi.",pomen,razlaga_pomena,train
417,beliti,Katere besede imajo podoben pomen kot beliti?,"Sopomenke besede **beliti** so:
- pleskati
- menjati tapete
- polagati tapete
- dodajati maščobo
- lupiti (do belega)",sopomenke,navedi_sopomenke,train
9924,zasanjati,Poišči pogoste kolokacije za besedo zasanjati.,"Tipične kolokacije z besedo **zasanjati**:
- zasanjati se v svet
- včasih se zasanjati
- rad se zasanjati
- malo se zasanjati
- zasanjati se v spomine
- zasanjati se v čase
- zasanjati se za trenutek",kolokacije,navedi_kolokacije,train
65808,križan,S katerimi besedami lahko nadomestimo besedo križan?,"Sopomenke besede **križan** so:
- mešane pasme
- mešane rase
- hibriden
- mešan
- bastarden
- nečistokrven",sopomenke,navedi_sopomenke,train
6719,presanjati,Prikaži nedoločniški in namenilniški obliki glagola presanjati.,"Neosebne in posebne oblike glagola **presanjati**:
- Nedoločnik: **presanjati**
- Namenilnik: **presanjat**
",spreganje,neosebne_oblike,train
572453,szeemann,Katera beseda v osnovni obliki predstavlja obliko szeemannih?,Osnovna oblika (lema) besede **szeemannih** je **szeemann** (samostalnik).,sklanjanje,osnovna_oblika_leme,train
721292,torej,Ali ima beseda torej več pomenov?,"Beseda **torej** ima registrirana 7 pomenov:
1. Z izrazom torej opozorimo, da bomo še enkrat povedali isto vsebino na jasnejši način.
2. Besedo torej lahko uporabimo v pogovoru, ko želimo nekaj preveriti, povzeti ali preiti na naslednji del pogovora ali razprave.
3. Izraz ""torej"" uporabimo, kadar želimo dodati še nekaj podrobnosti o nečem.
4. Izraz torej uporabimo v pogovoru, da svojo izjavo povežemo s pravkar povedanim.
5. Z izrazom torej lahko uvedemo povzetek ali sklep tistega, kar smo povedali, ali pa z njim končamo pogovor.
6. Z izrazom torej uvedemo sklep.
7. Torej rečemo, kadar nameravamo povedati nekaj drugega, zlasti ko omahujemo ali poskušamo omiliti svojo trditev ali pa nameravamo popraviti neko trditev.",pomen,stevilka_pomenov,train
631174,probis,Kako poteka sklanjatev besede probis za množino?,"Sklanjatvene oblike besede **probis** v množini:

| Sklon | Množina |
|---|---|
| 1. Imenovalnik | probisi |
| 2. Rodilnik | probisov |
| 3. Dajalnik | probisom |
| 4. Tožilnik | probise |
| 5. Mestnik | pri probisih |
| 6. Orodnik | s probisi |",sklanjanje,sklanjatev_po_stevilu,train
4080,okrniti,Ali je glagol okrniti dovršni ali nedovršni?,Beseda **okrniti** je dovršni glagol.,besedna_vrsta,vrsta_in_vid_glagola,train
5940,potrepljati,Prikaži oblike za Sedanjik glagola potrepljati.,"Sedanjik glagola **potrepljati**:

| Oseba | Ednina | Dvojina | Množina |
|---|---|---|---|
| 1. oseba | potrepljam | potrepljava | potrepljamo |
| 2. oseba | potrepljaš | potrepljata | potrepljate |
| 3. oseba | potreplja | potrepljata | potrepljajo |",spreganje,spreganje_v_casu,train
505391,najprepoznavnejši,Slovnično opredeli besedo najprepoznavnejši.,Beseda **najprepoznavnejši** je pridevnik.,besedna_vrsta,osnovne_lastnosti,train
631191,procol,"Ali je samostalnik procol moškega, ženskega ali srednjega spola?",Samostalnik **procol** je moškega spola.,besedna_vrsta,spol_samostalnika,train
539819,hlad,Navedi soznačice za besedo hlad.,"Sopomenke besede **hlad** so:
- brezčutnost
- trdosrčnost
- brezizraznost
- svežina
- ohladitev
- hladnost
- ledenost
- neprijaznost
- mrzlota
- mraz
- led",sopomenke,navedi_sopomenke,train
90970,sramežljivost,Navedi različne pomene besede sramežljivost.,"Pomeni besede **sramežljivost** so:
- Sramežljivost je lastnost, da je nekomu nerodno, na primer zaradi golote.",pomen,nastevanje_pomenov,train
699589,mrna,"Sklanjaj besedo mrna v ednini, dvojini in množini.","Sklanjatvena tabela za samostalnik **mrna**:

| Sklon | Ednina | Dvojina | Množina |
|---|---|---|---|
| 1. Imenovalnik | mrna | mrna | mrna |
| 2. Rodilnik | mrna | mrna | mrna |
| 3. Dajalnik | mrna | mrna | / |
| 4. Tožilnik | / | mrna | mrna |
| 5. Mestnik | pri mrna | pri mrna | pri mrna |
| 6. Orodnik | z mrna | z mrna | z mrna |",sklanjanje,celotna_sklanjatev,train
461400,vkopen,V kateri lemi se nahaja oblika vkopnih?,Osnovna oblika (lema) besede **vkopnih** je **vkopen** (pridevnik).,sklanjanje,osnovna_oblika_leme,train
477964,elfriede,"Ali je samostalnik elfriede moškega, ženskega ali srednjega spola?",Samostalnik **elfriede** je moškega spola.,besedna_vrsta,spol_samostalnika,train
612452,jagna,Kako se glasi dajalnik ednine besede jagna?,3. Dajalnik (dajalnik) ednine besede **jagna** se glasi: **jagni**.,sklanjanje,posamezen_sklon,train
539741,hipp,"Sklanjaj besedo hipp v ednini, dvojini in množini.","Sklanjatvena tabela za samostalnik **hipp**:

| Sklon | Ednina | Dvojina | Množina |
|---|---|---|---|
| 1. Imenovalnik | hipp | hippa | hippi |
| 2. Rodilnik | hippa | hippov | hippov |
| 3. Dajalnik | hippu | / | hippom |
| 4. Tožilnik | hippa | hippa | hippe |
| 5. Mestnik | pri hippu | pri hippih | pri hippih |
| 6. Orodnik | s hippom | s hippoma | s hippi |",sklanjanje,celotna_sklanjatev,train
72820,nespoštovanje,Navedi vse sklone besede nespoštovanje.,"Sklanjatvena tabela za samostalnik **nespoštovanje**:

| Sklon | Ednina | Dvojina | Množina |
|---|---|---|---|
| 1. Imenovalnik | nespoštovanje | nespoštovanji | nespoštovanja |
| 2. Rodilnik | nespoštovanja | nespoštovanj | nespoštovanj |
| 3. Dajalnik | nespoštovanju | nespoštovanjema | nespoštovanjem |
| 4. Tožilnik | nespoštovanje | nespoštovanji | nespoštovanja |
| 5. Mestnik | pri nespoštovanju | pri nespoštovanjih | pri nespoštovanjih |
| 6. Orodnik | z nespoštovanjem | z nespoštovanjema | z nespoštovanji |",sklanjanje,celotna_sklanjatev,train
40720,fuč,Kako se stopnjuje beseda fuč?,"Stopnjevanje besede **fuč**:

| Stopnja | Oblika |
|---|---|
| 1. Osnovnik (Pozitiv) | fuč |
| 2. Primernik (Komparativ) | fuč |
| 3. Presežnik (Superlativ) | fuč |",stopnjevanje,vse_stopnje,train
493786,doker,Katere sopomenke obstajajo za izraz doker?,"Sopomenke besede **doker** so:
- pristaniški delavec
- ladjedelniški delavec",sopomenke,navedi_sopomenke,train
20811,karirast,"Slovnično analiziraj besedo karirasto v povedi 'Če želite nastopiti v britanskem slogu, si nadenite karirasto srajco in črtasto kravato ter opravo obvezno zaokrožite še z robčkom.'.","V povedi *""Če želite nastopiti v britanskem slogu, si nadenite karirasto srajco in črtasto kravato ter opravo obvezno zaokrožite še z robčkom.""* nastopa beseda **karirasto** kot pregibna oblika (MSD: Ppnset) besede *karirast*.",primeri_uporabe,analiza_oblike_v_povedi,train
477410,neokonceptualističen,Navedi primernik in presežnik za pridevnik/prislov neokonceptualističen.,"Stopnjevanje besede **neokonceptualističen**:

| Stopnja | Oblika |
|---|---|
| 1. Osnovnik (Pozitiv) | neokonceptualističnega / neokonceptualističnem / neokonceptualističnemu / neokonceptualističnim / neokonceptualistični / neokonceptualističnima / neokonceptualistične / neokonceptualističen / neokonceptualističnih / neokonceptualistična / neokonceptualističnimi / neokonceptualistično |
| 2. Primernik (Komparativ) | neokonceptualističen |
| 3. Presežnik (Superlativ) | neokonceptualističen |",stopnjevanje,vse_stopnje,train
499750,oporočno,Stopnjuj besedo oporočno.,"Stopnjevanje besede **oporočno**:

| Stopnja | Oblika |
|---|---|
| 1. Osnovnik (Pozitiv) | oporočno |
| 2. Primernik (Komparativ) | oporočno |
| 3. Presežnik (Superlativ) | oporočno |",stopnjevanje,vse_stopnje,train
519862,bakelants,Kateri besedni vrsti pripada beseda bakelants?,Beseda **bakelants** je samostalnik. Beseda je lastno ime in je moškega spola.,besedna_vrsta,osnovne_lastnosti,train
89460,slepilo,Preveri število registriranih pomenov besede slepilo.,"Beseda **slepilo** ima registrirana 2 pomene:
1. Slepilo je zgrešena ideja ali prepričanje.
2. Kar je slepilo, ni tisto, kar se zdi na prvi pogled.",pomen,stevilka_pomenov,train
619982,maebashi,Kako glasi celotna sklanjatev besede maebashi?,"Sklanjatvena tabela za samostalnik **maebashi**:

| Sklon | Ednina | Dvojina | Množina |
|---|---|---|---|
| 1. Imenovalnik | maebashi | maebashija | maebashiji |
| 2. Rodilnik | maebashija | maebashijev | maebashijev |
| 3. Dajalnik | maebashiju | maebashijema | maebashijem |
| 4. Tožilnik | maebashija | maebashija | maebashije |
| 5. Mestnik | pri maebashiju | pri maebashijih | pri maebashijih |
| 6. Orodnik | z maebashijem | z maebashijema | z maebashiji |",sklanjanje,celotna_sklanjatev,train
68896,medicina,"V katerem sklonu/obliki je beseda medicino v povedi 'Na vprašanje, kam se bo vpisala, odgovori, da na medicino.'?","V povedi *""Na vprašanje, kam se bo vpisala, odgovori, da na medicino.""* nastopa beseda **medicino** kot pregibna oblika (MSD: Sozeo) besede *medicina*.",primeri_uporabe,analiza_oblike_v_povedi,train
8622,svitati,Kako se glasijo neosebne oblike pri glagolu svitati?,"Neosebne in posebne oblike glagola **svitati**:
- Nedoločnik: **svitati**
- Namenilnik: **svitat**
",spreganje,neosebne_oblike,train
96142,vibrator,Navedi tipične kolokacije z besedo vibrator.,"Tipične kolokacije z besedo **vibrator**:
- uporabljati vibrator
- uporaba vibratorja
- imeti vibrator
- vibrator za beton
- iti za vibrator
- prsti ali vibratorji
- vibratorji in pripomočki
- vibratorji in dildo
- kupiti si vibrator
- majhen vibrator",kolokacije,navedi_kolokacije,train
98868,zaznavanje,Navedi vse pomene besede zaznavanje.,"Pomeni besede **zaznavanje** so:
- Zaznavanje je prepoznavanje stvari s čuti, zlasti vidom.",pomen,nastevanje_pomenov,train
50044,božič,Kako v praksi uporabimo besedo božič?,"Primeri uporabe besede **božič** v povedih:
- *Pred vsakim božičem nas televizija zasuje s prazničnimi družinskimi filmi.*
- *Jaslice so med najbolj priljubljenimi značilnostmi božiča.*
- *Povedala sem mu, da grem za božič v Izrael.*",primeri_uporabe,povedi_z_besedo,test
9173,vgnezditi,Ali je glagol vgnezditi dovršni ali nedovršni?,Beseda **vgnezditi** je dovršni glagol.,besedna_vrsta,vrsta_in_vid_glagola,test
458478,benzilen,Navedi primernik in presežnik za pridevnik/prislov benzilen.,"Stopnjevanje besede **benzilen**:

| Stopnja | Oblika |
|---|---|
| 1. Osnovnik (Pozitiv) | benzilnih / benzilne / benzilni / benzilnimi / benzilen / benzilno / benzilnima / benzilna / benzilnega / benzilnemu / benzilnim / benzilnem |
| 2. Primernik (Komparativ) | benzilen |
| 3. Presežnik (Superlativ) | benzilen |",stopnjevanje,vse_stopnje,test
7294,propasti,Prikaži nedoločniški in namenilniški obliki glagola propasti.,"Neosebne in posebne oblike glagola **propasti**:
- Nedoločnik: **propasti**
- Namenilnik: **propast**
",spreganje,neosebne_oblike,test
652027,čadržan,Kateri spol ima beseda čadržan?,Samostalnik **čadržan** je moškega spola.,besedna_vrsta,spol_samostalnika,test
513837,staniti,Kako se glasi velelnik glagola staniti?,"Neosebne in posebne oblike glagola **staniti**:
- Nedoločnik: **staniti**
- Namenilnik: **stanit**
",spreganje,neosebne_oblike,test
535243,gabbard,Iz katere osnovne oblike izvira oblika gabbardov?,Osnovna oblika (lema) besede **gabbardov** je **gabbard** (samostalnik).,sklanjanje,osnovna_oblika_leme,test
7052,prilegati,Navedi spreganje glagola prilegati v sedanjiku.,"Sedanjik glagola **prilegati**:

| Oseba | Ednina | Dvojina | Množina |
|---|---|---|---|
| 1. oseba | prilegam | prilegava | prilegamo |
| 2. oseba | prilegaš | prilegata | prilegate |
| 3. oseba | prilega | prilegata | prilegajo |",spreganje,spreganje_v_casu,test
17733,financiran,Poišči 10 tipičnih besednih zvez za besedo financiran.,"Izpis 10 kolokacij za besedo **financiran**:
1. financiran iz sredstev
2. financiran iz proračuna
3. financiran s sredstvi
4. Projekt je financiran
5. financiran z denarjem
6. financiran s strani
7. financiran projekt
8. javno financiran
9. programi so financirani
10. financirana vrednost",kolokacije,stevilsko_opredeljene_kolokacije,test
466442,fotoreceptorski,Prikaži vse tri stopnje besede fotoreceptorski.,"Stopnjevanje besede **fotoreceptorski**:

| Stopnja | Oblika |
|---|---|
| 1. Osnovnik (Pozitiv) | fotoreceptorskega / fotoreceptorskima / fotoreceptorskimi / fotoreceptorskem / fotoreceptorski / fotoreceptorske / fotoreceptorskemu / fotoreceptorska / fotoreceptorskih / fotoreceptorskim / fotoreceptorsko |
| 2. Primernik (Komparativ) | fotoreceptorski |
| 3. Presežnik (Superlativ) | fotoreceptorski |",stopnjevanje,vse_stopnje,test
502002,volgo,Kako poteka stopnjevanje besede volgo?,"Stopnjevanje besede **volgo**:

| Stopnja | Oblika |
|---|---|
| 1. Osnovnik (Pozitiv) | volgo |
| 2. Primernik (Komparativ) | volgo |
| 3. Presežnik (Superlativ) | volgo |",stopnjevanje,vse_stopnje,test
99511,živalca,Katere sopomenke obstajajo za izraz živalca?,"Sopomenke besede **živalca** so:
- zverinica",sopomenke,navedi_sopomenke,test
22754,limonov,Katere pomene ima beseda limonov?,"Pomeni besede **limonov** so:
- raba snovi",pomen,nastevanje_pomenov,test
91491,steza,Preveri večpomenskost besede steza.,"Beseda **steza** ima registrirana 4 pomene:
1. Steza je pot, po kateri lahko hodijo ljudje, posebej na podeželju.
2. Steza je ozka cesta ali pot.
3. Steza je zemljišče, po katerem na tekmovanjih tečejo ali vozijo konji, avtomobili ali športniki.
4. Steza je ne posebej vzdrževana pot prek odprte pokrajine ali skozi gozd.",pomen,stevilka_pomenov,test
14798,brezniški,Sestavi tabelo stopnjevanja za besedo brezniški.,"Stopnjevanje besede **brezniški**:

| Stopnja | Oblika |
|---|---|
| 1. Osnovnik (Pozitiv) | brezniškemu / brezniški / brezniškega / brezniškem / brezniškim / brezniška / brezniških / brezniškima / brezniške / brezniškimi / brezniško |
| 2. Primernik (Komparativ) | brezniški |
| 3. Presežnik (Superlativ) | brezniški |",stopnjevanje,vse_stopnje,test
61927,javnost,"V kateri obliki nastopa beseda Javnost v povedi: 'Javnost se je nad takim početjem zgražala, saj je bilo to dejanje v nasprotju z moralnimi in etičnimi normami ter je vzbudilo občutek nezaupanja in razočaranja med ljud'?","V povedi *""Javnost se je nad takim početjem zgražala, saj je bilo to dejanje v nasprotju z moralnimi in etičnimi normami ter je vzbudilo občutek nezaupanja in razočaranja med ljud""* nastopa beseda **Javnost** kot pregibna oblika (MSD: Sozei) besede *javnost*.",primeri_uporabe,analiza_oblike_v_povedi,train
512518,prisijati,Ali spada glagol prisijati med dovršne ali nedovršne glagole?,Beseda **prisijati** je dovršni glagol.,besedna_vrsta,vrsta_in_vid_glagola,train
7625,razprostreti,Ali spada glagol razprostreti med dovršne ali nedovršne glagole?,Beseda **razprostreti** je dovršni glagol.,besedna_vrsta,vrsta_in_vid_glagola,train
29827,potrošniški,S katerimi besedami se najpogosteje povezuje beseda potrošniški?,"Tipične kolokacije z besedo **potrošniški**:
- potrošniške organizacije
- potrošniška družba
- potrošniški krediti
- potrošniška posojila
- potrošniški spori
- potrošniško zaupanje
- potrošniške navade
- potrošniška poraba
- potrošniška kultura
- potrošniška mrzlica",kolokacije,navedi_kolokacije,train
4682,pikati,Kako se glasi Sedanjik glagola pikati?,"Sedanjik glagola **pikati**:

| Oseba | Ednina | Dvojina | Množina |
|---|---|---|---|
| 1. oseba | pikam | pikava | pikamo |
| 2. oseba | pikaš | pikata | pikate |
| 3. oseba | pika | pikata | pikajo |",spreganje,spreganje_v_casu,train
1075,emajlirati,Izpiši primere iz korpusa za besedo emajlirati.,"Primeri uporabe besede **emajlirati** v povedih:
- *Predmet, ki se emajlira, se prekrije z emajlnim prahom in segreje, da se emajl stali.*
- *Nekatere posode emajlirajo tudi ročno – tako jih delavci potopijo v emajl in jih prav tako pošljejo na sušenje in v peč.*",primeri_uporabe,povedi_z_besedo,train
6955,pričeti,"Katero slovnično obliko izraža beseda Pričelo v stavku: 'Pričelo jo je skrbeti, ker se njena družina ni vrnila domov že predolgo časa.'?","V povedi *""Pričelo jo je skrbeti, ker se njena družina ni vrnila domov že predolgo časa.""* nastopa beseda **Pričelo** kot pregibna oblika (MSD: Ggdd-es) besede *pričeti*.",primeri_uporabe,analiza_oblike_v_povedi,train
6462,prelisičiti,Določi glagolski vid za besedo prelisičiti.,Beseda **prelisičiti** je dovršni glagol.,besedna_vrsta,vrsta_in_vid_glagola,train
480149,pastiš,S katerimi besedami lahko nadomestimo besedo pastiš?,"Sopomenke besede **pastiš** so:
- mešanica
- imitacija
- posnetek",sopomenke,navedi_sopomenke,train
14175,Bergerjev,Prikaži številčni seznam 12 kolokacij besede Bergerjev.,"Izpis 12 kolokacij za besedo **Bergerjev**:
1. Bergerjev sistem
2. Bergerjeve besede
3. Bergerjev prevod
4. Bergerjeva predstava
5. Bergerjevo mnenje
6. Bergerjeva uprizoritev
7. Bergerjeva režija
8. Bergerjeva tabela
9. Bergerjeva postavitev
10. BERGERJEVA AKCIJA
11. Bergerjevo delo
12. Bergerjev projekt",kolokacije,stevilsko_opredeljene_kolokacije,train
87565,šarmantnost,Prikaži celotno sklanjatev za besedo šarmantnost.,"Sklanjatvena tabela za samostalnik **šarmantnost**:

| Sklon | Ednina | Dvojina | Množina |
|---|---|---|---|
| 1. Imenovalnik | / | šarmantnosti | šarmantnosti |
| 2. Rodilnik | šarmantnosti | šarmantnosti | šarmantnosti |
| 3. Dajalnik | šarmantnosti | šarmantnostma | šarmantnostim |
| 4. Tožilnik | šarmantnost | šarmantnosti | šarmantnosti |
| 5. Mestnik | pri šarmantnosti | pri šarmantnostih | pri šarmantnostih |
| 6. Orodnik | s šarmantnostjo | s šarmantnostma | s šarmantnostmi |",sklanjanje,celotna_sklanjatev,train
63924,klorit,Izpiši soznačilne besede za klorit.,"Sopomenke besede **klorit** so:
- klorat
- kloratIII
- sol klorove kisline
- sol kloroveIII kisline",sopomenke,navedi_sopomenke,train
50808,bunker,Naštej pomene besede bunker.,"Pomeni besede **bunker** so:
- Bunker je prostor s čvrstimi zidovi, navadno pod zemljo, zgrajen za varovanje pred močnim obstreljevanjem ali bombardiranjem.",pomen,nastevanje_pomenov,train
530953,dolfka,Izpiši vse sklanjatvene oblike besede dolfka v ednini.,"Sklanjatvene oblike besede **dolfka** v ednini:

| Sklon | Ednina |
|---|---|
| 1. Imenovalnik | dolfka |
| 2. Rodilnik | dolfke |
| 3. Dajalnik | dolfki |
| 4. Tožilnik | dolfko |
| 5. Mestnik | pri dolfki |
| 6. Orodnik | z dolfko |",sklanjanje,sklanjatev_po_stevilu,train
447882,deificirati,Navedi vse osebe in čase za glagol deificirati.,"Spreganje glagola **deificirati**:

### Sedanjik
| Oseba | Ednina | Dvojina | Množina |
|---|---|---|---|
| 1. oseba | deificiram | deificirava | deificiramo |
| 2. oseba | deificiraš | deificirata | deificirate |
| 3. oseba | deificira | deificirata | deificirajo |

### Preteklik
| Oseba | Ednina | Dvojina | Množina |
|---|---|---|---|
| 1. oseba | sem deificiral / sem deificiralo | sva deificirali / sva deificirala | smo deificirale / smo deificirala |
| 2. oseba | si deificiral / si deificiralo | sta deificirali / sta deificirala | ste deificirale / ste deificirala |
| 3. oseba | je deificiral / je deificiralo | sta deificirali / sta deificirala | so deificirale / so deificirala |",spreganje,celotno_spreganje,train
533250,falucho,Izpiši vse sklone in števila za besedo falucho.,"Sklanjatvena tabela za samostalnik **falucho**:

| Sklon | Ednina | Dvojina | Množina |
|---|---|---|---|
| 1. Imenovalnik | falucho | / | faluchi |
| 2. Rodilnik | falucha | faluchov | faluchov |
| 3. Dajalnik | faluchu | faluchoma | faluchom |
| 4. Tožilnik | falucha | falucha | faluche |
| 5. Mestnik | pri faluchu | pri faluchih | pri faluchih |
| 6. Orodnik | s faluchom | s faluchoma | s faluchi |",sklanjanje,celotna_sklanjatev,train
619,cestniniti,Spregaj glagol cestniniti.,"Spreganje glagola **cestniniti**:

### Sedanjik
| Oseba | Ednina | Dvojina | Množina |
|---|---|---|---|
| 1. oseba | cestninim | cestniniva | cestninimo |
| 2. oseba | cestniniš | cestninita | cestninite |
| 3. oseba | cestnini | cestninita | cestninijo |

### Preteklik
| Oseba | Ednina | Dvojina | Množina |
|---|---|---|---|
| 1. oseba | sem cestninil / sem cestninila | sva cestninila / sva cestninili | smo cestninili / smo cestninile |
| 2. oseba | si cestninil / si cestninila | sta cestninila / sta cestninili | ste cestninili / ste cestninile |
| 3. oseba | je cestninil / je cestninila | sta cestninila / sta cestninili | so cestninili / so cestninile |",spreganje,celotno_spreganje,train
707166,proodeftiki,Kako slovnično opredelimo besedo proodeftiki?,Beseda **proodeftiki** je samostalnik. Beseda je lastno ime in je moškega spola.,besedna_vrsta,osnovne_lastnosti,train
70582,mrtvašnica,Navedi definicijo besede mrtvašnica.,"Beseda **mrtvašnica** ima naslednje pomene:
- Mrtvašnica je stavba, v kateri ležijo trupla, preden jih upepelijo ali pokopljejo.
- Mrtvašnica je prostor v bolnišnici, kjer ležijo trupla, preden jih pokopljejo ali upepelijo.",pomen,razlaga_pomena,train
658883,baretič,Navedi imenovalniško obliko besede baretičih.,Osnovna oblika (lema) besede **baretičih** je **baretič** (samostalnik).,sklanjanje,osnovna_oblika_leme,train
4268,opotekati,Kateri vid izraža glagol opotekati?,Beseda **opotekati** je nedovršni glagol.,besedna_vrsta,vrsta_in_vid_glagola,train
450858,izlakotiti,Navedi spreganje glagola izlakotiti v sedanjiku.,"Sedanjik glagola **izlakotiti**:

| Oseba | Ednina | Dvojina | Množina |
|---|---|---|---|
| 1. oseba | izlakotim | izlakotiva | izlakotimo |
| 2. oseba | izlakotiš | izlakotita | izlakotite |
| 3. oseba | izlakoti | izlakotita | izlakotijo |",spreganje,spreganje_v_casu,train
60879,izbira,Preveri število registriranih pomenov besede izbira.,"Beseda **izbira** ima registrirana 6 pomenov:
1. odločanje, odločitev za kaj, navadno za najboljše, najprimernejše, v večji količini, množini stvari iste vrste
2. količina, kakovost stvari iste vrste, v kateri se je mogoče odločiti
3. Izbira je nekaj, kar obstaja ali kar lahko storimo namesto nečesa drugega.
4. Izbira je skupina podobnih predmetov različne velikosti, barve ali kakovosti.
5. Če je izbira, obstaja več stvari, med katerimi lahko izbirate.
6. Izbira pomeni imeti možnost, da izbiramo, ali bomo nekaj naredili ali ne.",pomen,stevilka_pomenov,train
67501,lobi,Navedi sinonime za besedo lobi.,"Sopomenke besede **lobi** so:
- lobistična organizacija
- lobistična skupina
- interesna skupina",sopomenke,navedi_sopomenke,train
83446,pripomoček,Ali ima beseda pripomoček več pomenov?,"Beseda **pripomoček** ima registrirana 2 pomene:
1. Pripomoček je nekaj, kar nam olajša delo.
2. Pripomoček je koristna lastnost nečesa.",pomen,stevilka_pomenov,train
562886,priority,Kaj pomeni oblika priorityjih pri besedi priority?,"Oblika **priorityjih** pri besedi *priority* izraža:
- 5. Mestnik (dvojine)",sklanjanje,analiza_oblike,train
2631,nacukati,Sestavi spreganje glagola nacukati po časih in osebah.,"Spreganje glagola **nacukati**:

### Sedanjik
| Oseba | Ednina | Dvojina | Množina |
|---|---|---|---|
| 1. oseba | nacukam | nacukava | nacukamo |
| 2. oseba | nacukaš | nacukata | nacukate |
| 3. oseba | nacuka | nacukata | nacukajo |

### Preteklik
| Oseba | Ednina | Dvojina | Množina |
|---|---|---|---|
| 1. oseba | sem nacukal / sem nacukala | sva nacukala / sva nacukali | smo nacukali / smo nacukale |
| 2. oseba | si nacukal / si nacukala | sta nacukala / sta nacukali | ste nacukali / ste nacukale |
| 3. oseba | je nacukal / je nacukala | sta nacukala / sta nacukali | so nacukali / so nacukale |",spreganje,celotno_spreganje,train
509699,drapati,Prikaži pregled spreganja za glagol drapati.,"Spreganje glagola **drapati**:

### Sedanjik
| Oseba | Ednina | Dvojina | Množina |
|---|---|---|---|
| 1. oseba | drapam | drapava | drapamo |
| 2. oseba | drapaš | drapata | drapate |
| 3. oseba | drapa | drapata | drapajo |

### Preteklik
| Oseba | Ednina | Dvojina | Množina |
|---|---|---|---|
| 1. oseba | sem drapala / sem drapal | sva drapali / sva drapala | smo drapali / smo drapala |
| 2. oseba | si drapala / si drapal | sta drapali / sta drapala | ste drapali / ste drapala |
| 3. oseba | je drapala / je drapal | sta drapali / sta drapala | so drapali / so drapala |",spreganje,celotno_spreganje,train
84025,protinapad,Ali ima beseda protinapad več pomenov?,"Beseda **protinapad** ima registrirana 1 pomen:
1. Protinapad je napad na osebo ali skupino, ki nas je že napadla.",pomen,stevilka_pomenov,train
504661,kandutijev,Prikaži stopnjevanje pridevnika kandutijev.,"Stopnjevanje besede **kandutijev**:

| Stopnja | Oblika |
|---|---|
| 1. Osnovnik (Pozitiv) | kandutijevih / kandutijeva / kandutijevemu / kandutijeve / kandutijev / kandutijevima / kandutijevem / kandutijevi / kandutijevim / kandutijevimi / kandutijevega / kandutijevo |
| 2. Primernik (Komparativ) | kandutijev |
| 3. Presežnik (Superlativ) | kandutijev |",stopnjevanje,vse_stopnje,train
452822,metrološki,Poišči sopomenke za metrološki.,"Sopomenke besede **metrološki** so:
- merosloven",sopomenke,navedi_sopomenke,train
22910,lokalen,Zapiši primere stavkov z besedo lokalen.,"Primeri uporabe besede **lokalen** v povedih:
- *Avtor je spretno vpletel lokalno barvo v roman, s podrobnim opisom krajev, navad in jezika, kar je pripomoglo k ustvarjanju avtentične in pristne izkušnje za br*
- *Lokalni promet vključuje vsa vozila in pešce, ki se gibljejo znotraj določenega območja, kot so ulice, ceste in pločniki. Ta oblika prometa je pogosta v mest*
- *Lokalna vojna je konflikt, ki se odvija znotraj določenega območja ali države, običajno med različnimi etničnimi, verskimi ali političnimi skupinami.*
- *Avtor je spretno vpletel lokalne podrobnosti in značilnosti v roman, kar je dalo delu pristno lokalno barvo.*
- *Avtor je spretno vpletel lokalno barvo v svoj roman, ki se je odvijal v majhnem mestecu ob obali, tako da je opisoval značilne kraje, like in dogodke, ki so bili znač*",primeri_uporabe,povedi_z_besedo,train
642530,subkulturnik,Prikaži celotno sklanjatev za besedo subkulturnik.,"Sklanjatvena tabela za samostalnik **subkulturnik**:

| Sklon | Ednina | Dvojina | Množina |
|---|---|---|---|
| 1. Imenovalnik | subkulturnik | subkulturnika | subkulturniki |
| 2. Rodilnik | subkulturnika | subkulturnikov | subkulturnikov |
| 3. Dajalnik | subkulturniku | subkulturnikoma | subkulturnikom |
| 4. Tožilnik | subkulturnik | subkulturnika | subkulturnike |
| 5. Mestnik | pri subkulturniku | pri subkulturnikih | pri subkulturnikih |
| 6. Orodnik | s subkulturnikom | s subkulturnikoma | s subkulturniki |",sklanjanje,celotna_sklanjatev,train
63336,kečap,"V kateri obliki nastopa beseda kečapa v povedi: 'V skledi umešamo liter jogurta, 4 žlice zelišč (peteršilj, pehtran in zelenje kopra), žlico kečapa, 4 žlice hladne mesne juhe, 2 stisnjena stroka česna in ščepec sladkorja.'?","V povedi *""V skledi umešamo liter jogurta, 4 žlice zelišč (peteršilj, pehtran in zelenje kopra), žlico kečapa, 4 žlice hladne mesne juhe, 2 stisnjena stroka česna in ščepec sladkorja.""* nastopa beseda **kečapa** kot pregibna oblika (MSD: Somdi) besede *kečap*.",primeri_uporabe,analiza_oblike_v_povedi,train
95557,vandalizem,Kateri so pomeni besede vandalizem?,"Pomeni besede **vandalizem** so:
- vsako namerno dejanje, ki povzroči skrunjenje in/ali uničenje strukture oz. simbola
- Vandalizem je namerno uničevanje stvari, zlasti javne lastnine.",pomen,nastevanje_pomenov,train
581061,zgonec,"Razloži, v katerem sklonu in številu je oblika zgoncu besede zgonec.","Oblika **zgoncu** pri besedi *zgonec* izraža:
- 5. Mestnik (ednine)",sklanjanje,analiza_oblike,train
654737,afzali,Kakšnega spola je samostalnik afzali?,Samostalnik **afzali** je moškega spola.,besedna_vrsta,spol_samostalnika,train
545590,kleinlercher,Navedi imenovalniško obliko besede kleinlercherja.,Osnovna oblika (lema) besede **kleinlercherja** je **kleinlercher** (samostalnik).,sklanjanje,osnovna_oblika_leme,train
44697,rigorozno,S katerimi besedami se najpogosteje povezuje beseda rigorozno?,"Tipične kolokacije z besedo **rigorozno**:
- bolj rigorozno
- tako rigorozno
- zelo rigorozno
- rigorozno ukrepati
- najbolj rigorozno
- rigorozno izvajati
- dovolj rigorozno
- rigorozno poseči
- preveč rigorozno
- manj rigorozno",kolokacije,navedi_kolokacije,train
4221,opijaniti,Kateri vid izraža glagol opijaniti?,Beseda **opijaniti** je dovršni glagol.,besedna_vrsta,vrsta_in_vid_glagola,train
446292,poarabiti,Ali spada glagol poarabiti med dovršne ali nedovršne glagole?,Beseda **poarabiti** je dovršni glagol.,besedna_vrsta,vrsta_in_vid_glagola,train
640437,straver,Kako se beseda straver sklanja v množini?,"Sklanjatvene oblike besede **straver** v množini:

| Sklon | Množina |
|---|---|
| 1. Imenovalnik | straverji |
| 2. Rodilnik | straverjev |
| 3. Dajalnik | straverjem |
| 4. Tožilnik | straverje |
| 5. Mestnik | pri straverjih |
| 6. Orodnik | s straverji |",sklanjanje,sklanjatev_po_stevilu,train
3884,odtemniti,Kakšne vrste in vida je glagol odtemniti?,Beseda **odtemniti** je dovršni glagol.,besedna_vrsta,vrsta_in_vid_glagola,train
81890,predmestje,Kakšen je pomen besede predmestje?,"Beseda **predmestje** ima naslednje pomene:
- Predmestje je del mesta, ki se nahaja na obrobju in je oddaljen od centralnega mestnega jedra.
- Izraz predmestje se uporablja za vsa predmestna območja nekega mesta, kadar jih obravnavamo kot celoto.",pomen,razlaga_pomena,train
57576,glazura,Navedi definicijo besede glazura.,"Beseda **glazura** ima naslednje pomene:
- Glazura je tanka plast bleščeče trde snovi na kosu lončenine.
- Glazura na predmetu je trda, prozorna in svetleča se prevleka, ki jo predmet dobi, ko ga premažemo z lakom.",pomen,razlaga_pomena,train
60579,interesent,Katere besedne zveze so pogoste z besedo interesent?,"Tipične kolokacije z besedo **interesent**:
- interesent za nakup
- resen interesent
- več interesentov
- biti med interesenti
- morebitni interesenti
- potencialni interesent
- interesenti se prijavijo
- nekaj interesentov
- interesenti oddajo
- edini interesent",kolokacije,navedi_kolokacije,train
20264,jazzovski,Katera beseda v osnovni obliki predstavlja obliko jazzovskima?,Osnovna oblika (lema) besede **jazzovskima** je **jazzovski** (pridevnik).,sklanjanje,osnovna_oblika_leme,train
60212,imetnik,Koliko pomenov ima beseda imetnik?,"Beseda **imetnik** ima registrirana 1 pomen:
1. Imetnik je oseba, ki nekaj ima, nadzoruje ali ima v lasti.",pomen,stevilka_pomenov,train
522342,bojnec,Kako se glasi imenovalnik dvojine besede bojnec?,1. Imenovalnik (imenovalnik) dvojine besede **bojnec** se glasi: **bojnca**.,sklanjanje,posamezen_sklon,train
714697,silvrett,Kakšnega spola je samostalnik silvrett?,Samostalnik **silvrett** je moškega spola.,besedna_vrsta,spol_samostalnika,train
9169,veti,Navedi primerne kolokacije za samostalnik/besedo veti.,"Tipične kolokacije z besedo **veti**:
- veter veje
- duh veje
- optimizem veje
- vonj veje
- veti iz besed
- veti iz pisma
- veti iz del
- hlad veje
- energija veje
- vedno veti",kolokacije,navedi_kolokacije,train
45800,utripajoče,Sestavi tabelo stopnjevanja za besedo utripajoče.,"Stopnjevanje besede **utripajoče**:

| Stopnja | Oblika |
|---|---|
| 1. Osnovnik (Pozitiv) | utripajoče |
| 2. Primernik (Komparativ) | utripajoče |
| 3. Presežnik (Superlativ) | utripajoče |",stopnjevanje,vse_stopnje,train
36175,toren,Stopnjuj besedo toren.,"Stopnjevanje besede **toren**:

| Stopnja | Oblika |
|---|---|
| 1. Osnovnik (Pozitiv) | tornega / tornemu / torno / tornem / tornim / torni / tornih / tornima / torna / tornimi / toren / torne |
| 2. Primernik (Komparativ) | toren |
| 3. Presežnik (Superlativ) | toren |",stopnjevanje,vse_stopnje,train
26249,nezgrešljiv,Prikaži stopnjevanje pridevnika nezgrešljiv.,"Stopnjevanje besede **nezgrešljiv**:

| Stopnja | Oblika |
|---|---|
| 1. Osnovnik (Pozitiv) | nezgrešljivim / nezgrešljiva / nezgrešljivih / nezgrešljivimi / nezgrešljiv / nezgrešljivi / nezgrešljivega / nezgrešljivemu / nezgrešljivem / nezgrešljivima / nezgrešljive / nezgrešljivo |
| 2. Primernik (Komparativ) | nezgrešljiv |
| 3. Presežnik (Superlativ) | nezgrešljiv |",stopnjevanje,vse_stopnje,train
510394,imaginirati,Kako se glasijo neosebne oblike pri glagolu imaginirati?,"Neosebne in posebne oblike glagola **imaginirati**:
- Nedoločnik: **imaginirati**
- Namenilnik: **imaginirat**
",spreganje,neosebne_oblike,train
529552,djurdjevič,Katero obliko ima tožilnik ednine samostalnika djurdjevič?,4. Tožilnik (tožilnik) ednine besede **djurdjevič** se glasi: **djurdjeviča / djurdjeviča**.,sklanjanje,posamezen_sklon,train
464430,sodoben,Kako v praksi uporabimo besedo sodoben?,"Primeri uporabe besede **sodoben** v povedih:
- *Ukvarjati se s sodobnimi problemi pomeni aktivno raziskovati in analizirati aktualne izzive, ki jih družba in svet trenutno soočajo. To vključuje preučevanje podnebn*
- *France Prešeren je bil dobro seznanjen tako s sodobnimi kot starejšimi avtorji.*
- *Proučevati sodobni jezik vključuje študij in analizo jezikovnih značilnosti, uporabe ter razvoja jezika v sodobnem času.*
- *Proučevati sodobni jezik pomeni raziskovati in analizirati različne vidike jezika, ki se uporabljajo v današnjem času. To vključuje preučevanje besedišča*
- *Predavati sodobno literaturo pomeni učencem ali študentom posredovati znanje in razumevanje o literarnih delih, ki so bila napisana v nedavnem času.*",primeri_uporabe,povedi_z_besedo,train
698837,matjana,Izpiši 4. Tožilnik sklon množine besede matjana.,4. Tožilnik (tožilnik) množine besede **matjana** se glasi: **matjane**.,sklanjanje,posamezen_sklon,train
50059,božjepotnik,Kako glasi celotna sklanjatev besede božjepotnik?,"Sklanjatvena tabela za samostalnik **božjepotnik**:

| Sklon | Ednina | Dvojina | Množina |
|---|---|---|---|
| 1. Imenovalnik | božjepotnik | božjepotnika | božjepotniki |
| 2. Rodilnik | božjepotnika | božjepotnikov | božjepotnikov |
| 3. Dajalnik | božjepotniku | božjepotnikoma | božjepotnikom |
| 4. Tožilnik | božjepotnika | božjepotnika | božjepotnike |
| 5. Mestnik | pri božjepotniku | pri božjepotnikih | pri božjepotnikih |
| 6. Orodnik | z božjepotnikom | z božjepotnikoma | z božjepotniki |",sklanjanje,celotna_sklanjatev,train
449475,fiziognomik,Navedi lemo za besedno obliko fiziognomikov.,Osnovna oblika (lema) besede **fiziognomikov** je **fiziognomik** (samostalnik).,sklanjanje,osnovna_oblika_leme,train
9785,zanimati,Prikaži celotno spreganje glagola zanimati.,"Spreganje glagola **zanimati**:

### Sedanjik
| Oseba | Ednina | Dvojina | Množina |
|---|---|---|---|
| 1. oseba | zanimam | zanimava | zanimamo |
| 2. oseba | zanimaš | zanimata | zanimate |
| 3. oseba | zanima | zanimata | zanimajo |

### Preteklik
| Oseba | Ednina | Dvojina | Množina |
|---|---|---|---|
| 1. oseba | sem zanimal / sem zanimala | sva zanimala / sva zanimali | smo zanimali / smo zanimale |
| 2. oseba | si zanimal / si zanimala | sta zanimala / sta zanimali | ste zanimali / ste zanimale |
| 3. oseba | je zanimal / je zanimala | sta zanimala / sta zanimali | so zanimali / so zanimale |",spreganje,celotno_spreganje,train
56591,fluor,Kakšna je slovnična oblika besede fluorom v povedi: 'Uporabljamo tudi moderne zobne paste s fluorom.'?,"V povedi *""Uporabljamo tudi moderne zobne paste s fluorom.""* nastopa beseda **fluorom** kot pregibna oblika (MSD: Someo) besede *fluor*.",primeri_uporabe,analiza_oblike_v_povedi,train
715522,smoothtouch,Kako slovnično opredelimo besedo smoothtouch?,Beseda **smoothtouch** je samostalnik. Beseda je lastno ime in je moškega spola.,besedna_vrsta,osnovne_lastnosti,train
514584,vinčkati,Navedi vse osebe in čase za glagol vinčkati.,"Spreganje glagola **vinčkati**:

### Sedanjik
| Oseba | Ednina | Dvojina | Množina |
|---|---|---|---|
| 1. oseba | vinčkam | vinčkava | vinčkamo |
| 2. oseba | vinčkaš | vinčkata | vinčkate |
| 3. oseba | vinčka | vinčkata | vinčkajo |

### Preteklik
| Oseba | Ednina | Dvojina | Množina |
|---|---|---|---|
| 1. oseba | sem vinčkal / sem vinčkalo | sva vinčkali / sva vinčkala | smo vinčkala / smo vinčkale |
| 2. oseba | si vinčkal / si vinčkalo | sta vinčkali / sta vinčkala | ste vinčkala / ste vinčkale |
| 3. oseba | je vinčkal / je vinčkalo | sta vinčkali / sta vinčkala | so vinčkala / so vinčkale |",spreganje,celotno_spreganje,train
19553,insolventen,Kako se beseda insolventen pojavlja v besedilnem kontekstu?,"Primeri uporabe besede **insolventen** v povedih:
- *Stečaj so prvi predlagali delavci podjetja, prepričani, da je podjetje insolventno in da je stečaj zanj edina prava rešitev.*",primeri_uporabe,povedi_z_besedo,train
30035,pravoveren,Kakšen je pomen besede pravoveren?,"Beseda **pravoveren** ima naslednje pomene:
- Ljudje, ki so pravoverni, verjamejo v starejša in bolj tradicionalna stališča svoje vere ali politične stranke.",pomen,razlaga_pomena,train
59702,hrabrost,Kako se beseda hrabrost uporablja v stavkih?,"Primeri uporabe besede **hrabrost** v povedih:
- *Za življenje je potrebna hrabrost in najbolje je pozabiti slabo in hudo.*
- *Edino, kar človek potrebuje za pisanje, je hrabrost.*
- *Na začetku drugega polčasa so več življenja in več hrabrosti pokazali gostje, vendar brez pravega zaključka.*
- *Občudujem hrabrost, da si se odločil zmočiti do kože v takem relativno hladnem vremenu.*
- *S hako so navzven pokazali osebna čustva, moč, jezo, veselje, odločnost, hrabrost.*",primeri_uporabe,povedi_z_besedo,train
25760,nepredstavljiv,Kateri so pomeni besede nepredstavljiv?,"Pomeni besede **nepredstavljiv** so:
- Kar je nepredstavljivo, si težko predstavljamo ali pravilno razumemo, ker je drugačno od stvari, ki jih navadno doživljamo.",pomen,nastevanje_pomenov,train
244,prek,Navedi stavčne primere za besedo prek.,"Primeri uporabe besede **prek** v povedih:
- *Snega je toliko, da sega do kolen in tudi prek njega.*
- *Njiva je prek in prek prekrita s plevelom, ki se razteza vse do obzorja.*
- *ura je polnoči in prek je že polovica noči.*
- *ura je polnoči in prek je še vedno temno, saj luna ni na nebu.*
- *Njivo je prek in prek prekril gost in nezaželen plevel.*",primeri_uporabe,povedi_z_besedo,train
80864,posteljnina,Poišči pogoste kolokacije za besedo posteljnina.,"Tipične kolokacije z besedo **posteljnina**:
- zamenjati posteljnino
- oblačila in posteljnina
- sveža posteljnina
- posteljnina in brisače
- pranje posteljnine
- bela posteljnina
- menjati posteljnino
- Svilena posteljnina
- posteljnina in oblačila
- oprati posteljnino",kolokacije,navedi_kolokacije,train
38834,zavesten,Kaj v slovenščini pomeni izraz zavesten?,"Beseda **zavesten** ima naslednje pomene:
- Dejanje ali napor, ki je zavesten, je storjen namenoma.
- Kdor je zavesten, je buden, pri zavesti in ne spi.
- Kadar je nekaj, kar storimo, zavestno, smo to storili namenoma.",pomen,razlaga_pomena,train
500275,počivaje,Izpiši stopnjevalni vzorec za besedo počivaje.,"Stopnjevanje besede **počivaje**:

| Stopnja | Oblika |
|---|---|
| 1. Osnovnik (Pozitiv) | počivaje |
| 2. Primernik (Komparativ) | počivaje |
| 3. Presežnik (Superlativ) | počivaje |",stopnjevanje,vse_stopnje,train
680004,hersant,Izpiši obliko: mestnik množine za hersant.,5. Mestnik (mestnik) množine besede **hersant** se glasi: **pri hersantih**.,sklanjanje,posamezen_sklon,train
44326,priljubljeno,Izpiši točno 3 kolokacij besede priljubljeno.,"Izpis 3 kolokacij za besedo **priljubljeno**:
1. najbolj priljubljeno
2. izjemno priljubljeno
3. izredno priljubljeno",kolokacije,stevilsko_opredeljene_kolokacije,train
9928,zaseči,Opredeli glagolski vid besede zaseči.,Beseda **zaseči** je dovršni glagol.,besedna_vrsta,vrsta_in_vid_glagola,train
462117,ciprinid,Kako glasi celotna sklanjatev besede ciprinid?,"Sklanjatvena tabela za samostalnik **ciprinid**:

| Sklon | Ednina | Dvojina | Množina |
|---|---|---|---|
| 1. Imenovalnik | ciprinid | ciprinida | ciprinidi |
| 2. Rodilnik | ciprinida | / | ciprinidov |
| 3. Dajalnik | ciprinidu | ciprinidoma | ciprinidom |
| 4. Tožilnik | ciprinid | ciprinida | ciprinide |
| 5. Mestnik | pri ciprinidu | pri ciprinidih | pri ciprinidih |
| 6. Orodnik | s ciprinidom | s ciprinidoma | s ciprinidi |",sklanjanje,celotna_sklanjatev,train
727957,yardimci,Katera beseda v osnovni obliki predstavlja obliko yardimcijih?,Osnovna oblika (lema) besede **yardimcijih** je **yardimci** (samostalnik).,sklanjanje,osnovna_oblika_leme,train
71403,naprednost,Analiziraj rabo besede naprednosti v povedi: 'Japonska je bila zanj zgled dobre tehnološke in ekonomske naprednosti.'.,"V povedi *""Japonska je bila zanj zgled dobre tehnološke in ekonomske naprednosti.""* nastopa beseda **naprednosti** kot pregibna oblika (MSD: Sozdr) besede *naprednost*.",primeri_uporabe,analiza_oblike_v_povedi,train
21605,konusen,Določi sklon in število za obliko konusni (lema konusen).,"Oblika **konusni** pri besedi *konusen* izraža:
- pregibna oblika",sklanjanje,analiza_oblike,train
592164,bavarija,Kateri besedni vrsti pripada beseda bavarija?,Beseda **bavarija** je samostalnik. Beseda je lastno ime in je ženskega spola.,besedna_vrsta,osnovne_lastnosti,train
59762,hrenovka,Ali ima beseda hrenovka več pomenov?,"Beseda **hrenovka** ima registrirana 2 pomene:
1. v pomenu: vrsta klobase
2. v pomenu: moški spolni ud",pomen,stevilka_pomenov,train
600035,ecolabel,Opiši oblikoslovno vlogo besede ecolabelov pri samostalniku ecolabel.,"Oblika **ecolabelov** pri besedi *ecolabel* izraža:
- 2. Rodilnik (množine)",sklanjanje,analiza_oblike,train
68459,marihuana,"Določi sklon in število besede marihuano v povedi 'Eno noč sem prebil celo v zaporu, ker sem imel pri sebi marihuano.'.","V povedi *""Eno noč sem prebil celo v zaporu, ker sem imel pri sebi marihuano.""* nastopa beseda **marihuano** kot pregibna oblika (MSD: Sozeo) besede *marihuana*.",primeri_uporabe,analiza_oblike_v_povedi,train
93419,tisočkratnik,Določi sklon in število za obliko tisočkratniku (lema tisočkratnik).,"Oblika **tisočkratniku** pri besedi *tisočkratnik* izraža:
- 3. Dajalnik (ednine)",sklanjanje,analiza_oblike,train
84260,puberteta,Kaj v slovenščini pomeni izraz puberteta?,"Beseda **puberteta** ima naslednje pomene:
- preobrazba dekleta v žensko in fanta v moškega
- Puberteta je življenjsko obdobje, ko se oseba začne telesno spreminjati iz otroka v odraslega.",pomen,razlaga_pomena,train
645221,turenšek,Izpiši vse sklanjatvene oblike besede turenšek v množini.,"Sklanjatvene oblike besede **turenšek** v množini:

| Sklon | Množina |
|---|---|
| 1. Imenovalnik | turenški |
| 2. Rodilnik | turenškov |
| 3. Dajalnik | turenškom |
| 4. Tožilnik | turenške |
| 5. Mestnik | pri turenških |
| 6. Orodnik | s turenški |",sklanjanje,sklanjatev_po_stevilu,test
15110,Čarmanov,Poišči pogoste kolokacije za besedo Čarmanov.,"Tipične kolokacije z besedo **Čarmanov**:
- Čarmanova ulica
- Kejžarjev in Čarmanov",kolokacije,navedi_kolokacije,test
510706,monetarizirati,Kakšnega vida je glagol monetarizirati?,Beseda **monetarizirati** je dovršni glagol.,besedna_vrsta,vrsta_in_vid_glagola,test
659067,baskir,Izpiši 5. Mestnik sklon ednine besede baskir.,5. Mestnik (mestnik) ednine besede **baskir** se glasi: **pri baskirju**.,sklanjanje,posamezen_sklon,test
633612,rahmel,Slovnično analiziraj obliko rahmelih besede rahmel.,"Oblika **rahmelih** pri besedi *rahmel* izraža:
- 5. Mestnik (dvojine)",sklanjanje,analiza_oblike,test
537349,grid,Navedi 3. Dajalnik sklon za dvojino besede grid.,3. Dajalnik (dajalnik) dvojine besede **grid** se glasi: **gridoma**.,sklanjanje,posamezen_sklon,test
81367,požiranje,Zapiši 5 kolokativnih primerov za besedo požiranje.,"Izpis 5 kolokacij za besedo **požiranje**:
1. težave pri požiranju
2. težave s požiranjem
3. požiranje neravnin
4. požiranje hrane
5. oteženo požiranje",kolokacije,stevilsko_opredeljene_kolokacije,test
78706,pobudnik,Koliko ločenih pomenov ima lema pobudnik?,"Beseda **pobudnik** ima registrirana 2 pomene:
1. Pobudnik je nekaj, kar povzroči določen dogodek ali spremembo.
2. Pobudnik nečesa, kot je ideja ali načrt, je oseba, ki si je to prva domislila ali jo je prva začela.",pomen,stevilka_pomenov,test
30289,pregrnjen,Izpiši stopnjevalni vzorec za besedo pregrnjen.,"Stopnjevanje besede **pregrnjen**:

| Stopnja | Oblika |
|---|---|
| 1. Osnovnik (Pozitiv) | pregrnjen / pregrnjeni / pregrnjenega / pregrnjenemu / pregrnjenem / pregrnjenim / pregrnjena / pregrnjenih / pregrnjenima / pregrnjene / pregrnjenimi / pregrnjeno |
| 2. Primernik (Komparativ) | pregrnjen |
| 3. Presežnik (Superlativ) | pregrnjen |",stopnjevanje,vse_stopnje,test
53586,divjad,"Analiziraj rabo besede divjadi v povedi: 'Psička moramo že od zgodnje mladosti vzgajati, da ne bo preganjal divjadi.'.","V povedi *""Psička moramo že od zgodnje mladosti vzgajati, da ne bo preganjal divjadi.""* nastopa beseda **divjadi** kot pregibna oblika (MSD: Sozmt) besede *divjad*.",primeri_uporabe,analiza_oblike_v_povedi,test
91087,srnjaček,"Analiziraj rabo besede srnjačka v povedi: 'Ko je odšel za zvokom v gozd, je zagledal pravkar rojenega srnjačka.'.","V povedi *""Ko je odšel za zvokom v gozd, je zagledal pravkar rojenega srnjačka.""* nastopa beseda **srnjačka** kot pregibna oblika (MSD: Somdt) besede *srnjaček*.",primeri_uporabe,analiza_oblike_v_povedi,test
8940,uporabiti,Kako v praksi uporabimo besedo uporabiti?,"Primeri uporabe besede **uporabiti** v povedih:
- *Če ste kupljeni predmet uporabili in želite vrniti, se lahko soočite s situacijo, da ga v trgovini ne bodo sprejeli nazaj.*
- *Koristno je uporabiti odpadke, na primer reciklirati plastične steklenice in jih spremeniti v trajnostne vrečke za nakupovanje.*
- *Uporabiti pravilo pomeni, da se držimo določenih smernic ali pravil, da dosežemo želeni rezultat ali izid.*
- *Če ste predmet, ki ste ga kupili, že uporabili, trgovina ne bo sprejela vaše vrnitve.*
- *V zadnji vojni, ki se je odvijala v preteklosti, so dvakrat uporabili izjemno uničujočo orožje - atomsko bombo.*",primeri_uporabe,povedi_z_besedo,test
700423,nepresenetljivo,Prikaži sklanjatev besede nepresenetljivo za dvojino.,"Sklanjatvene oblike besede **nepresenetljivo** v dvojini:

| Sklon | Dvojina |
|---|---|
| 1. Imenovalnik | nepresenetljiva |
| 2. Rodilnik | nepresenetljivov |
| 3. Dajalnik | nepresenetljivoma |
| 4. Tožilnik | nepresenetljiva |
| 5. Mestnik | pri nepresenetljivih |
| 6. Orodnik | z nepresenetljivoma |",sklanjanje,sklanjatev_po_stevilu,test
4173,onečaščati,Prikaži pregled spreganja za glagol onečaščati.,"Spreganje glagola **onečaščati**:

### Sedanjik
| Oseba | Ednina | Dvojina | Množina |
|---|---|---|---|
| 1. oseba | onečaščam | onečaščava | onečaščamo |
| 2. oseba | onečaščaš | onečaščata | onečaščate |
| 3. oseba | onečašča | onečaščata | onečaščajo |

### Preteklik
| Oseba | Ednina | Dvojina | Množina |
|---|---|---|---|
| 1. oseba | sem onečaščal / sem onečaščala | sva onečaščala / sva onečaščali | smo onečaščali / smo onečaščale |
| 2. oseba | si onečaščal / si onečaščala | sta onečaščala / sta onečaščali | ste onečaščali / ste onečaščale |
| 3. oseba | je onečaščal / je onečaščala | sta onečaščala / sta onečaščali | so onečaščali / so onečaščale |",spreganje,celotno_spreganje,test
77524,perspektiva,"Razloži, kaj označuje beseda perspektiva.","Beseda **perspektiva** ima naslednje pomene:
- Perspektiva je določen način razmišljanja o čem.
- V slikarstvu je perspektiva način upodabljanja, pri katerem so stvari v ozadju videti bolj oddaljene kot tiste v ospredju slike.
- Določena perspektiva na temo je poseben način razmišljanja o njej, zlasti tak, ki je pristranski ali izhaja iz predsodkov.",pomen,razlaga_pomena,test
528974,dereani,Prikaži sklanjatvene oblike v ednini za besedo dereani.,"Sklanjatvene oblike besede **dereani** v ednini:

| Sklon | Ednina |
|---|---|
| 1. Imenovalnik | dereani |
| 2. Rodilnik | dereanija |
| 3. Dajalnik | dereaniju |
| 4. Tožilnik | / |
| 5. Mestnik | pri dereaniju |
| 6. Orodnik | z dereanijem |",sklanjanje,sklanjatev_po_stevilu,train
685658,kamakana,"Razloži, v katerem sklonu in številu je oblika kamakani besede kamakana.","Oblika **kamakani** pri besedi *kamakana* izraža:
- 5. Mestnik (ednine)",sklanjanje,analiza_oblike,train
655401,allegrin,V kateri lemi se nahaja oblika allegrina?,Osnovna oblika (lema) besede **allegrina** je **allegrin** (samostalnik).,sklanjanje,osnovna_oblika_leme,train
487460,spleten,Kako se beseda spleten pojavlja v besedilnem kontekstu?,"Primeri uporabe besede **spleten** v povedih:
- *Spletni brskalnik je programska oprema, ki omogoča uporabnikom dostop do spletnih strani in vsebin preko interneta. Deluje na računalniku, tablici ali pametnem telefonu ter uporabl*
- *Spletni brskalnik je programska oprema, ki omogoča uporabnikom dostop do spletnih strani in drugih spletnih vsebin. Deluje tako, da uporabnik vpiše URL naslov spletnega mesta v nas*
- *Spletni brskalnik je programska oprema, ki omogoča uporabnikom dostop do različnih spletnih strani in vsebin preko interneta. Deluje tako, da uporabnik vpiše URL naslov želene s*
- *Spletni brskalnik je programska oprema, ki omogoča uporabnikom dostop do spletnih strani in drugih vsebin preko svetovnega spleta. Ta programska oprema deluje na računalniku ali drugi*
- *Spletni brskalnik je programska oprema, ki omogoča uporabnikom dostop do spletnih strani in vsebin preko interneta. Spletni brskalnik deluje tako, da uporabnik vpiše URL naslov*",primeri_uporabe,povedi_z_besedo,train
16560,dopolnjujoč,Navedi primernik in presežnik za pridevnik/prislov dopolnjujoč.,"Stopnjevanje besede **dopolnjujoč**:

| Stopnja | Oblika |
|---|---|
| 1. Osnovnik (Pozitiv) | dopolnjujoč / dopolnjujoči / dopolnjujočega / dopolnjujočemu / dopolnjujočem / dopolnjujočim / dopolnjujoča / dopolnjujočih / dopolnjujočima / dopolnjujoče / dopolnjujočimi / dopolnjujočo |
| 2. Primernik (Komparativ) | dopolnjujoč |
| 3. Presežnik (Superlativ) | dopolnjujoč |",stopnjevanje,vse_stopnje,train
5412,pomilovati,Kakšna sta nedoločnik in namenilnik glagola pomilovati?,"Neosebne in posebne oblike glagola **pomilovati**:
- Nedoločnik: **pomilovati**
- Namenilnik: **pomilovat**
",spreganje,neosebne_oblike,train
31095,priprt,Navedi vse pomene besede priprt.,"Pomeni besede **priprt** so:
- Kadar so vrata priprta, niso odprta na stežaj.
- Oči, ki so priprte, imajo debele veke, ki so delno zaprte.",pomen,nastevanje_pomenov,train
7734,razvrščati,Kakšna sta nedoločnik in namenilnik glagola razvrščati?,"Neosebne in posebne oblike glagola **razvrščati**:
- Nedoločnik: **razvrščati**
- Namenilnik: **razvrščat**
",spreganje,neosebne_oblike,train
513454,reprocesirati,Izpiši neosebne oblike glagola reprocesirati.,"Neosebne in posebne oblike glagola **reprocesirati**:
- Nedoločnik: **reprocesirati**
- Namenilnik: **reprocesirat**
",spreganje,neosebne_oblike,train
498644,mersko,Navedi vse stopnje za mersko.,"Stopnjevanje besede **mersko**:

| Stopnja | Oblika |
|---|---|
| 1. Osnovnik (Pozitiv) | mersko |
| 2. Primernik (Komparativ) | mersko |
| 3. Presežnik (Superlativ) | mersko |",stopnjevanje,vse_stopnje,train
539529,hertfordshire,Kateri slovnični spol ima beseda hertfordshire?,Samostalnik **hertfordshire** je moškega spola.,besedna_vrsta,spol_samostalnika,train
1265,groziti,Navedi različne pomene besede groziti.,"Pomeni besede **groziti** so:
- raba ljudeh ali nasprotnikih
- raba nesrečah ali katastrofah
- Če težaven dogodek ali položaj grozi, se bo kmalu zgodil.
- Kadar nekdo grozi neki osebi, ji grozi, da ji bo naredil nekaj hudega.
- Groziti komu pomeni opozoriti ga, da bomo morda storili nekaj, kar bo zanj slabo.",pomen,nastevanje_pomenov,train
15388,ciganski,Katero besedno vrsto predstavlja ciganski?,Beseda **ciganski** je pridevnik.,besedna_vrsta,osnovne_lastnosti,train
514477,vičiti,Kateri vid in katero vrsto glagola predstavlja vičiti?,Beseda **vičiti** je dovršni glagol.,besedna_vrsta,vrsta_in_vid_glagola,train
52546,debakel,"Slovnično analiziraj besedo debakel v povedi 'Pravi debakel pa so doživeli brazilski odbojkarji, ki so ostali celo brez polfinalnih nastopov.'.","V povedi *""Pravi debakel pa so doživeli brazilski odbojkarji, ki so ostali celo brez polfinalnih nastopov.""* nastopa beseda **debakel** kot pregibna oblika (MSD: Sometn) besede *debakel*.",primeri_uporabe,analiza_oblike_v_povedi,train
88016,semaforizacija,Izpiši 8 kolokacij besede semaforizacija.,"Izpis 8 kolokacij za besedo **semaforizacija**:
1. semaforizacija križišča
2. semaforizacija prehoda
3. Začasna semaforizacija
4. Semaforizacija stane
5. razsvetljava in semaforizacija
6. urediti semaforizacijo
7. center semaforizacije
8. ureditev semaforizacije",kolokacije,stevilsko_opredeljene_kolokacije,train
527126,corcoran,V kateri lemi se nahaja oblika corcoranov?,Osnovna oblika (lema) besede **corcoranov** je **corcoran** (samostalnik).,sklanjanje,osnovna_oblika_leme,train
68858,mečica,Katere so 5 tipične kolokacije z besedo mečica?,"Izpis 5 kolokacij za besedo **mečica**:
1. ušesna mečica
2. grizljati mečico
3. ugrizniti v mečico
4. mečica ušesa
5. viseti z mečic",kolokacije,stevilsko_opredeljene_kolokacije,train
509927,fijakati,Določi glagolski vid za besedo fijakati.,Beseda **fijakati** je dovršni glagol.,besedna_vrsta,vrsta_in_vid_glagola,train
54772,dvanajstnik,Izpiši število pomenov besede dvanajstnik.,"Beseda **dvanajstnik** ima registrirana 1 pomen:
1. Slika",pomen,stevilka_pomenov,train
564953,rangun,Katero obliko ima dajalnik ednine samostalnika rangun?,3. Dajalnik (dajalnik) ednine besede **rangun** se glasi: **rangunu**.,sklanjanje,posamezen_sklon,train
2750,nakodrati,Sestavi seznam 4 kolokacij z besedo nakodrati.,"Izpis 4 kolokacij za besedo **nakodrati**:
1. nakodrati lase
2. nakodrati si lase
3. nakodrati gladino
4. nakodrati živce",kolokacije,stevilsko_opredeljene_kolokacije,train
451643,kompilirati,Kako se glasi Sedanjik glagola kompilirati?,"Sedanjik glagola **kompilirati**:

| Oseba | Ednina | Dvojina | Množina |
|---|---|---|---|
| 1. oseba | kompiliram | kompilirava | kompiliramo |
| 2. oseba | kompiliraš | kompilirata | kompilirate |
| 3. oseba | kompilira | kompilirata | kompilirajo |",spreganje,spreganje_v_casu,train
43942,prav,Kako v praksi uporabimo besedo prav?,"Primeri uporabe besede **prav** v povedih:
- *Po mojem mnenju ni prav, da puščaš otroka samega, saj je to lahko nevarno in se lahko zgodi karkoli nepredvidljivega.*
- *Učijo te ravno narobe, kot je prav, kar pomeni, da ti poučujejo na način, ki se zdi napačen, vendar je v resnici pravilen.*
- *Puščica na kažipotu ne kaže prav, kar pomeni, da je njena smer napačna ali nepravilna.*
- *Po mojem mnenju ni prav, da puščaš otroka samega, saj bi morali biti starši vedno prisotni in na voljo za zagotavljanje varnosti, podpore in skrbi za otroka.*
- *Naloga je prav napisana in vsebuje vse potrebne informacije.*",primeri_uporabe,povedi_z_besedo,train
34636,spodbuden,Kaj v slovenščini pomeni izraz spodbuden?,"Beseda **spodbuden** ima naslednje pomene:
- Odziv ali izraz, ki je spodbuden, izraža veselje ali hvaležnost.
- Z odzivom ali izrazom, ki je spodbuden, pokažemo podporo ali zadovoljstvo z nečim.
- Stvari, ki so spodbudne, so prijetne in človeka osrečijo.
- Kar je spodbudno, daje upanje ali samozavest.
- Kar je spodbudno, nas spravi v dobro razpoloženje in zadovoljstvo.",pomen,razlaga_pomena,train
81029,potlačitev,Katero slovnično funkcijo ima potlačitvi v sklanjatvenem vzorcu potlačitev?,"Oblika **potlačitvi** pri besedi *potlačitev* izraža:
- 3. Dajalnik (ednine)",sklanjanje,analiza_oblike,train
66800,legalist,Zapiši 3 kolokativnih primerov za besedo legalist.,"Izpis 3 kolokacij za besedo **legalist**:
1. velik legalist
2. Strog legalist
3. spoštovati kot legalist",kolokacije,stevilsko_opredeljene_kolokacije,train
692167,lokovice,Kako poteka sklanjatev besede lokovice za ednino?,"Sklanjatvene oblike besede **lokovice** v ednini:

| Sklon | Ednina |
|---|---|
| 1. Imenovalnik | lokovice |
| 2. Rodilnik | lokoviceja |
| 3. Dajalnik | lokoviceju |
| 4. Tožilnik | lokoviceja |
| 5. Mestnik | pri lokoviceju |
| 6. Orodnik | z lokovicejem |",sklanjanje,sklanjatev_po_stevilu,train
13455,antihipertenziven,Navedi slovnične značilnosti za lemo antihipertenziven.,Beseda **antihipertenziven** je pridevnik.,besedna_vrsta,osnovne_lastnosti,train
643669,teser,Opiši oblikoslovno vlogo besede teserju pri samostalniku teser.,"Oblika **teserju** pri besedi *teser* izraža:
- 3. Dajalnik (ednine)",sklanjanje,analiza_oblike,train
668351,deputy,Izpiši 2. Rodilnik sklon ednine besede deputy.,2. Rodilnik (rodilnik) ednine besede **deputy** se glasi: **deputyja / deputyja**.,sklanjanje,posamezen_sklon,train
68322,maneken,Koliko pomenov ima beseda maneken?,"Beseda **maneken** ima registrirana 1 pomen:
1. Maneken je nekdo, ki poklicno razkazuje oblačila, v katera je oblečen.",pomen,stevilka_pomenov,train
661676,breitlingov,Katero besedno vrsto predstavlja breitlingov?,Beseda **breitlingov** je samostalnik. Beseda je lastno ime in je moškega spola.,besedna_vrsta,osnovne_lastnosti,train
555100,mourinh,Slovnično opredeli besedo mourinh.,Beseda **mourinh** je samostalnik. Beseda je lastno ime in je moškega spola.,besedna_vrsta,osnovne_lastnosti,train
94845,ultramaratonka,"Določi slovnične lastnosti besede ultramaratonka v stavku 'Vsakih pet kilometrov se ustavljajo, da si ultramaratonka povrne moč.'.","V povedi *""Vsakih pet kilometrov se ustavljajo, da si ultramaratonka povrne moč.""* nastopa beseda **ultramaratonka** kot pregibna oblika (MSD: Sozei) besede *ultramaratonka*.",primeri_uporabe,analiza_oblike_v_povedi,train
515698,šablonizirati,Kateri vid in katero vrsto glagola predstavlja šablonizirati?,Beseda **šablonizirati** je nedovršni glagol.,besedna_vrsta,vrsta_in_vid_glagola,train
14638,božanski,Navedi definicijo besede božanski.,"Beseda **božanski** ima naslednje pomene:
- Kar je božansko, pripada ali se nanaša na nekega boga ali boginjo.
- Kadar je nekaj božansko, je zelo prijetno in navdušujoče.",pomen,razlaga_pomena,train
46769,agresor,Kaj v slovenščini pomeni izraz agresor?,"Beseda **agresor** ima naslednje pomene:
- Agresor je oseba ali država, ki začne spopad.",pomen,razlaga_pomena,train
664281,cashback,Katera je ustrezna oblika za 2. Rodilnik sklon množine besede cashback?,2. Rodilnik (rodilnik) množine besede **cashback** se glasi: **cashbackov**.,sklanjanje,posamezen_sklon,train
4163,omreževati,Opiši vid in vrsto glagola omreževati.,Beseda **omreževati** je nedovršni glagol.,besedna_vrsta,vrsta_in_vid_glagola,train
5988,povečevati,"Razloži oblikoslovno vlogo besede Povečevati v stavku 'Povečevati fotografije je postopek, pri katerem se s pomočjo različnih tehnik in orodij fotografija poveča v velikosti, da se izboljša njena ločljivost in podrobnosti.'.","V povedi *""Povečevati fotografije je postopek, pri katerem se s pomočjo različnih tehnik in orodij fotografija poveča v velikosti, da se izboljša njena ločljivost in podrobnosti.""* nastopa beseda **Povečevati** kot pregibna oblika (MSD: Ggnn) besede *povečevati*.",primeri_uporabe,analiza_oblike_v_povedi,train
81928,predpasniček,Katere so najbolj znane kolokacije besede predpasniček?,"Tipične kolokacije z besedo **predpasniček**:
- beli predpasniček",kolokacije,navedi_kolokacije,train
32307,registriran,Navedi število pomenov za besedo registriran.,"Beseda **registriran** ima registrirana 2 pomene:
1. Nekaj, kar je registrirano, je zabeleženo v zbirki informacij.
2. Snovi, ki so registrirane, se prodajajo pod blagovno znamko.",pomen,stevilka_pomenov,train
665645,coincas,Katera je lema besede coincasi?,Osnovna oblika (lema) besede **coincasi** je **coincas** (samostalnik).,sklanjanje,osnovna_oblika_leme,train
78760,podajanje,S katerimi besedami se najpogosteje povezuje beseda podajanje?,"Tipične kolokacije z besedo **podajanje**:
- način podajanja
- podajanje informacij
- podajanje mnenj
- podajanje snovi
- podajanje vsebin
- podajanje znanja
- podajanje zgodbe
- podajanje žoge
- podajanje predlogov
- biti pri podajanju",kolokacije,navedi_kolokacije,train
66483,lainšček,Kako se sklanja beseda lainšček?,"Sklanjatvena tabela za samostalnik **lainšček**:

| Sklon | Ednina | Dvojina | Množina |
|---|---|---|---|
| 1. Imenovalnik | lainšček | lainšček | lainšček |
| 2. Rodilnik | lainšček | / | lainšček |
| 3. Dajalnik | lainšček | lainšček | lainšček |
| 4. Tožilnik | lainšček | lainšček | lainšček |
| 5. Mestnik | pri lainšček | pri lainšček | pri lainšček |
| 6. Orodnik | z lainšček | z lainšček | z lainšček |",sklanjanje,celotna_sklanjatev,train
67960,mačeta,Kaj pomeni beseda mačeta?,"Beseda **mačeta** ima naslednje pomene:
- Mačeta je velik nož s širokim rezilom.",pomen,razlaga_pomena,train
1706,izpisovati,Opiši posebne glagolske oblike za izpisovati.,"Neosebne in posebne oblike glagola **izpisovati**:
- Nedoločnik: **izpisovati**
- Namenilnik: **izpisovat**
",spreganje,neosebne_oblike,train
2804,namaškarati,Navedi spreganje glagola namaškarati v sedanjiku.,"Sedanjik glagola **namaškarati**:

| Oseba | Ednina | Dvojina | Množina |
|---|---|---|---|
| 1. oseba | namaškaram | namaškarava | namaškaramo |
| 2. oseba | namaškaraš | namaškarata | namaškarate |
| 3. oseba | namaškara | namaškarata | namaškarajo |",spreganje,spreganje_v_casu,train
676538,globok,Podaj razlago pomena za besedo globok.,"Beseda **globok** ima naslednje pomene:
- ki ima v navpični smeri navzdol razmeroma veliko razsežnost
- ki ima v vodoravni smeri v notranjost razmeroma veliko razsežnost
- ki ima zamolkel, nizek zven
- sposoben močno občutiti, doživeti
- ki se pojavlja v visoki stopnji
- Kar je globoko, sega daleč v globino s površja ali gladine.
- Besedo globok uporabljamo, ko govorimo o merjenju razdalje od vrha do dna ali od prednje do zadnje strani.
- Za dih ali vzdih, ki je globok, uporabimo vsa pljuča.
- Zvok, ki je globok, je nizek.
- Misli, ki so globoke, so tehtne.
- Čustvo, ki je globoko, je zelo močno ali temeljno in ga je težko spremeniti.
- Z izrazom globok povemo, da nekdo nekaj globoko in iskreno čuti ali verjame.
- Če imate globok interes ali željo, sta vaše zanimanje ali želja zelo močna.
- Z izrazom globok opisujemo osebe ali dejanja, ki jih ne odobravamo.
- Z izrazom globok poudarimo veliko stopnjo ali intenzivnost nečesa.
- Zamisel ali delo, ki je globoko, kaže veliko intelektualno razumevanje.",pomen,razlaga_pomena,train
567663,salihovič,Katere slovnične lastnosti nosi oblika salihovičev besede salihovič?,"Oblika **salihovičev** pri besedi *salihovič* izraža:
- 2. Rodilnik (dvojine)",sklanjanje,analiza_oblike,train
506862,prabiten,"Izpiši osnovnik, primernik in presežnik za prabiten.","Stopnjevanje besede **prabiten**:

| Stopnja | Oblika |
|---|---|
| 1. Osnovnik (Pozitiv) | prabitnih / prabitne / prabitnim / prabitno / prabitni / prabitnima / prabitnemu / prabitnimi / prabitna / prabiten / prabitnem / prabitnega |
| 2. Primernik (Komparativ) | prabiten |
| 3. Presežnik (Superlativ) | prabiten |",stopnjevanje,vse_stopnje,train
461067,airbnb,Sklanjaj besedo airbnb samo v ednini.,"Sklanjatvene oblike besede **airbnb** v ednini:

| Sklon | Ednina |
|---|---|
| 1. Imenovalnik | airbnb |
| 2. Rodilnik | airbnba |
| 3. Dajalnik | airbnbu |
| 4. Tožilnik | airbnb |
| 5. Mestnik | pri airbnbu |
| 6. Orodnik | z airbnbom |",sklanjanje,sklanjatev_po_stevilu,train
55681,epifiza,Katere so sopomenke besede epifiza?,"Sopomenke besede **epifiza** so:
- češarika
- češerika",sopomenke,navedi_sopomenke,train
94918,uniforma,"V katerem sklonu/obliki je beseda uniformo v povedi 'Neznanec je namreč takoj, ko je zagledal uniformo, nabrusil pete, a ni prišel daleč.'?","V povedi *""Neznanec je namreč takoj, ko je zagledal uniformo, nabrusil pete, a ni prišel daleč.""* nastopa beseda **uniformo** kot pregibna oblika (MSD: Sozeo) besede *uniforma*.",primeri_uporabe,analiza_oblike_v_povedi,train
96170,videoigra,Ali je beseda videoigra enopomenska ali večpomenska?,"Beseda **videoigra** ima registrirana 1 pomen:
1. v pomenu: elektronska igra",pomen,stevilka_pomenov,train
86612,rokav,"Razloži, v katerem sklonu in številu je oblika rokavoma besede rokav.","Oblika **rokavoma** pri besedi *rokav* izraža:
- 3. Dajalnik (dvojine)",sklanjanje,analiza_oblike,train
91859,strelišče,"Razloži oblikoslovno vlogo besede strelišča v stavku 'Ko sta se peljala mimo strelišča, je videla, da je že zaprto.'.","V povedi *""Ko sta se peljala mimo strelišča, je videla, da je že zaprto.""* nastopa beseda **strelišča** kot pregibna oblika (MSD: Sosmi) besede *strelišče*.",primeri_uporabe,analiza_oblike_v_povedi,train
507567,romneyjev,Navedi vse stopnje za romneyjev.,"Stopnjevanje besede **romneyjev**:

| Stopnja | Oblika |
|---|---|
| 1. Osnovnik (Pozitiv) | romneyjeva / romneyjeve / romneyjevim / romneyjevega / romneyjevih / romneyjevi / romneyjevem / romneyjevima / romneyjev / romneyjevimi / romneyjevemu / romneyjevo |
| 2. Primernik (Komparativ) | romneyjev |
| 3. Presežnik (Superlativ) | romneyjev |",stopnjevanje,vse_stopnje,train
4617,pasivizirati,Izpiši vse glagolske oblike za pasivizirati.,"Spreganje glagola **pasivizirati**:

### Sedanjik
| Oseba | Ednina | Dvojina | Množina |
|---|---|---|---|
| 1. oseba | pasiviziram | pasivizirava | pasiviziramo |
| 2. oseba | pasiviziraš | pasivizirata | pasivizirate |
| 3. oseba | pasivizira | pasivizirata | pasivizirajo |

### Preteklik
| Oseba | Ednina | Dvojina | Množina |
|---|---|---|---|
| 1. oseba | sem pasiviziral / sem pasivizirala | sva pasivizirala / sva pasivizirali | smo pasivizirali / smo pasivizirale |
| 2. oseba | si pasiviziral / si pasivizirala | sta pasivizirala / sta pasivizirali | ste pasivizirali / ste pasivizirale |
| 3. oseba | je pasiviziral / je pasivizirala | sta pasivizirala / sta pasivizirali | so pasivizirali / so pasivizirale |",spreganje,celotno_spreganje,train
456732,spljuvati,Sestavi spreganje glagola spljuvati po časih in osebah.,"Spreganje glagola **spljuvati**:

### Sedanjik
| Oseba | Ednina | Dvojina | Množina |
|---|---|---|---|
| 1. oseba | spljuvam | spljuvava | spljuvamo |
| 2. oseba | spljuvaš | spljuvata | spljuvate |
| 3. oseba | spljuva | spljuvata | spljuvajo |

### Preteklik
| Oseba | Ednina | Dvojina | Množina |
|---|---|---|---|
| 1. oseba | sem spljuvala / sem spljuval | sva spljuvali / sva spljuvala | smo spljuvale / smo spljuvali |
| 2. oseba | si spljuvala / si spljuval | sta spljuvali / sta spljuvala | ste spljuvale / ste spljuvali |
| 3. oseba | je spljuvala / je spljuval | sta spljuvali / sta spljuvala | so spljuvale / so spljuvali |",spreganje,celotno_spreganje,train
491999,abščev,Navedi lemo za besedno obliko abščevima.,Osnovna oblika (lema) besede **abščevima** je **abščev** (pridevnik).,sklanjanje,osnovna_oblika_leme,train
78050,pisateljevanje,Zapiši primere stavkov z besedo pisateljevanje.,"Primeri uporabe besede **pisateljevanje** v povedih:
- *Njegovo resno pisateljevanje se je začelo tistega dne, ko je prvikrat tekel.*
- *Preživljal se je s pisateljevanjem in novinarstvom.*
- *Umetnica je vsestranska ustvarjalka, saj se posveča tudi pisateljevanju.*
- *Kot otrok sem se videla v glasbi in pisateljevanju.*",primeri_uporabe,povedi_z_besedo,train
20666,kamninski,Navedi 12 najbolj pogostih kolokacij za kamninski.,"Izpis 12 kolokacij za besedo **kamninski**:
1. kamninska podlaga
2. kamninska moka
3. kamninski drobir
4. kamninska sestava
5. kamninska zgradba
6. kamninske plasti
7. kamninski material
8. kamninska osnova
9. kamninska gmota
10. kamninsko gradivo
11. Kamninski tok
12. kamninski krog",kolokacije,stevilsko_opredeljene_kolokacije,train
50657,brusač,Prikaži seznam sopomenk za besedo brusač.,"Sopomenke besede **brusač** so:
- brusilec",sopomenke,navedi_sopomenke,train
66198,kumulus,Prikaži celotno sklanjatev za besedo kumulus.,"Sklanjatvena tabela za samostalnik **kumulus**:

| Sklon | Ednina | Dvojina | Množina |
|---|---|---|---|
| 1. Imenovalnik | kumulus | kumulusa | kumulusi |
| 2. Rodilnik | kumulusa | kumulusov | kumulusov |
| 3. Dajalnik | kumulusu | kumulusoma | kumulusom |
| 4. Tožilnik | kumulus | kumulusa | kumuluse |
| 5. Mestnik | pri kumulusu | pri kumulusih | pri kumulusih |
| 6. Orodnik | s kumulusom | s kumulusoma | s kumulusi |",sklanjanje,celotna_sklanjatev,train
718644,siddharte,Kako se beseda siddharte sklanja v ednini?,"Sklanjatvene oblike besede **siddharte** v ednini:

| Sklon | Ednina |
|---|---|
| 1. Imenovalnik | siddharta |
| 2. Rodilnik | siddharte |
| 3. Dajalnik | siddharti |
| 4. Tožilnik | siddharto |
| 5. Mestnik | pri siddharti |
| 6. Orodnik | s siddharto |",sklanjanje,sklanjatev_po_stevilu,train
46987,aldehid,Določi sklon in število besede aldehida v povedi 'Molekula aldehida ima poleg alkilne ali arilne skupine vezan še vodikov atom.'.,"V povedi *""Molekula aldehida ima poleg alkilne ali arilne skupine vezan še vodikov atom.""* nastopa beseda **aldehida** kot pregibna oblika (MSD: Somdt) besede *aldehid*.",primeri_uporabe,analiza_oblike_v_povedi,train
446315,argumentativen,Katere besede imajo podoben pomen kot argumentativen?,"Sopomenke besede **argumentativen** so:
- utemeljevalen
- dokazen",sopomenke,navedi_sopomenke,train
670346,dečina,Kako slovnično opredelimo besedo dečina?,Beseda **dečina** je samostalnik. Beseda je lastno ime in je ženskega spola.,besedna_vrsta,osnovne_lastnosti,train
522357,bolan,Opiši pomen besede bolan.,"Beseda **bolan** ima naslednje pomene:
- Če je nekdo ali nekaj bolan, je prizadet zaradi bolezni.
- Kdor je bolan, ima neko bolezen ali zdravstvene težave.
- Kdor se počuti bolan, se počuti bolnega.
- Kdor je bolan, ni zdrav.
- Zgodba ali šala, ki je bolna, na neprijetno neresen način govori o smrti ali trpljenju.
- Kdor je bolan, je bolan.",pomen,razlaga_pomena,train
640746,sunbeam,"Razloži, v katerem sklonu in številu je oblika sunbeamoma besede sunbeam.","Oblika **sunbeamoma** pri besedi *sunbeam* izraža:
- 3. Dajalnik (dvojine)",sklanjanje,analiza_oblike,train
69771,miritelj,Prikaži sklanjatvene oblike v dvojini za besedo miritelj.,"Sklanjatvene oblike besede **miritelj** v dvojini:

| Sklon | Dvojina |
|---|---|
| 1. Imenovalnik | miritelja |
| 2. Rodilnik | miriteljev |
| 3. Dajalnik | miriteljema |
| 4. Tožilnik | miritelja |
| 5. Mestnik | pri miriteljih |
| 6. Orodnik | z miriteljema |",sklanjanje,sklanjatev_po_stevilu,train
5115,pograjati,Katere so sopomenke besede pograjati?,"Sopomenke besede **pograjati** so:
- ošteti
- okarati
- ukoriti
- pokarati
- ozmerjati
- okregati
- zgrditi
- kritizirati
- imeti pripombe
- imeti pripombe čez
- opomniti
- opozoriti
- trdo prijeti
- udrihati po
- povedati par gorkih",sopomenke,navedi_sopomenke,train
16951,dvoplasten,Katero besedno vrsto predstavlja dvoplasten?,Beseda **dvoplasten** je pridevnik.,besedna_vrsta,osnovne_lastnosti,train
611931,jiche,Izpiši celotno sklanjatev za samostalnik jiche.,"Sklanjatvena tabela za samostalnik **jiche**:

| Sklon | Ednina | Dvojina | Množina |
|---|---|---|---|
| 1. Imenovalnik | jiche | jicheja | jicheji |
| 2. Rodilnik | jicheja | jichejev | jichejev |
| 3. Dajalnik | jicheju | jichejema | jichejem |
| 4. Tožilnik | jicheja | jicheja | jicheje |
| 5. Mestnik | pri jicheju | pri jichejih | pri jichejih |
| 6. Orodnik | z jichejem | z jichejema | z jicheji |",sklanjanje,celotna_sklanjatev,train
649563,wendtner,Kaj po besedni vrsti pomeni wendtner?,Beseda **wendtner** je samostalnik. Beseda je lastno ime in je moškega spola.,besedna_vrsta,osnovne_lastnosti,train
626354,nteheran,"Navedi sklon in število, ki ga izraža nteheran-jev pri besedi nteheran.","Oblika **nteheran-jev** pri besedi *nteheran* izraža:
- 2. Rodilnik (množine)",sklanjanje,analiza_oblike,train
55089,ekg,Izpiši primere iz korpusa za besedo ekg.,"Primeri uporabe besede **ekg** v povedih:
- *Naredili smo tudi preiskavo srčne obremenitve EKG.*
- *Tako kot velja za vse preiskave, tudi EKG ni stoodstotno zanesljiv.*
- *Medicinska sestra ji je na prsni koš pritrdila elektrode za EKG.*
- *Zanima me, ali je ta EKG v redu in ali je potrebno kakšno zdravljenje.*
- *Vsak del EKG-vala ima svoj pomen ter sovpada z električnimi in mehanskimi dogodki v srcu.*",primeri_uporabe,povedi_z_besedo,train
548499,lakić,Kakšnega spola je samostalnik lakić?,Samostalnik **lakić** je moškega spola.,besedna_vrsta,spol_samostalnika,train
685115,jerka,Kateri je imenovalnik ednine za obliko jerki?,Osnovna oblika (lema) besede **jerki** je **jerka** (samostalnik).,sklanjanje,osnovna_oblika_leme,train
81353,pozicija,Prikaži primere rabe besede pozicija.,"Primeri uporabe besede **pozicija** v povedih:
- *Odkar je po Antonu Drobniču mesto generalnega državnega tožilca prevzela Zdenka Cerar, visi v zraku obtožba, da je, poenostavljeno rečeno, tožilstvo prevzela v svoje roke druga politična opcija.*
- *Izobčil je Henrika in razglasil, da je odstavljen z mesta cesarja.*
- *Minister, pristojen za pravosodje, lahko na utemeljen predlog Notarske zbornice Slovenije imenuje notarja na prosto mesto v drugem kraju brez razpisa.*
- *Takoj so mu ponudili mesto svetovalca.*
- *Ta je še zmeraj v službi v 1. policijski postaji, toda iz mesta namestnika poveljnika postaje so ga premestili na detektor laži.*",primeri_uporabe,povedi_z_besedo,train
5460,ponagajati,Kako se glasijo neosebne oblike pri glagolu ponagajati?,"Neosebne in posebne oblike glagola **ponagajati**:
- Nedoločnik: **ponagajati**
- Namenilnik: **ponagajat**
",spreganje,neosebne_oblike,train
3297,oblivati,"Kako glasi spreganje glagola oblivati v sedanjiku, pretekliku in prihodniku?","Spreganje glagola **oblivati**:

### Sedanjik
| Oseba | Ednina | Dvojina | Množina |
|---|---|---|---|
| 1. oseba | oblivam | oblivava | oblivamo |
| 2. oseba | oblivaš | oblivata | oblivate |
| 3. oseba | obliva | oblivata | oblivajo |

### Preteklik
| Oseba | Ednina | Dvojina | Množina |
|---|---|---|---|
| 1. oseba | sem oblival / sem oblivala | sva oblivala / sva oblivali | smo oblivali / smo oblivale |
| 2. oseba | si oblival / si oblivala | sta oblivala / sta oblivali | ste oblivali / ste oblivale |
| 3. oseba | je oblival / je oblivala | sta oblivala / sta oblivali | so oblivali / so oblivale |",spreganje,celotno_spreganje,train
69146,mera,Navedi število in kratek opis pomenov besede mera.,"Beseda **mera** ima registrirana 11 pomenov:
1. predstojnik merije, župan
2. enota za merjenje
3. priprava, predmet za merjenje
4. razsežnost, zlasti dolžina, širina, višina, debelina
5. določena, ustrezna količina kake snovi, tekočine
6. dopustna količina, stopnja česa
7. izraža omejitev, kot jo določa prilastek
8. shematično urejeno menjavanje poudarjenih in nepoudarjenih ali dolgih in kratkih zlogov v verzu;
9. Z izrazom mere opisujemo dimenzije nečesa.
10. Mera je dejstvo, ki ga lahko uporabimo za presojanje nekega položaja.
11. Mera obdavčitve ali obresti je njena višina, izražena v odstotkih.",pomen,stevilka_pomenov,train
561985,pokemon,Navedi vse sklone za dvojino besede pokemon.,"Sklanjatvene oblike besede **pokemon** v dvojini:

| Sklon | Dvojina |
|---|---|
| 1. Imenovalnik | pokemona |
| 2. Rodilnik | pokemonov |
| 3. Dajalnik | pokemonoma |
| 4. Tožilnik | pokemona |
| 5. Mestnik | pri pokemonih |
| 6. Orodnik | s pokemonoma |",sklanjanje,sklanjatev_po_stevilu,test
488,boksniti,Kako se glasi Sedanjik glagola boksniti?,"Sedanjik glagola **boksniti**:

| Oseba | Ednina | Dvojina | Množina |
|---|---|---|---|
| 1. oseba | boksnem | boksneva | boksnemo |
| 2. oseba | boksneš | boksneta | boksnete |
| 3. oseba | boksne | boksneta | boksnejo |",spreganje,spreganje_v_casu,test
94951,upad,Navedi primerne kolokacije za samostalnik/besedo upad.,"Tipične kolokacije z besedo **upad**:
- upad prodaje
- upad števila
- upad prihodkov
- upad povpraševanja
- upad cen
- upad vrednosti
- upad dobička
- upad prometa
- pričakovati upad
- upad je posledica",kolokacije,navedi_kolokacije,test
48677,baronesa,Izpiši točno 2 kolokacij besede baronesa.,"Izpis 2 kolokacij za besedo **baronesa**:
1. baron in baronesa
2. baronesa postane",kolokacije,stevilsko_opredeljene_kolokacije,test
45459,tam,Zapiši 8 kolokativnih primerov za besedo tam.,"Izpis 8 kolokacij za besedo **tam**:
1. tu in tam
2. tam imeti
3. tam ostati
4. tam živeti
5. tam najti
6. tam stati
7. tam čakati
8. tam delati",kolokacije,stevilsko_opredeljene_kolokacije,test
3411,obtesati,Navedi nedoločnik in velelniške oblike za glagol obtesati.,"Neosebne in posebne oblike glagola **obtesati**:
- Nedoločnik: **obtesati**
- Namenilnik: **obtesat**
",spreganje,neosebne_oblike,test
662628,banker,V kakšni obliki je dajalnik ednine pri besedi banker?,3. Dajalnik (dajalnik) ednine besede **banker** se glasi: **banker**.,sklanjanje,posamezen_sklon,test
683590,jagodo,Navedi spol za samostalnik jagodo.,Samostalnik **jagodo** je moškega spola.,besedna_vrsta,spol_samostalnika,test
38588,zaobljen,"Razloži, kaj označuje beseda zaobljen.","Beseda **zaobljen** ima naslednje pomene:
- Zaobljen pomeni zaokrožen, obel.
- Kar je zaobljeno, ni koničasto ali ostro, temveč okroglo.",pomen,razlaga_pomena,test
511817,pokrehati,Kako se po osebah sprega glagol pokrehati v sedanjiku?,"Sedanjik glagola **pokrehati**:

| Oseba | Ednina | Dvojina | Množina |
|---|---|---|---|
| 1. oseba | pokreham | pokrehava | pokrehamo |
| 2. oseba | pokrehaš | pokrehata | pokrehate |
| 3. oseba | pokreha | pokrehata | pokrehajo |",spreganje,spreganje_v_casu,test
72248,nemir,Kaj v slovenščini pomeni izraz nemir?,"Beseda **nemir** ima naslednje pomene:
- Nemir je veliko hrupa in zmede.
- Nemir je zaskrbljenost ali bojazen.
- Nemir je dogodek, med katerim se ljudje v javnosti vedejo nasilno.
- Nemir je nasilno vedênje skupine ljudi na javnem kraju.
- Nemir je stanje, za katero je značilna zmešnjava, nered ali velika napetost.
- Kadar nastane nemir, ljudje zaradi jeze in nezadovoljstva začnejo povzročati nered.",pomen,razlaga_pomena,test
543019,jerkič,Katero sklanjatveno obliko predstavlja beseda jerkiča pri lemi jerkič?,"Oblika **jerkiča** pri besedi *jerkič* izraža:
- 2. Rodilnik (ednine)",sklanjanje,analiza_oblike,test
13447,antičen,Kakšna je leksikalna definicija besede antičen?,"Beseda **antičen** ima naslednje pomene:
- nanašajoč se na antiko",pomen,razlaga_pomena,test
19523,Ingradov,Poišči 3 tipičnih besednih zvez za besedo Ingradov.,"Izpis 3 kolokacij za besedo **Ingradov**:
1. Ingradova družba
2. Ingradovi delavci
3. Ingradova stavba",kolokacije,stevilsko_opredeljene_kolokacije,test
17348,enoten,Navedi primerne kolokacije za samostalnik/besedo enoten.,"Tipične kolokacije z besedo **enoten**:
- enotni trg
- enoten sistem
- enotni tečaj
- enotna kazen
- enotno mnenje
- enotna stopnja
- enotna cena
- enotno stališče
- enotno dovoljenje
- enotna valuta",kolokacije,navedi_kolokacije,test
60595,internacija,Katere pomene ima beseda internacija?,"Pomeni besede **internacija** so:
- Internacija je aretacija zaradi političnih razlogov.",pomen,nastevanje_pomenov,train
446638,bakhant,Prikaži pregled sklanjatvenih oblik besede bakhant.,"Sklanjatvena tabela za samostalnik **bakhant**:

| Sklon | Ednina | Dvojina | Množina |
|---|---|---|---|
| 1. Imenovalnik | bakhant | bakhanta | bakhanti |
| 2. Rodilnik | bakhanta | bakhantov | bakhantov |
| 3. Dajalnik | bakhantu | bakhantoma | bakhantom |
| 4. Tožilnik | bakhanta | bakhanta | bakhante |
| 5. Mestnik | pri bakhantu | / | pri bakhantih |
| 6. Orodnik | / | z bakhantoma | z bakhanti |",sklanjanje,celotna_sklanjatev,train
524629,breaburn,Navedi imenovalniško obliko besede breaburnoma.,Osnovna oblika (lema) besede **breaburnoma** je **breaburn** (samostalnik).,sklanjanje,osnovna_oblika_leme,train
97843,zahvala,Navedi stavčne primere za besedo zahvala.,"Primeri uporabe besede **zahvala** v povedih:
- *Ena gospa je rekla, da je iskrena zahvala občinskih veljakov sekretarki Vasji Fuis ob njeni razrešitvi višek neiskrenosti.*
- *Njen zadnji javni nastop je bila javna zahvala prijateljem in družini, ki so ji v tem težkem času stali ob strani.*
- *Ne najdem dovolj besed, s katerimi bi lahko na papir izlil vso zahvalo za pomoč v trenutkih nemoči.*
- *Zahvalo je izrekel tudi vsem tistim, ki so ves čas verjeli v njegov uspeh, ter dodal, da sam takega podviga ne bi zmogel.*
- *Zahvalo za moje sedanje uspehe dolgujem predvsem staršem.*",primeri_uporabe,povedi_z_besedo,train
458101,afiniteten,Kako se stopnjuje beseda afiniteten?,"Stopnjevanje besede **afiniteten**:

| Stopnja | Oblika |
|---|---|
| 1. Osnovnik (Pozitiv) | afinitetnima / afinitetnih / afinitetnega / afinitetne / afinitetnim / afinitetni / afinitetnimi / afiniteten / afinitetno / afinitetnemu / afinitetnem / afinitetna |
| 2. Primernik (Komparativ) | afiniteten |
| 3. Presežnik (Superlativ) | afiniteten |",stopnjevanje,vse_stopnje,train
511605,odžalovati,"Kako glasi spreganje glagola odžalovati v sedanjiku, pretekliku in prihodniku?","Spreganje glagola **odžalovati**:

### Sedanjik
| Oseba | Ednina | Dvojina | Množina |
|---|---|---|---|
| 1. oseba | odžalujem | odžalujeva | odžalujemo |
| 2. oseba | odžaluješ | odžalujeta | odžalujete |
| 3. oseba | odžaluje | odžalujeta | odžalujejo |

### Preteklik
| Oseba | Ednina | Dvojina | Množina |
|---|---|---|---|
| 1. oseba | sem odžaloval / sem odžalovala | sva odžalovali / sva odžalovala | smo odžalovala / smo odžalovale |
| 2. oseba | si odžaloval / si odžalovala | sta odžalovali / sta odžalovala | ste odžalovala / ste odžalovale |
| 3. oseba | je odžaloval / je odžalovala | sta odžalovali / sta odžalovala | so odžalovala / so odžalovale |",spreganje,celotno_spreganje,train
8767,tvegati,Navedi tipične kolokacije z besedo tvegati.,"Tipične kolokacije z besedo **tvegati**:
- tvegati življenje
- pripravljeni tvegati
- veliko tvegati
- ne želeti tvegati
- preveč tvegati
- ne hoteti tvegati
- več tvegati
- morati tvegati
- hoteti tvegati
- treba tvegati",kolokacije,navedi_kolokacije,train
7559,razobesiti,Kaj pomeni beseda razobesiti?,"Beseda **razobesiti** ima naslednje pomene:
- Kadar ljudje razobesijo zastavo, je razpeta na vrhu droga.
- Razobesiti pomeni pritrditi plakat ali obvestilo na steno ali desko.",pomen,razlaga_pomena,train
551353,magovec,Navedi vse sklone za ednino besede magovec.,"Sklanjatvene oblike besede **magovec** v ednini:

| Sklon | Ednina |
|---|---|
| 1. Imenovalnik | / |
| 2. Rodilnik | magovca |
| 3. Dajalnik | magovcu |
| 4. Tožilnik | magovca |
| 5. Mestnik | pri magovcu |
| 6. Orodnik | z magovcem |",sklanjanje,sklanjatev_po_stevilu,train
8783,ubrati,Izpiši vse glagolske oblike za ubrati.,"Spreganje glagola **ubrati**:

### Sedanjik
| Oseba | Ednina | Dvojina | Množina |
|---|---|---|---|
| 1. oseba | uberem | ubereva | uberemo |
| 2. oseba | ubereš | ubereta | uberete |
| 3. oseba | ubere | ubereta | uberejo |

### Preteklik
| Oseba | Ednina | Dvojina | Množina |
|---|---|---|---|
| 1. oseba | sem ubral / sem ubrala | sva ubrala / sva ubrali | smo ubrali / smo ubrale |
| 2. oseba | si ubral / si ubrala | sta ubrala / sta ubrali | ste ubrali / ste ubrale |
| 3. oseba | je ubral / je ubrala | sta ubrala / sta ubrali | so ubrali / so ubrale |",spreganje,celotno_spreganje,train
643678,tesoro,Katere slovnične lastnosti nosi oblika tesoru besede tesoro?,"Oblika **tesoru** pri besedi *tesoro* izraža:
- 5. Mestnik (ednine)",sklanjanje,analiza_oblike,train
486574,vezikula,Zapiši lemo (osnovno obliko) za besedo vezikul.,Osnovna oblika (lema) besede **vezikul** je **vezikula** (samostalnik).,sklanjanje,osnovna_oblika_leme,train
5509,ponotranjati,Prikaži pregled spreganja za glagol ponotranjati.,"Spreganje glagola **ponotranjati**:

### Sedanjik
| Oseba | Ednina | Dvojina | Množina |
|---|---|---|---|
| 1. oseba | ponotranjam | ponotranjava | ponotranjamo |
| 2. oseba | ponotranjaš | ponotranjata | ponotranjate |
| 3. oseba | ponotranja | ponotranjata | ponotranjajo |

### Preteklik
| Oseba | Ednina | Dvojina | Množina |
|---|---|---|---|
| 1. oseba | sem ponotranjal / sem ponotranjala | sva ponotranjala / sva ponotranjali | smo ponotranjali / smo ponotranjale |
| 2. oseba | si ponotranjal / si ponotranjala | sta ponotranjala / sta ponotranjali | ste ponotranjali / ste ponotranjale |
| 3. oseba | je ponotranjal / je ponotranjala | sta ponotranjala / sta ponotranjali | so ponotranjali / so ponotranjale |",spreganje,celotno_spreganje,train
536404,giulie,Sklanjaj besedo giulie samo v množini.,"Sklanjatvene oblike besede **giulie** v množini:

| Sklon | Množina |
|---|---|
| 1. Imenovalnik | giulieji |
| 2. Rodilnik | giuliejev |
| 3. Dajalnik | giuliejem |
| 4. Tožilnik | giulieje |
| 5. Mestnik | pri giuliejih |
| 6. Orodnik | z giulieji |",sklanjanje,sklanjatev_po_stevilu,train
510695,mirkati,Navedi nedoločnik in velelniške oblike za glagol mirkati.,"Neosebne in posebne oblike glagola **mirkati**:
- Nedoločnik: **mirkati**
- Namenilnik: **mirkat**
",spreganje,neosebne_oblike,train
567238,raztur,Določi sklon in število za obliko razturja (lema raztur).,"Oblika **razturja** pri besedi *raztur* izraža:
- 4. Tožilnik (dvojine)",sklanjanje,analiza_oblike,train
10098,zaupati,Kakšnega vida je glagol zaupati?,Beseda **zaupati** je dvovidski glagol.,besedna_vrsta,vrsta_in_vid_glagola,train
844,dobiti,"Slovnično analiziraj besedo dobit v povedi 'Njegov edini cilj je, da bi dosegel zmago oz. dobit v določeni situaciji.'.","V povedi *""Njegov edini cilj je, da bi dosegel zmago oz. dobit v določeni situaciji.""* nastopa beseda **dobit** kot pregibna oblika (MSD: Ggdm) besede *dobiti*.",primeri_uporabe,analiza_oblike_v_povedi,train
510062,graužati,Določi glagolski vid za besedo graužati.,Beseda **graužati** je nedovršni glagol.,besedna_vrsta,vrsta_in_vid_glagola,train
597267,delia,"Ali spada delia med samostalnike moškega, ženskega ali srednjega spola?",Samostalnik **delia** je moškega spola.,besedna_vrsta,spol_samostalnika,train
901,dolivati,Prikaži pregled spreganja za glagol dolivati.,"Spreganje glagola **dolivati**:

### Sedanjik
| Oseba | Ednina | Dvojina | Množina |
|---|---|---|---|
| 1. oseba | dolivam | dolivava | dolivamo |
| 2. oseba | dolivaš | dolivata | dolivate |
| 3. oseba | doliva | dolivata | dolivajo |

### Preteklik
| Oseba | Ednina | Dvojina | Množina |
|---|---|---|---|
| 1. oseba | sem dolival / sem dolivala | sva dolivala / sva dolivali | smo dolivali / smo dolivale |
| 2. oseba | si dolival / si dolivala | sta dolivala / sta dolivali | ste dolivali / ste dolivale |
| 3. oseba | je dolival / je dolivala | sta dolivala / sta dolivali | so dolivali / so dolivale |",spreganje,celotno_spreganje,train
580571,zabranjeno,Katera je lema besede zabranjenoma?,Osnovna oblika (lema) besede **zabranjenoma** je **zabranjeno** (samostalnik).,sklanjanje,osnovna_oblika_leme,train
732840,prečesanje,Navedi spol za samostalnik prečesanje.,Samostalnik **prečesanje** je srednjega spola.,besedna_vrsta,spol_samostalnika,train
12838,adijo,Kateri so pomeni besede adijo?,"Pomeni besede **adijo** so:
- Adijo je pogovorni pozdrav v slovo.
- Izraz adijo ima enak pomen kot slovo.",pomen,nastevanje_pomenov,train
5936,potrditi,Ali spada glagol potrditi med dovršne ali nedovršne glagole?,Beseda **potrditi** je dovršni glagol.,besedna_vrsta,vrsta_in_vid_glagola,train
14084,beletrističen,Opiši osnovne gramatične lastnosti besede beletrističen.,Beseda **beletrističen** je pridevnik.,besedna_vrsta,osnovne_lastnosti,train
458683,makrociten,Kako poteka stopnjevanje besede makrociten?,"Stopnjevanje besede **makrociten**:

| Stopnja | Oblika |
|---|---|
| 1. Osnovnik (Pozitiv) | makrocitno / makrocitnim / makrocitnih / makrocitni / makrocitna / makrocitnemu / makrocitnima / makrocitnimi / makrociten / makrocitne / makrocitnega / makrocitnem |
| 2. Primernik (Komparativ) | makrociten |
| 3. Presežnik (Superlativ) | makrociten |",stopnjevanje,vse_stopnje,train
618165,lilie,"Navedi sklon in število, ki ga izraža liliejev pri besedi lilie.","Oblika **liliejev** pri besedi *lilie* izraža:
- 2. Rodilnik (množine)",sklanjanje,analiza_oblike,train
510200,izkonstruirati,Ali je glagol izkonstruirati dovršni ali nedovršni?,Beseda **izkonstruirati** je dovršni glagol.,besedna_vrsta,vrsta_in_vid_glagola,train
71241,nama,Kakšna je leksikalna definicija besede nama?,"Beseda **nama** ima naslednje pomene:
- v trenutku, v hipu
- Besedo nama uporabljamo kot predmet v stavku ali za predlogom. Govorec ali pisec jo uporabi, kadar govori o skupini ljudi, v katero sodi sam.",pomen,razlaga_pomena,train
85010,razgrajač,Prikaži sklanjatev besede razgrajač za ednino.,"Sklanjatvene oblike besede **razgrajač** v ednini:

| Sklon | Ednina |
|---|---|
| 1. Imenovalnik | razgrajač |
| 2. Rodilnik | razgrajača |
| 3. Dajalnik | razgrajaču |
| 4. Tožilnik | razgrajača |
| 5. Mestnik | pri razgrajaču |
| 6. Orodnik | z razgrajačem |",sklanjanje,sklanjatev_po_stevilu,train
511834,polhariti,Kateri vid izraža glagol polhariti?,Beseda **polhariti** je dovršni glagol.,besedna_vrsta,vrsta_in_vid_glagola,train
643589,tepavac,Navedi spol za samostalnik tepavac.,Samostalnik **tepavac** je moškega spola.,besedna_vrsta,spol_samostalnika,train
8800,udeležiti,Kako se po osebah sprega glagol udeležiti v sedanjiku?,"Sedanjik glagola **udeležiti**:

| Oseba | Ednina | Dvojina | Množina |
|---|---|---|---|
| 1. oseba | udeležim | udeleživa | udeležimo |
| 2. oseba | udeležiš | udeležita | udeležite |
| 3. oseba | udeleži | udeležita | udeleže |",spreganje,spreganje_v_casu,train
24287,moralističen,Slovnično opredeli besedo moralističen.,Beseda **moralističen** je pridevnik.,besedna_vrsta,osnovne_lastnosti,train
42213,nadrobno,"Določi sklon in število besede nadrobno v povedi 'Gre za roman, ki nadrobno in doživeto opisuje življenje na robu družbe.'.","V povedi *""Gre za roman, ki nadrobno in doživeto opisuje življenje na robu družbe.""* nastopa beseda **nadrobno** kot pregibna oblika (MSD: Rsn) besede *nadrobno*.",primeri_uporabe,analiza_oblike_v_povedi,train
82143,prehod,Kateri so pomeni besede prehod?,"Pomeni besede **prehod** so:
- Prehod je dolg, ozek razmik med vrstami sedežev ali polic v samopostrežni prodajalni.
- Prehod je ozka pot ali ulica.
- Prehod je prehod med vrstama sedežev, po katerem lahko gredo ljudje.
- Prehod je dolg ozek prostor med stenama ali ograjama, ki povezuje dve sobi ali prostora.
- Prehod nekoga ali nečesa je njegovo ali njeno gibanje ali napredovanje od enega kraja ali faze do drugega.
- Prehod je postopen razvoj iz enega stanja v drugo.
- Prehod je sprememba iz ene oblike ali stanja v drugega.",pomen,nastevanje_pomenov,train
43581,pesimistično,"Kakšna je slovnična oblika besede pesimistično v povedi: 'Na življenje gleda pesimistično, jaz pa gledam optimistično.'?","V povedi *""Na življenje gleda pesimistično, jaz pa gledam optimistično.""* nastopa beseda **pesimistično** kot pregibna oblika (MSD: Rsn) besede *pesimistično*.",primeri_uporabe,analiza_oblike_v_povedi,train
449331,ovrženje,Zapiši lemo (osnovno obliko) za besedo ovrženjih.,Osnovna oblika (lema) besede **ovrženjih** je **ovrženje** (samostalnik).,sklanjanje,osnovna_oblika_leme,train
698127,mushidi,Kako slovnično opredelimo besedo mushidi?,Beseda **mushidi** je samostalnik. Beseda je lastno ime in je moškega spola.,besedna_vrsta,osnovne_lastnosti,train
75374,opatija,Kaj v slovenščini pomeni izraz opatija?,"Beseda **opatija** ima naslednje pomene:
- Opatija je cerkev, poleg katere so stavbe, kjer živijo menihi ali nune.",pomen,razlaga_pomena,train
520328,barsos,"Razloži, v katerem sklonu in številu je oblika barsosom besede barsos.","Oblika **barsosom** pri besedi *barsos* izraža:
- 6. Orodnik (ednine)",sklanjanje,analiza_oblike,train
480381,grata,Kako slovnično opredelimo besedo grata?,Beseda **grata** je samostalnik. Beseda je občno ime in je ženskega spola.,besedna_vrsta,osnovne_lastnosti,train
27400,opravičljiv,Koliko ločenih pomenov ima lema opravičljiv?,"Beseda **opravičljiv** ima registrirana 2 pomene:
1. Mnenje, sistem ali dejanje, ki je opravičljivo, je tako, ki ga ljudje lahko zagovarjajo, češ da je pravilno ali dobro.
2. Mnenje, dejanje ali dejstvo, ki je opravičljivo, je sprejemljivo ali pravilno, ker je zanj dober razlog.",pomen,stevilka_pomenov,train
627599,organ,Prikaži seznam pomenov za besedo organ.,"Pomeni besede **organ** so:
- del telesa z določeno funkcijo
- oseba, skupina ose
- tiskano ali pisano sredstvo za razširjanje idej kake skupine, organizacije;
- zvok, ki ga dela človek z govorilnimi organi;
- Organ je del telesa, ki ima določen namen ali nalogo, na primer srce ali pljuča.",pomen,nastevanje_pomenov,train
70036,množilec,Navedi 1 najbolj pogostih kolokacij za množilec.,"Izpis 1 kolokacij za besedo **množilec**:
1. Spreminjanje množilca",kolokacije,stevilsko_opredeljene_kolokacije,train
4143,omenjati,Navedi stavčne primere za besedo omenjati.,"Primeri uporabe besede **omenjati** v povedih:
- *V svojih pripovedovanjih ga rad omenja, saj je njegova prisotnost v njegovem življenju tako pomembna, da je nepogrešljiva sestavina vsake zgodbe, ki jo deli.*
- *V celotnem pogovoru se sploh ni omenjalo slovensko vprašanje, niti malo.*
- *V svojih pripovedovanjih ga rad omenja, na primer, ko se spominja dogodka, ko sta skupaj preživela nepozabne počitnice na rajskem otoku, ali ko se pohvali s tem, kako je bil*
- *Ni treba posebej omenjati, da je ta informacija že znana.*
- *V svojih pripovedovanjih rad omenja svojega starega prijatelja, ki je bil vedno poln energije in vedno pripravljen na dogodivščine.*",primeri_uporabe,povedi_z_besedo,train
18501,gouldov,Kako poteka stopnjevanje besede gouldov?,"Stopnjevanje besede **gouldov**:

| Stopnja | Oblika |
|---|---|
| 1. Osnovnik (Pozitiv) | gouldov / gouldovega / gouldovemu / gouldovem / gouldovim / gouldova / gouldovih / gouldovima / gouldovi / gouldove / gouldovimi / gouldovo |
| 2. Primernik (Komparativ) | gouldov |
| 3. Presežnik (Superlativ) | gouldov |",stopnjevanje,vse_stopnje,train
677167,graphite,Kako glasi celotna sklanjatev besede graphite?,"Sklanjatvena tabela za samostalnik **graphite**:

| Sklon | Ednina | Dvojina | Množina |
|---|---|---|---|
| 1. Imenovalnik | graphite | graphiteja | graphiteji |
| 2. Rodilnik | graphiteja | graphitejev | graphitejev |
| 3. Dajalnik | graphiteju | graphitejema | graphitejem |
| 4. Tožilnik | graphiteja | graphiteja | graphiteje |
| 5. Mestnik | pri graphiteju | pri graphitejih | pri graphitejih |
| 6. Orodnik | z graphitejem | z graphitejema | z graphiteji |",sklanjanje,celotna_sklanjatev,train
917,donegovati,Izpiši velelnik ter nedoločnik glagola donegovati.,"Neosebne in posebne oblike glagola **donegovati**:
- Nedoločnik: **donegovati**
- Namenilnik: **donegovat**
",spreganje,neosebne_oblike,train
57993,gonokok,Navedi primerne kolokacije za samostalnik/besedo gonokok.,"Tipične kolokacije z besedo **gonokok**:
- odporen gonokok
- odpornost gonokokov",kolokacije,navedi_kolokacije,train
571845,struck,Določi sklon in število za obliko strucka (lema struck).,"Oblika **strucka** pri besedi *struck* izraža:
- 2. Rodilnik (ednine)",sklanjanje,analiza_oblike,train
1154,frleti,Izpiši vse glagolske oblike za frleti.,"Spreganje glagola **frleti**:

### Sedanjik
| Oseba | Ednina | Dvojina | Množina |
|---|---|---|---|
| 1. oseba | frlim | frliva | frlimo |
| 2. oseba | frliš | frlita | frlite |
| 3. oseba | frli | frlita | frlijo |

### Preteklik
| Oseba | Ednina | Dvojina | Množina |
|---|---|---|---|
| 1. oseba | sem frlel / sem frlela | sva frlela / sva frleli | smo frleli / smo frlele |
| 2. oseba | si frlel / si frlela | sta frlela / sta frleli | ste frleli / ste frlele |
| 3. oseba | je frlel / je frlela | sta frlela / sta frleli | so frleli / so frlele |",spreganje,celotno_spreganje,train
650662,yaskawina,Kako glasi celotna sklanjatev besede yaskawina?,"Sklanjatvena tabela za samostalnik **yaskawina**:

| Sklon | Ednina | Dvojina | Množina |
|---|---|---|---|
| 1. Imenovalnik | yaskawina | yaskawini | yaskawine |
| 2. Rodilnik | / | yaskawin | yaskawin |
| 3. Dajalnik | yaskawini | yaskawinama | yaskawinam |
| 4. Tožilnik | yaskawino | yaskawini | / |
| 5. Mestnik | pri yaskawini | pri yaskawinah | / |
| 6. Orodnik | z yaskawino | z yaskawinama | z yaskawinami |",sklanjanje,celotna_sklanjatev,train
513761,speteliniti,Kakšnega vida je glagol speteliniti?,Beseda **speteliniti** je dovršni glagol.,besedna_vrsta,vrsta_in_vid_glagola,train
1315,hliniti,Opiši vid in vrsto glagola hliniti.,Beseda **hliniti** je nedovršni glagol.,besedna_vrsta,vrsta_in_vid_glagola,train
6266,predvidevati,Sestavi tabelo za Sedanjik glagola predvidevati.,"Sedanjik glagola **predvidevati**:

| Oseba | Ednina | Dvojina | Množina |
|---|---|---|---|
| 1. oseba | predvidevam | predvidevava | predvidevamo |
| 2. oseba | predvidevaš | predvidevata | predvidevate |
| 3. oseba | predvideva | predvidevata | predvidevajo |",spreganje,spreganje_v_casu,train
514195,trajbati,Katere so neosebne ter posebne oblike glagola trajbati?,"Neosebne in posebne oblike glagola **trajbati**:
- Nedoločnik: **trajbati**
- Namenilnik: **trajbat**
",spreganje,neosebne_oblike,train
10111,zavedati,Prikaži celotno spreganje glagola zavedati.,"Spreganje glagola **zavedati**:

### Sedanjik
| Oseba | Ednina | Dvojina | Množina |
|---|---|---|---|
| 1. oseba | zavedam | zavedava | zavedamo |
| 2. oseba | zavedaš | zavedata | zavedate |
| 3. oseba | zaveda | zavedata | zavedajo |

### Preteklik
| Oseba | Ednina | Dvojina | Množina |
|---|---|---|---|
| 1. oseba | sem zavedal / sem zavedala | sva zavedala / sva zavedali | smo zavedali / smo zavedale |
| 2. oseba | si zavedal / si zavedala | sta zavedala / sta zavedali | ste zavedali / ste zavedale |
| 3. oseba | je zavedal / je zavedala | sta zavedala / sta zavedali | so zavedali / so zavedale |",spreganje,celotno_spreganje,train
697378,montesano,"Razloži, v katerem sklonu in številu je oblika montesanoma besede montesano.","Oblika **montesanoma** pri besedi *montesano* izraža:
- 6. Orodnik (dvojine)",sklanjanje,analiza_oblike,train
60298,inadekvatnost,Kateri sklon in število izraža oblika inadekvatnostih pri besedi inadekvatnost?,"Oblika **inadekvatnostih** pri besedi *inadekvatnost* izraža:
- 5. Mestnik (dvojine)",sklanjanje,analiza_oblike,train
467649,ančnikov,Ali je beseda ančnikov pridevnik ali druga besedna vrsta?,Beseda **ančnikov** je pridevnik.,besedna_vrsta,osnovne_lastnosti,train
82600,preplah,Koliko ločenih pomenov ima lema preplah?,"Beseda **preplah** ima registrirana 4 pomene:
1. Preplah je nenaden občutek strahu ali nemira.
2. Preplah so okoliščine, v katerih se ljudje pripravijo na nevarnost.
3. Kadar nekaj povzroči preplah, to nekoga prestraši.
4. Preplah pomeni, da je v nekem trenutku veliko ljudi zaradi nečesa zaskrbljenih ali prestrašenih.",pomen,stevilka_pomenov,train
33072,sanjan,Slovnično analiziraj obliko sanjanem besede sanjan.,"Oblika **sanjanem** pri besedi *sanjan* izraža:
- pregibna oblika",sklanjanje,analiza_oblike,train
593711,cassetti,Izpiši 4. Tožilnik sklon ednine besede cassetti.,4. Tožilnik (tožilnik) ednine besede **cassetti** se glasi: **cassettija**.,sklanjanje,posamezen_sklon,train
29505,Popovićev,Katere so najbolj znane kolokacije besede Popovićev?,"Tipične kolokacije z besedo **Popovićev**:
- Popovićeve besede
- Popovićev zagovornik",kolokacije,navedi_kolokacije,train
93011,tempelj,"Slovnično analiziraj besedo tempelj v povedi 'Načrtujemo, da bomo zgradili veličasten tempelj, ki bo simboliziral našo vero in predanost.'.","V povedi *""Načrtujemo, da bomo zgradili veličasten tempelj, ki bo simboliziral našo vero in predanost.""* nastopa beseda **tempelj** kot pregibna oblika (MSD: Somei) besede *tempelj*.",primeri_uporabe,analiza_oblike_v_povedi,train
63606,kitajsko,Določi sklon in število besede Kitajskem v povedi 'Elektronska pošta je na Kitajskem najbolj uporabljana spletna ponudba.'.,"V povedi *""Elektronska pošta je na Kitajskem najbolj uporabljana spletna ponudba.""* nastopa beseda **Kitajskem** kot pregibna oblika (MSD: Slsem) besede *kitajsko*.",primeri_uporabe,analiza_oblike_v_povedi,train
28133,Pečjakov,"Izpiši osnovnik, primernik in presežnik za Pečjakov.","Stopnjevanje besede **Pečjakov**:

| Stopnja | Oblika |
|---|---|
| 1. Osnovnik (Pozitiv) | Pečjakov / Pečjakovega / Pečjakovemu / Pečjakovem / Pečjakovim / Pečjakova / Pečjakovih / Pečjakovima / Pečjakovi / Pečjakove / Pečjakovimi / Pečjakovo |
| 2. Primernik (Komparativ) | Pečjakov |
| 3. Presežnik (Superlativ) | Pečjakov |",stopnjevanje,vse_stopnje,train
734316,rebrat,Navedi primernik in presežnik za pridevnik/prislov rebrat.,"Stopnjevanje besede **rebrat**:

| Stopnja | Oblika |
|---|---|
| 1. Osnovnik (Pozitiv) | rebrati / rebrato / rebrate / rebratemu / rebratim / rebratem / rebrata / rebratih / rebratima / rebratimi / rebrat / rebratega |
| 2. Primernik (Komparativ) | rebrat |
| 3. Presežnik (Superlativ) | rebrat |",stopnjevanje,vse_stopnje,train
26867,odkritosrčen,Navedi primerne kolokacije za samostalnik/besedo odkritosrčen.,"Tipične kolokacije z besedo **odkritosrčen**:
- zelo odkritosrčen
- bolj odkritosrčen
- najbolj odkritosrčen
- odkritosrčno priznanje
- Odkritosrčna lažnivka
- tako odkritosrčen
- odkritosrčna izpoved
- preveč odkritosrčen
- Odkritosrčno pismo
- odkritosrčen človek",kolokacije,navedi_kolokacije,train
37022,utilitarističen,Sestavi seznam 10 kolokacij z besedo utilitarističen.,"Izpis 10 kolokacij za besedo **utilitarističen**:
1. utilitaristična načela
2. utilitaristično merilo
3. utilitaristična etika
4. utilitaristični izračun
5. utilitaristična teorija
6. utilitaristični razlogi
7. utilitaristični koncept
8. Utilitaristično stališče
9. Utilitaristična filozofija
10. utilitaristična logika",kolokacije,stevilsko_opredeljene_kolokacije,train
28757,poboljšan,Kako poteka stopnjevanje besede poboljšan?,"Stopnjevanje besede **poboljšan**:

| Stopnja | Oblika |
|---|---|
| 1. Osnovnik (Pozitiv) | poboljšan / poboljšani / poboljšanega / poboljšanemu / poboljšanem / poboljšanim / poboljšana / poboljšanih / poboljšanima / poboljšane / poboljšanimi / poboljšano |
| 2. Primernik (Komparativ) | poboljšan |
| 3. Presežnik (Superlativ) | poboljšan |",stopnjevanje,vse_stopnje,train
8069,sklanjati,Razvrsti in naštej pomene besede sklanjati.,"Pomeni besede **sklanjati** so:
- raba glavi
- raba rastlini
- v pomenu: spreminjati končnice besede
- Kadar se beseda sklanja, se njena končnica ali oblika spremeni, da se izrazi njena slovnična vloga ali število. Na primer: ""delam"", ""delaš"" in ""delajo"" so sklanjatev glagola ""delati"".",pomen,nastevanje_pomenov,train
729736,čangi,Prikaži pregled sklanjatvenih oblik besede čangi.,"Sklanjatvena tabela za samostalnik **čangi**:

| Sklon | Ednina | Dvojina | Množina |
|---|---|---|---|
| 1. Imenovalnik | čangi | čangija | čangiji |
| 2. Rodilnik | čangija | čangijev | čangijev |
| 3. Dajalnik | čangiju | čangijema | čangijem |
| 4. Tožilnik | čangija | čangija | čangije |
| 5. Mestnik | pri čangiju | pri čangijih | pri čangijih |
| 6. Orodnik | s čangijem | s čangijema | s čangiji |",sklanjanje,celotna_sklanjatev,train
57379,germanizacija,Kako se beseda germanizacija uporablja v stavkih?,"Primeri uporabe besede **germanizacija** v povedih:
- *Germanizaciji smo se uprli tako, da smo Biblijo prevedli iz nemščine v slovenščino.*
- *Dejstvo je, da so Nemci podpirali načrte o preselitvi 260 tisoč Slovencev in germanizaciji Slovenije.*",primeri_uporabe,povedi_z_besedo,train
33315,sekvenčen,Katere so sopomenke besede sekvenčen?,"Sopomenke besede **sekvenčen** so:
- zaporeden",sopomenke,navedi_sopomenke,train
617161,laktaših,Slovnično analiziraj obliko laktašihe besede laktaših.,"Oblika **laktašihe** pri besedi *laktaših* izraža:
- 4. Tožilnik (množine)",sklanjanje,analiza_oblike,train
611305,jaffa,Sestavi sklanjatveno tabelo za besedo jaffa.,"Sklanjatvena tabela za samostalnik **jaffa**:

| Sklon | Ednina | Dvojina | Množina |
|---|---|---|---|
| 1. Imenovalnik | jaffa | jaffi / jaffa | jaffi / jaffe |
| 2. Rodilnik | jaffa / jaffe | jaffov / jaff | jaffov / jaff |
| 3. Dajalnik | jaffu / jaffi | jaffama | jaffom / jaffam |
| 4. Tožilnik | jaffo / jaffa | jaffi / jaffa | jaffe |
| 5. Mestnik | pri jaffu / pri jaffi | pri jaffih / pri jaffah | pri jaffih / pri jaffah |
| 6. Orodnik | z jaffom / z jaffo | z jaffama / z jaffoma | z jaffi |",sklanjanje,celotna_sklanjatev,train
35175,stolpčen,Iz katere osnovne oblike izvira oblika stolpčni?,Osnovna oblika (lema) besede **stolpčni** je **stolpčen** (pridevnik).,sklanjanje,osnovna_oblika_leme,train
603,centrirati,Spregaj glagol centrirati v sedanjiku.,"Sedanjik glagola **centrirati**:

| Oseba | Ednina | Dvojina | Množina |
|---|---|---|---|
| 1. oseba | centriram | centrirava | centriramo |
| 2. oseba | centriraš | centrirata | centrirate |
| 3. oseba | centrira | centrirata | centrirajo |",spreganje,spreganje_v_casu,train
3481,ocvetličiti,Katere so neosebne ter posebne oblike glagola ocvetličiti?,"Neosebne in posebne oblike glagola **ocvetličiti**:
- Nedoločnik: **ocvetličiti**
- Namenilnik: **ocvetličit**
",spreganje,neosebne_oblike,train
510583,krpljati,Izpiši Sedanjik glagola krpljati po osebah.,"Sedanjik glagola **krpljati**:

| Oseba | Ednina | Dvojina | Množina |
|---|---|---|---|
| 1. oseba | krpljam | krpljava | krpljamo |
| 2. oseba | krpljaš | krpljata | krpljate |
| 3. oseba | krplja | krpljata | krpljajo |",spreganje,spreganje_v_casu,train
77812,pianino,Poišči 12 tipičnih besednih zvez za besedo pianino.,"Izpis 12 kolokacij za besedo **pianino**:
1. kupiti pianino
2. mehanični pianino
3. imeti pianino
4. dobiti pianino
5. skladba za pianino
6. nov pianino
7. zaigrati na pianino
8. igrati pianino
9. nakup pianina
10. igranje na pianino
11. električni pianino
12. digitalni pianino",kolokacije,stevilsko_opredeljene_kolokacije,train
5742,poškodovati,Naštej leksikalne pomene za besedo poškodovati.,"Pomeni besede **poškodovati** so:
- Kadar orodje ali del stroja poškodujemo, postane pokvarjeno in ne deluje več.
- Poškodovati pomeni nekaj raniti ali uničiti.
- Poškodovati pomeni uničiti površino nečesa, tako da udarimo po njej in v njej naredimo udrtino.
- Poškodovati nekoga pomeni povzročiti mu telesno okvaro ali rano.
- Kadar človek poškoduje nekaj, to namerno uniči in pokvari.",pomen,nastevanje_pomenov,train
63236,katoličan,"Razloži, kaj označuje beseda katoličan.","Beseda **katoličan** ima naslednje pomene:
- Katoličan je član struje v krščanski Cerkvi, ki za svojega voditelja priznava papeža.
- Katoličan je pripadnik katoliške vere.",pomen,razlaga_pomena,test
3425,obuditi,Kaj pomeni beseda obuditi?,"Beseda **obuditi** ima naslednje pomene:
- Kadar ljudje obudijo modo ali navado, ki je obstajala v preteklosti, jo znova uvedejo.
- Kadar nekaj obudi čustvo ali spomin, ga sproži ali povzroči v nas.
- Obuditi pomeni znova doživeti ali občutiti nekaj prijetnega.",pomen,razlaga_pomena,test
738483,škrgast,Kako poteka stopnjevanje besede škrgast?,"Stopnjevanje besede **škrgast**:

| Stopnja | Oblika |
|---|---|
| 1. Osnovnik (Pozitiv) | škrgasti / škrgasta / škrgastih / škrgastim / škrgastega / škrgastem / škrgastima / škrgasto / škrgast / škrgastimi / škrgaste / škrgastemu |
| 2. Primernik (Komparativ) | škrgast |
| 3. Presežnik (Superlativ) | škrgast |",stopnjevanje,vse_stopnje,test
47897,arteriitis,Sklanjaj besedo arteriitis samo v množini.,"Sklanjatvene oblike besede **arteriitis** v množini:

| Sklon | Množina |
|---|---|
| 1. Imenovalnik | arteriitisi |
| 2. Rodilnik | arteriitisov |
| 3. Dajalnik | arteriitisom |
| 4. Tožilnik | arteriitise |
| 5. Mestnik | pri arteriitisih |
| 6. Orodnik | z arteriitisi |",sklanjanje,sklanjatev_po_stevilu,test
92723,tampon,Kateri so pomeni besede tampon?,"Pomeni besede **tampon** so:
- Tampon je čvrst kos vate, ki ga ženska vstavi v nožnico, da ji ob menstruaciji vpija kri.",pomen,nastevanje_pomenov,test
7518,razlogovati,Navedi nedoločnik in velelniške oblike za glagol razlogovati.,"Neosebne in posebne oblike glagola **razlogovati**:
- Nedoločnik: **razlogovati**
- Namenilnik: **razlogovat**
",spreganje,neosebne_oblike,test
75501,oponašalka,Ali ima beseda oponašalka več pomenov?,"Beseda **oponašalka** ima registrirana 3 pomene:
1. v pomenu: kdor posnema gibe ali zvoke
2. raba prevzemanju vzorca
3. v pomenu: ptica",pomen,stevilka_pomenov,test
732839,vezano,Prikaži stopnjevanje pridevnika vezano.,"Stopnjevanje besede **vezano**:

| Stopnja | Oblika |
|---|---|
| 1. Osnovnik (Pozitiv) | vezano |
| 2. Primernik (Komparativ) | vezano |
| 3. Presežnik (Superlativ) | vezano |",stopnjevanje,vse_stopnje,test
545395,kiriakos,Kako zapišemo imenovalnik dvojine besede kiriakos?,1. Imenovalnik (imenovalnik) dvojine besede **kiriakos** se glasi: **kiriakosa**.,sklanjanje,posamezen_sklon,test
600551,emerich,Katere slovnične lastnosti nosi oblika emericha besede emerich?,"Oblika **emericha** pri besedi *emerich* izraža:
- 1. Imenovalnik (dvojine)",sklanjanje,analiza_oblike,test
515574,zaštrenati,Določi glagolski vid za besedo zaštrenati.,Beseda **zaštrenati** je dvovidski glagol.,besedna_vrsta,vrsta_in_vid_glagola,test
501427,streljaško,Sestavi tabelo stopnjevanja za besedo streljaško.,"Stopnjevanje besede **streljaško**:

| Stopnja | Oblika |
|---|---|
| 1. Osnovnik (Pozitiv) | streljaško |
| 2. Primernik (Komparativ) | streljaško |
| 3. Presežnik (Superlativ) | streljaško |",stopnjevanje,vse_stopnje,test
650804,zahomec,Navedi lemo za besedno obliko zahomcema.,Osnovna oblika (lema) besede **zahomcema** je **zahomec** (samostalnik).,sklanjanje,osnovna_oblika_leme,test
83774,prodajalna,Napiši obrazložitev pomena besede prodajalna.,"Beseda **prodajalna** ima naslednje pomene:
- Prodajalna je trgovina, največkrat velika.",pomen,razlaga_pomena,test
2001,kapljati,"Ali je kapljati dovršni, nedovršni ali dvovidski glagol?",Beseda **kapljati** je nedovršni glagol.,besedna_vrsta,vrsta_in_vid_glagola,test
74929,ojačanje,Izpiši tipične besedne zveze z besedo ojačanje.,"Tipične kolokacije z besedo **ojačanje**:
- Ojačanje signala
- ojačanje zvoka
- ojačanje okusa
- Pozitivno ojačanje
- dodatno ojačanje
- ojačanje agencije
- kadrovsko ojačanje
- nadzor nad ojačanjem
- ojačanje moči
- skrbeti za ojačanje",kolokacije,navedi_kolokacije,train
597542,desprez,Izpiši sklanjatveno tabelo samostalnika desprez.,"Sklanjatvena tabela za samostalnik **desprez**:

| Sklon | Ednina | Dvojina | Množina |
|---|---|---|---|
| 1. Imenovalnik | desprez | despreza | desprezi |
| 2. Rodilnik | despreza | desprezov | desprezov |
| 3. Dajalnik | desprezu | desprezoma | desprezom |
| 4. Tožilnik | despreza | despreza | despreze |
| 5. Mestnik | pri desprezu | pri desprezih | pri desprezih |
| 6. Orodnik | z desprezom | z desprezoma | z desprezi |",sklanjanje,celotna_sklanjatev,train
67207,ligenj,Kako se beseda ligenj uporablja v stavkih?,"Primeri uporabe besede **ligenj** v povedih:
- *Očiščene lignje narežemo na kolobarje in prepražimo na oljčnem olju.*
- *Z nadevom napolnimo lignje in polne zapremo (zašpilimo) z zobotrebcem.*",primeri_uporabe,povedi_z_besedo,train
548409,ladon,Katera beseda v osnovni obliki predstavlja obliko ladonoma?,Osnovna oblika (lema) besede **ladonoma** je **ladon** (samostalnik).,sklanjanje,osnovna_oblika_leme,train
96251,vik,S katerimi izrazi se kolocira beseda vik?,"Tipične kolokacije z besedo **vik**:
- vik in krik
- zagnati vik
- vik nastane
- dvigniti vik
- zganjati vik
- vik zažene
- velik vik
- krik in vik
- pravi vik
- povzročiti vik",kolokacije,navedi_kolokacije,train
8025,šiliti,Kakšna sta nedoločnik in namenilnik glagola šiliti?,"Neosebne in posebne oblike glagola **šiliti**:
- Nedoločnik: **šiliti**
- Namenilnik: **šilit**
",spreganje,neosebne_oblike,train
953,dosladkati,Navedi vse osebe in čase za glagol dosladkati.,"Spreganje glagola **dosladkati**:

### Sedanjik
| Oseba | Ednina | Dvojina | Množina |
|---|---|---|---|
| 1. oseba | dosladkam | dosladkava | dosladkamo |
| 2. oseba | dosladkaš | dosladkata | dosladkate |
| 3. oseba | dosladka | dosladkata | dosladkajo |

### Preteklik
| Oseba | Ednina | Dvojina | Množina |
|---|---|---|---|
| 1. oseba | sem dosladkal / sem dosladkala | sva dosladkala / sva dosladkali | smo dosladkali / smo dosladkale |
| 2. oseba | si dosladkal / si dosladkala | sta dosladkala / sta dosladkali | ste dosladkali / ste dosladkale |
| 3. oseba | je dosladkal / je dosladkala | sta dosladkala / sta dosladkali | so dosladkali / so dosladkale |",spreganje,celotno_spreganje,train
2243,kritizirati,Naštej pomene besede kritizirati.,"Pomeni besede **kritizirati** so:
- Kritizirati pomeni o nekom ali nečem govoriti nezadovoljno ali sitno.
- Kritizirati nekoga ali nekaj pomeni izraziti svoje neodobravanje, tako da povemo, kaj je po našem mnenju narobe s to osebo ali stvarjo.
- Kritizirati pomeni najti šibke točke v neki trditvi ali teoriji.
- Kritizirati pomeni nekoga ali nekaj kritizirati.",pomen,nastevanje_pomenov,train
4537,ozeleniti,Kako se glasi velelnik glagola ozeleniti?,"Neosebne in posebne oblike glagola **ozeleniti**:
- Nedoločnik: **ozeleniti**
- Namenilnik: **ozelenit**
",spreganje,neosebne_oblike,train
18047,Gantarjev,Navedi primernik in presežnik za pridevnik/prislov Gantarjev.,"Stopnjevanje besede **Gantarjev**:

| Stopnja | Oblika |
|---|---|
| 1. Osnovnik (Pozitiv) | Gantarjev / Gantarjevega / Gantarjevemu / Gantarjevem / Gantarjevim / Gantarjeva / Gantarjevih / Gantarjevima / Gantarjevi / Gantarjeve / Gantarjevimi / Gantarjevo |
| 2. Primernik (Komparativ) | Gantarjev |
| 3. Presežnik (Superlativ) | Gantarjev |",stopnjevanje,vse_stopnje,train
521719,bios,Kateri je dajalnik množine besede bios?,3. Dajalnik (dajalnik) množine besede **bios** se glasi: **biosom**.,sklanjanje,posamezen_sklon,train
722442,talabanija,Kako se sklanja beseda talabanija?,"Sklanjatvena tabela za samostalnik **talabanija**:

| Sklon | Ednina | Dvojina | Množina |
|---|---|---|---|
| 1. Imenovalnik | talabanija | talabaniji | talabanije |
| 2. Rodilnik | talabanije | talabanij | talabanij |
| 3. Dajalnik | talabaniji | talabanijama | talabanijam |
| 4. Tožilnik | talabanijo | talabaniji | talabanije |
| 5. Mestnik | pri talabaniji | pri talabanijah | pri talabanijah |
| 6. Orodnik | s talabanijo | s talabanijama | s talabanijami |",sklanjanje,celotna_sklanjatev,train
736556,tranilcipromin,Katere sklone ima beseda tranilcipromin v ednini?,"Sklanjatvene oblike besede **tranilcipromin** v ednini:

| Sklon | Ednina |
|---|---|
| 1. Imenovalnik | tranilcipromin |
| 2. Rodilnik | tranilcipromina |
| 3. Dajalnik | tranilciprominu |
| 4. Tožilnik | tranilcipromin |
| 5. Mestnik | pri tranilciprominu |
| 6. Orodnik | s tranilciprominom |",sklanjanje,sklanjatev_po_stevilu,train
511352,odteščati,Ali je glagol odteščati dovršni ali nedovršni?,Beseda **odteščati** je dovršni glagol.,besedna_vrsta,vrsta_in_vid_glagola,train
616543,kosmika,"Ali je samostalnik kosmika moškega, ženskega ali srednjega spola?",Samostalnik **kosmika** je ženskega spola.,besedna_vrsta,spol_samostalnika,train
121,glodavec,Podaj razlago pomena za besedo glodavec.,"Beseda **glodavec** ima naslednje pomene:
- red sesalcev",pomen,razlaga_pomena,train
67763,lubenica,Navedi različne pomene besede lubenica.,"Pomeni besede **lubenica** so:
- v pomenu: plod
- v pomenu: rastlina
- Lubenica je velik, okrogel sadež z zeleno lupino, rožnatim mesom in črnimi semeni.",pomen,nastevanje_pomenov,train
45410,svetleč,Opiši pomen besede svetleč.,"Beseda **svetleč** ima naslednje pomene:
- Kar je svetleče, sije ali žari v temi.
- Lasje ali dlaka, ki je svetleča, je gladka in se blešči.",pomen,razlaga_pomena,train
669601,drožin,Določi spol samostalnika drožin.,Samostalnik **drožin** je moškega spola.,besedna_vrsta,spol_samostalnika,train
610640,iro,Slovnično analiziraj obliko ira besede iro.,"Oblika **ira** pri besedi *iro* izraža:
- 1. Imenovalnik (dvojine)",sklanjanje,analiza_oblike,train
678095,gailey,Izpiši množino besede gailey po sklonih.,"Sklanjatvene oblike besede **gailey** v množini:

| Sklon | Množina |
|---|---|
| 1. Imenovalnik | gailey |
| 2. Rodilnik | gailey |
| 3. Dajalnik | gailey |
| 4. Tožilnik | gailey |
| 5. Mestnik | pri gailey |
| 6. Orodnik | z gailey |",sklanjanje,sklanjatev_po_stevilu,train
45572,tolikokrat,Izpiši 3 kolokacij besede tolikokrat.,"Izpis 3 kolokacij za besedo **tolikokrat**:
1. tolikokrat doslej
2. tolikokrat prej
3. tolikokrat omenjen",kolokacije,stevilsko_opredeljene_kolokacije,train
486400,jet,Kaj po besedni vrsti pomeni jet?,Beseda **jet** je pridevnik.,besedna_vrsta,osnovne_lastnosti,train
608805,honourable,Določi sklon in število za obliko honourablejema (lema honourable).,"Oblika **honourablejema** pri besedi *honourable* izraža:
- 6. Orodnik (dvojine)",sklanjanje,analiza_oblike,train
521328,berrettini,Katera je lema besede berrettinijev?,Osnovna oblika (lema) besede **berrettinijev** je **berrettini** (samostalnik).,sklanjanje,osnovna_oblika_leme,train
5291,pokrneti,Izpiši Sedanjik glagola pokrneti po osebah.,"Sedanjik glagola **pokrneti**:

| Oseba | Ednina | Dvojina | Množina |
|---|---|---|---|
| 1. oseba | pokrnim | pokrniva | pokrnimo |
| 2. oseba | pokrniš | pokrnita | pokrnite |
| 3. oseba | pokrni | pokrnita | pokrnijo |",spreganje,spreganje_v_casu,train
569464,sidarta,Kako poteka sklanjatev besede sidarta za ednino?,"Sklanjatvene oblike besede **sidarta** v ednini:

| Sklon | Ednina |
|---|---|
| 1. Imenovalnik | sidarta |
| 2. Rodilnik | sidarte / sidarta |
| 3. Dajalnik | sidartu / sidarti |
| 4. Tožilnik | sidarto / sidarta |
| 5. Mestnik | pri sidarti / pri sidartu |
| 6. Orodnik | s sidarto / s sidartom |",sklanjanje,sklanjatev_po_stevilu,train
27159,okreten,Katere sopomenke obstajajo za izraz okreten?,"Sopomenke besede **okreten** so:
- gibek
- iznajdljiv
- premeten
- lahko vodljiv
- z dobrimi manevrskimi sposobnostmi
- gibčen
- prožen
- živahen
- spreten
- hiter
- uren",sopomenke,navedi_sopomenke,train
481457,poklikati,Izpiši Sedanjik glagola poklikati po osebah.,"Sedanjik glagola **poklikati**:

| Oseba | Ednina | Dvojina | Množina |
|---|---|---|---|
| 1. oseba | poklikam | poklikava | poklikamo |
| 2. oseba | poklikaš | poklikata | poklikate |
| 3. oseba | poklika | poklikata | poklikajo |",spreganje,spreganje_v_casu,train
551270,mae,Katero slovnično funkcijo ima maete v sklanjatvenem vzorcu mae?,"Oblika **maete** pri besedi *mae* izraža:
- 4. Tožilnik (množine)",sklanjanje,analiza_oblike,train
705540,pizarre,Prikaži sklanjatvene oblike v dvojini za besedo pizarre.,"Sklanjatvene oblike besede **pizarre** v dvojini:

| Sklon | Dvojina |
|---|---|
| 1. Imenovalnik | / |
| 2. Rodilnik | pizarrejev |
| 3. Dajalnik | pizarrejema |
| 4. Tožilnik | pizarreja |
| 5. Mestnik | pri pizarrejih |
| 6. Orodnik | s pizarrejema |",sklanjanje,sklanjatev_po_stevilu,train
6281,pregibati,Preveri večpomenskost besede pregibati.,"Beseda **pregibati** ima registrirana 1 pomen:
1. Kadar se beseda pregiba, se njena končnica ali oblika spremeni, da pokaže njeno slovnično vlogo ali število. Na primer, 'makes', 'making' in 'made' so oblike glagola 'make' v različnih slovničnih oblikah.",pomen,stevilka_pomenov,train
562372,posner,Navedi slovnične značilnosti za lemo posner.,Beseda **posner** je samostalnik. Beseda je lastno ime in je moškega spola.,besedna_vrsta,osnovne_lastnosti,train
73646,občutljivost,Razvrsti in naštej pomene besede občutljivost.,"Pomeni besede **občutljivost** so:
- Če v določenem delu telesa nimate občutljivosti, ne veste, kdaj se vas tam kdo dotakne.",pomen,nastevanje_pomenov,train
62927,kapilarnost,V kateri obliki nastopa beseda kapilarnosti v povedi: 'Vzrok kapilarnosti so privlačne sile med molekulami kapljevine in molekulami na površini kapilare.'?,"V povedi *""Vzrok kapilarnosti so privlačne sile med molekulami kapljevine in molekulami na površini kapilare.""* nastopa beseda **kapilarnosti** kot pregibna oblika (MSD: Sozdt) besede *kapilarnost*.",primeri_uporabe,analiza_oblike_v_povedi,train
35193,stopiški,Katere so najbolj znane kolokacije besede stopiški?,"Tipične kolokacije z besedo **stopiški**:
- stopiška šola
- STOPIŠKE IGRE
- stopiški župnik
- stopiški gasilci
- stopiška fara
- Stopiška telovadnica",kolokacije,navedi_kolokacije,train
592833,bricl,Izpiši množino besede bricl po sklonih.,"Sklanjatvene oblike besede **bricl** v množini:

| Sklon | Množina |
|---|---|
| 1. Imenovalnik | bricl |
| 2. Rodilnik | bricl |
| 3. Dajalnik | bricl |
| 4. Tožilnik | bricl |
| 5. Mestnik | pri bricl |
| 6. Orodnik | z bricl |",sklanjanje,sklanjatev_po_stevilu,train
43654,plitko,Poišči sopomenke za plitko.,"Sopomenke besede **plitko** so:
- plitvo",sopomenke,navedi_sopomenke,train
706960,primettes,Prikaži tabelo sklanjatve besede primettes v ednini.,"Sklanjatvene oblike besede **primettes** v ednini:

| Sklon | Ednina |
|---|---|
| 1. Imenovalnik | primettes |
| 2. Rodilnik | primettesa |
| 3. Dajalnik | primettesu |
| 4. Tožilnik | primettesa |
| 5. Mestnik | pri primettesu |
| 6. Orodnik | / |",sklanjanje,sklanjatev_po_stevilu,train
72685,nerazpoloženost,Katere besede imajo podoben pomen kot nerazpoloženost?,"Sopomenke besede **nerazpoloženost** so:
- kislost
- indisponiranost
- slabo počutje
- jeza
- grenkoba
- čemernost
- nejevoljnost
- slaba volja",sopomenke,navedi_sopomenke,train
543074,jetzt,Katere slovnične lastnosti nosi oblika jetztu besede jetzt?,"Oblika **jetztu** pri besedi *jetzt* izraža:
- 3. Dajalnik (ednine)",sklanjanje,analiza_oblike,train
515350,zahrustljati,Navedi nedoločnik in velelniške oblike za glagol zahrustljati.,"Neosebne in posebne oblike glagola **zahrustljati**:
- Nedoločnik: **zahrustljati**
- Namenilnik: **zahrustljat**
",spreganje,neosebne_oblike,train
564002,predvbrizg,"Povej, kakšnega spola je beseda predvbrizg.",Samostalnik **predvbrizg** je moškega spola.,besedna_vrsta,spol_samostalnika,train
572966,sörenstam,Kakšne so slovnične lastnosti besede sörenstam?,Beseda **sörenstam** je samostalnik. Beseda je lastno ime in je ženskega spola.,besedna_vrsta,osnovne_lastnosti,train
467046,zavrteti,Podaj razlago pomena za besedo zavrteti.,"Beseda **zavrteti** ima naslednje pomene:
- Če zavrtiš gramofonsko ploščo ali kaseto, jo poslušaš.
- Če zavrtite ploščo, kaseto ali videokaseto, jo položite na gramofon ali v predvajalnik z namenom, da bi jo poslušali ali gledali.
- Zavrteti pomeni, da nekaj, kar smo posneli na magnetofonski ali filmski trak, predvajamo z namenom, da to poslušamo ali si ogledamo s posebno napravo.
- Kadar se nekaj zavrti, se obrne okoli centralne točke, tako da je obrnjeno v drugo smer.
- Zavrteti pomeni nekaj obrniti tako, da se zavrti okoli svoje osi.",pomen,razlaga_pomena,train
636664,saletros,V kateri lemi se nahaja oblika saletrosi?,Osnovna oblika (lema) besede **saletrosi** je **saletros** (samostalnik).,sklanjanje,osnovna_oblika_leme,train
513593,sezati,Navedi vse osebe in čase za glagol sezati.,"Spreganje glagola **sezati**:

### Sedanjik
| Oseba | Ednina | Dvojina | Množina |
|---|---|---|---|
| 1. oseba | sežem | seževa | sežemo |
| 2. oseba | sežeš | sežeta | sežete |
| 3. oseba | seže | sežeta | sežejo |

### Preteklik
| Oseba | Ednina | Dvojina | Množina |
|---|---|---|---|
| 1. oseba | sem sezalo / sem sezal | sva sezali / sva sezala | smo sezali / smo sezala |
| 2. oseba | si sezalo / si sezal | sta sezali / sta sezala | ste sezali / ste sezala |
| 3. oseba | je sezalo / je sezal | sta sezali / sta sezala | so sezali / so sezala |",spreganje,celotno_spreganje,train
485868,mortale,Izpiši 3. Dajalnik sklon dvojine besede mortale.,3. Dajalnik (dajalnik) dvojine besede **mortale** se glasi: **mortalejema**.,sklanjanje,posamezen_sklon,train
4021,okajati,Opiši vid in vrsto glagola okajati.,Beseda **okajati** je dvovidski glagol.,besedna_vrsta,vrsta_in_vid_glagola,train
61990,jedro,Izpiši vse registrirane pomene besede jedro.,"Pomeni besede **jedro** so:
- z membrano obdan organel, ki ga najdemo v večini evkariontskih celic
- Jedro situacije je najpomembnejša stvar, ki je vključena.
- Jedro sadeža je trd osrednji del, ki vsebuje semena ali pečke.
- Jedro nečesa je osrednji ali najpomembnejši del.
- Jedro problema ali spora je najpomembnejši ali najtežji del, ki vpliva na vse drugo.
- Jedro je temeljna in najpomembnejša značilnost nečesa, po kateri je tisto prepoznavno.
- Jedro govora, razgovora ali zapisa je njegov splošni pomen.
- Jedro nečesa je osrednji ali najpomembnejši del tega.
- Jedro atoma ali celice je osrednji del le-tega.
- Najpomembnejše ljudi v skupini lahko imenujemo jedro.
- Jedro osebja predstavlja najmanjše število osebja, potrebnega za delovanje neke organizacije.",pomen,nastevanje_pomenov,train
609561,hermija,Kako se beseda hermija sklanja v dvojini?,"Sklanjatvene oblike besede **hermija** v dvojini:

| Sklon | Dvojina |
|---|---|
| 1. Imenovalnik | hermiji |
| 2. Rodilnik | hermij |
| 3. Dajalnik | hermijama |
| 4. Tožilnik | hermiji |
| 5. Mestnik | pri hermijah |
| 6. Orodnik | s hermijama |",sklanjanje,sklanjatev_po_stevilu,train
65819,križarka,Navedi stavčne primere za besedo križarka.,"Primeri uporabe besede **križarka** v povedih:
- *Velik hit pa so letos križarjenja z razkošnimi križarkami.*
- *Na križarjenju z veličastno križarko boste videli in doživeli več, kot si upate sanjati.*
- *Njegova izjava in osupel pogled me spomnita na Spocka, kadar se je na krovu medzvezdne križarke Enterprise srečal s kakim znanstveno nerazložljivim pojavom.*
- *Hkrati je bil narejen velik napredek na področju udobja, saj so se oklenili rešitev iz svojih velikih potovalnih limuzin, tudi svoje križarke razreda S.*
- *Po tej plati je Epica avtocestna križarka, ki se izkaže predvsem s tem, da tudi po daljših poteh hrbet ne trpi, voznik in sopotnik pa ostaneta presenetljivo spočita (vsaj kar se sedenja tiče).*",primeri_uporabe,povedi_z_besedo,train
37152,varietejski,Kakšne so slovnične lastnosti besede varietejski?,Beseda **varietejski** je pridevnik.,besedna_vrsta,osnovne_lastnosti,train
643533,temponauta,Izpiši sklanjatveno tabelo samostalnika temponauta.,"Sklanjatvena tabela za samostalnik **temponauta**:

| Sklon | Ednina | Dvojina | Množina |
|---|---|---|---|
| 1. Imenovalnik | temponauta | temponauta | temponauti / temponaute |
| 2. Rodilnik | temponauta / temponaute | temponautov / temponaut | temponautov / temponaut |
| 3. Dajalnik | temponauti / temponautu | temponautoma / temponautama | temponautom / temponautam |
| 4. Tožilnik | temponauto / temponauta | temponauta / temponauti | temponaute |
| 5. Mestnik | pri temponautu / pri temponauti | pri temponautih / pri temponautah | pri temponautih / pri temponautah |
| 6. Orodnik | s temponauto / s temponautom | s temponautama / s temponautoma | s temponauti / s temponautami |",sklanjanje,celotna_sklanjatev,train
513346,ruralizirati,Navedi sinonime za besedo ruralizirati.,"Sopomenke besede **ruralizirati** so:
- narediti kmečko
- narediti podeželsko",sopomenke,navedi_sopomenke,train
61106,izločalo,Kako se beseda izločalo uporablja v stavkih?,"Primeri uporabe besede **izločalo** v povedih:
- *Po ajurvedskem izročilu žlica medu v kozarcu tople vode blagodejno deluje na ledvice, saj spodbuja izločanje urina in čisti izločala.*
- *V izločalih se izločijo nerabne in telesu škodljive snovi.*",primeri_uporabe,povedi_z_besedo,train
610036,ikejin,Iz katere osnovne oblike izvira oblika ikejine?,Osnovna oblika (lema) besede **ikejine** je **ikejin** (samostalnik).,sklanjanje,osnovna_oblika_leme,train
59039,hazarder,Kako v praksi uporabimo besedo hazarder?,"Primeri uporabe besede **hazarder** v povedih:
- *Zanimiv je tudi podatek, da kar dobro polovico dohodka igralnicam prinesejo patološki hazarderji, teh pa je v ZDA skoraj tri odstotke ali približno 7,5 milijona celotne populacije.*
- *Fant je namreč velik hazarder, ki v igralnicah pusti veliko denarja.*
- *Sam ni še nikoli stavil, zato si še toliko bolj želi postati pravi hazarder.*
- *Kljub videzu hazarderja nikoli ne tvega brezglavo. Vedno se loteva stvari, ki jih pred tem preštudira s fanatično strastjo po obvladovanju, po znanju.*",primeri_uporabe,povedi_z_besedo,train
89498,slinjenje,Izpiši obliko: orodnik dvojine za slinjenje.,6. Orodnik (orodnik) dvojine besede **slinjenje** se glasi: **s slinjenjema**.,sklanjanje,posamezen_sklon,train
84912,razcepljanje,Kateri spol ima beseda razcepljanje?,Samostalnik **razcepljanje** je srednjega spola.,besedna_vrsta,spol_samostalnika,train
69418,michigan,Izpiši 5 kolokacij besede michigan.,"Izpis 5 kolokacij za besedo **michigan**:
1. univerza v Michiganu
2. vikar Michigana
3. demokrat iz Michigana
4. Volivci Michigana
5. delegati iz Michigana",kolokacije,stevilsko_opredeljene_kolokacije,train
28489,pirenejski,Poišči 8 tipičnih besednih zvez za besedo pirenejski.,"Izpis 8 kolokacij za besedo **pirenejski**:
1. Pirenejski polotok
2. pirenejska etapa
3. pirenejski vzponi
4. Pirenejski pes
5. pirenejska preizkušnja
6. pirenejska državica
7. pirenejski ovčar
8. alpski in pirenejski",kolokacije,stevilsko_opredeljene_kolokacije,train
638063,shaik,Sestavi sklanjatveno tabelo za besedo shaik.,"Sklanjatvena tabela za samostalnik **shaik**:

| Sklon | Ednina | Dvojina | Množina |
|---|---|---|---|
| 1. Imenovalnik | shaik | shaika | shaiki |
| 2. Rodilnik | shaika | shaikov | shaikov |
| 3. Dajalnik | shaiku | shaikoma | shaikom |
| 4. Tožilnik | shaika | shaika | shaike |
| 5. Mestnik | pri shaiku | pri shaikih | pri shaikih |
| 6. Orodnik | s shaikom | s shaikoma | s shaiki |",sklanjanje,celotna_sklanjatev,train
78596,pluralizem,Prikaži seznam pogostih kolokacij z besedo pluralizem.,"Tipične kolokacije z besedo **pluralizem**:
- politični pluralizem
- medijski pluralizem
- kulturni pluralizem
- pluralizem interesov
- pluralizem medijev
- pluralizem mnenj
- demokracija in pluralizem
- sindikalni pluralizem
- strankarski pluralizem
- zagotavljanje pluralizma",kolokacije,navedi_kolokacije,train
86729,ropotanje,Opiši pomen besede ropotanje.,"Beseda **ropotanje** ima naslednje pomene:
- Ropotanje so ponavljajoči se globoki zvoki.",pomen,razlaga_pomena,train
1381,iluminirati,Kako se po osebah sprega glagol iluminirati v sedanjiku?,"Sedanjik glagola **iluminirati**:

| Oseba | Ednina | Dvojina | Množina |
|---|---|---|---|
| 1. oseba | iluminiram | iluminirava | iluminiramo |
| 2. oseba | iluminiraš | iluminirata | iluminirate |
| 3. oseba | iluminira | iluminirata | iluminirajo |",spreganje,spreganje_v_casu,train
46486,abota,Katere besedne zveze so pogoste z besedo abota?,"Tipične kolokacije z besedo **abota**:
- Vida abot",kolokacije,navedi_kolokacije,train
461888,bogato,Kaj pomeni beseda bogato?,"Beseda **bogato** ima naslednje pomene:
- Z besedo bogato povemo, da je nekdo za tisto, kar je naredil, zaslužil ali dobil nekaj dragocenega.
- Z besedo bogato povemo, da ima kraj ali stvar veliko dragocenih ali zanimivih stvari.",pomen,razlaga_pomena,train
78240,planja,"Kakšna je slovnična oblika besede planjah v povedi: 'Okrepčevalnica in hotel sta dobila ime po obsežnih planinskih tratah – planjah, ki so nastale pred stoletji, ko so pastirji krčili gozdove in delali pašnike za živino.'?","V povedi *""Okrepčevalnica in hotel sta dobila ime po obsežnih planinskih tratah – planjah, ki so nastale pred stoletji, ko so pastirji krčili gozdove in delali pašnike za živino.""* nastopa beseda **planjah** kot pregibna oblika (MSD: Sozmm) besede *planja*.",primeri_uporabe,analiza_oblike_v_povedi,train
74838,ogorčenost,Katere so 8 tipične kolokacije z besedo ogorčenost?,"Izpis 8 kolokacij za besedo **ogorčenost**:
1. izraziti ogorčenost
2. moralna ogorčenost
3. izražati ogorčenost
4. jeza in ogorčenost
5. Ogorčenost je večja
6. velika ogorčenost
7. ogorčenost javnosti
8. zaskrbljenost in ogorčenost",kolokacije,stevilsko_opredeljene_kolokacije,train
4649,penzionirati,Izpiši celotno spreganje glagola penzionirati.,"Spreganje glagola **penzionirati**:

### Sedanjik
| Oseba | Ednina | Dvojina | Množina |
|---|---|---|---|
| 1. oseba | penzioniram | penzionirava | penzioniramo |
| 2. oseba | penzioniraš | penzionirata | penzionirate |
| 3. oseba | penzionira | penzionirata | penzionirajo |

### Preteklik
| Oseba | Ednina | Dvojina | Množina |
|---|---|---|---|
| 1. oseba | sem penzioniralo / sem penzioniral | sva penzionirali / sva penzionirala | smo penzionirale / smo penzionirala |
| 2. oseba | si penzioniralo / si penzioniral | sta penzionirali / sta penzionirala | ste penzionirale / ste penzionirala |
| 3. oseba | je penzioniralo / je penzioniral | sta penzionirali / sta penzionirala | so penzionirale / so penzionirala |",spreganje,celotno_spreganje,train
450671,znotrajšolski,Poišči sopomenke za znotrajšolski.,"Sopomenke besede **znotrajšolski** so:
- šolski
- interen",sopomenke,navedi_sopomenke,train
8543,stopiti,Preveri število registriranih pomenov besede stopiti.,"Beseda **stopiti** ima registrirana 1 pomen:
1. Stopiti pomeni premakniti se v določeno smer.",pomen,stevilka_pomenov,train
56627,fonem,Navedi število in kratek opis pomenov besede fonem.,"Beseda **fonem** ima registrirana 2 pomene:
1. v pomenu: glasovna enota
2. najmanjša glasovna enota, s katero govorci določenega jezika razlikujejo pomen besed",pomen,stevilka_pomenov,train
34363,sokrajanov,Stopnjuj besedo sokrajanov.,"Stopnjevanje besede **sokrajanov**:

| Stopnja | Oblika |
|---|---|
| 1. Osnovnik (Pozitiv) | sokrajanov / sokrajanovega / sokrajanovemu / sokrajanovem / sokrajanovim / sokrajanova / sokrajanovih / sokrajanovima / sokrajanovi / sokrajanove / sokrajanovimi / sokrajanovo |
| 2. Primernik (Komparativ) | sokrajanov |
| 3. Presežnik (Superlativ) | sokrajanov |",stopnjevanje,vse_stopnje,train
514597,vlačugati,Izpiši neosebne oblike glagola vlačugati.,"Neosebne in posebne oblike glagola **vlačugati**:
- Nedoločnik: **vlačugati**
- Namenilnik: **vlačugat**
",spreganje,neosebne_oblike,train
28609,Platišev,Navedi primerne kolokacije za samostalnik/besedo Platišev.,"Tipične kolokacije z besedo **Platišev**:
- Platiševa ulica
- Platiševi otroki",kolokacije,navedi_kolokacije,train
533050,empatičnost,Prikaži sklanjatev besede empatičnost za dvojino.,"Sklanjatvene oblike besede **empatičnost** v dvojini:

| Sklon | Dvojina |
|---|---|
| 1. Imenovalnik | / |
| 2. Rodilnik | / |
| 3. Dajalnik | empatičnostma |
| 4. Tožilnik | empatičnosti |
| 5. Mestnik | pri empatičnostih |
| 6. Orodnik | z empatičnostma |",sklanjanje,sklanjatev_po_stevilu,train
65588,kredibilnost,Preveri število registriranih pomenov besede kredibilnost.,"Beseda **kredibilnost** ima registrirana 1 pomen:
1. značilnost; prav tako istovetnost in sposobnost opazovalca presoditi take informacije",pomen,stevilka_pomenov,train
726454,wajcman,Katere sklone ima beseda wajcman v ednini?,"Sklanjatvene oblike besede **wajcman** v ednini:

| Sklon | Ednina |
|---|---|
| 1. Imenovalnik | / |
| 2. Rodilnik | wajcmana |
| 3. Dajalnik | wajcmanu |
| 4. Tožilnik | wajcmana |
| 5. Mestnik | pri wajcmanu |
| 6. Orodnik | z wajcmanom |",sklanjanje,sklanjatev_po_stevilu,train
83433,pripetljaj,Navedi število in kratek opis pomenov besede pripetljaj.,"Beseda **pripetljaj** ima registrirana 2 pomene:
1. Pripetljaj je nekaj, kar se zgodi, ponavadi nepričakovano.
2. Pripetljaj je dogodek, zlasti neprijeten.",pomen,stevilka_pomenov,train
6635,preplašiti,Naštej pomene besede preplašiti.,"Pomeni besede **preplašiti** so:
- Kadar nekaj preplaši nekoga, to človeka nenadoma prestraši ali razburi.
- Preplašiti nekoga pomeni ga spraviti v takšno stanje strahu, da odide stran in nam ne stori česa hudega.
- Preplašiti nekoga pomeni doseči, da ne želi biti vpleten v nekaj.",pomen,nastevanje_pomenov,train
822,direktorovati,Navedi nedoločnik in velelniške oblike za glagol direktorovati.,"Neosebne in posebne oblike glagola **direktorovati**:
- Nedoločnik: **direktorovati**
- Namenilnik: **direktorovat**
",spreganje,neosebne_oblike,train
100268,zupan,Katera je lema besede zupanom?,Osnovna oblika (lema) besede **zupanom** je **zupan** (samostalnik).,sklanjanje,osnovna_oblika_leme,train
586824,avgenakis,"Povej, kakšnega spola je beseda avgenakis.",Samostalnik **avgenakis** je moškega spola.,besedna_vrsta,spol_samostalnika,train
61884,jarovizacija,S katerimi sinonimi opisujemo besedo jarovizacija?,"Sopomenke besede **jarovizacija** so:
- vernalizacija",sopomenke,navedi_sopomenke,test
739961,lentiformen,Katero sklanjatveno obliko predstavlja beseda lentiformnih pri lemi lentiformen?,"Oblika **lentiformnih** pri besedi *lentiformen* izraža:
- pregibna oblika",sklanjanje,analiza_oblike,test
29374,pomirjujoč,Koliko pomenov ima beseda pomirjujoč?,"Beseda **pomirjujoč** ima registrirana 1 pomen:
1. Kar je pomirjajoče, pomaga, da smo mirni in sproščeni.",pomen,stevilka_pomenov,test
45596,tragikomično,Prikaži seznam pogostih kolokacij z besedo tragikomično.,"Tipične kolokacije z besedo **tragikomično**:
- bolj tragikomično
- delovati tragikomično
- najbolj tragikomično
- izzveneti tragikomično
- tragikomično se končati
- zveneti tragikomično
- tako tragikomično
- malce tragikomično",kolokacije,navedi_kolokacije,test
559236,our,Kateri je imenovalnik ednine za obliko ourjem?,Osnovna oblika (lema) besede **ourjem** je **our** (samostalnik).,sklanjanje,osnovna_oblika_leme,test
662532,badra,"Ali spada badra med samostalnike moškega, ženskega ali srednjega spola?",Samostalnik **badra** je ženskega spola.,besedna_vrsta,spol_samostalnika,test
531663,electronic,Kako poteka sklanjatev besede electronic za dvojino?,"Sklanjatvene oblike besede **electronic** v dvojini:

| Sklon | Dvojina |
|---|---|
| 1. Imenovalnik | electronica |
| 2. Rodilnik | electronicev |
| 3. Dajalnik | electronicema |
| 4. Tožilnik | electronica |
| 5. Mestnik | pri electronicih |
| 6. Orodnik | z electronicema |",sklanjanje,sklanjatev_po_stevilu,test
461352,habečkov,"Izpiši osnovnik, primernik in presežnik za habečkov.","Stopnjevanje besede **habečkov**:

| Stopnja | Oblika |
|---|---|
| 1. Osnovnik (Pozitiv) | habečkovem / habečkovi / habečkovih / habečkovemu / habečkovima / habečkovo / habečkovim / habečkovimi / habečkove / habečkovega / habečkova / habečkov |
| 2. Primernik (Komparativ) | habečkov |
| 3. Presežnik (Superlativ) | habečkov |",stopnjevanje,vse_stopnje,test
639022,slovencema,"Ali spada slovencema med samostalnike moškega, ženskega ali srednjega spola?",Samostalnik **slovencema** je moškega spola.,besedna_vrsta,spol_samostalnika,test
1141,fotografirati,Kateri vid in katero vrsto glagola predstavlja fotografirati?,Beseda **fotografirati** je dvovidski glagol.,besedna_vrsta,vrsta_in_vid_glagola,test
7217,privabiti,Prikaži celotno spreganje glagola privabiti.,"Spreganje glagola **privabiti**:

### Sedanjik
| Oseba | Ednina | Dvojina | Množina |
|---|---|---|---|
| 1. oseba | privabim | privabiva | privabimo |
| 2. oseba | privabiš | privabita | privabite |
| 3. oseba | privabi | privabita | privabijo |

### Preteklik
| Oseba | Ednina | Dvojina | Množina |
|---|---|---|---|
| 1. oseba | sem privabil / sem privabila | sva privabila / sva privabili | smo privabili / smo privabile |
| 2. oseba | si privabil / si privabila | sta privabila / sta privabili | ste privabili / ste privabile |
| 3. oseba | je privabil / je privabila | sta privabila / sta privabili | so privabili / so privabile |",spreganje,celotno_spreganje,test
461063,desetsekunden,Kaj po besedni vrsti pomeni desetsekunden?,Beseda **desetsekunden** je pridevnik.,besedna_vrsta,osnovne_lastnosti,test
4377,oslepiti,Spregaj glagol oslepiti.,"Spreganje glagola **oslepiti**:

### Sedanjik
| Oseba | Ednina | Dvojina | Množina |
|---|---|---|---|
| 1. oseba | oslepim | oslepiva | oslepimo |
| 2. oseba | oslepiš | oslepita | oslepite |
| 3. oseba | oslepi | oslepita | oslepijo |

### Preteklik
| Oseba | Ednina | Dvojina | Množina |
|---|---|---|---|
| 1. oseba | sem oslepil / sem oslepila | sva oslepila / sva oslepili | smo oslepili / smo oslepile |
| 2. oseba | si oslepil / si oslepila | sta oslepila / sta oslepili | ste oslepili / ste oslepile |
| 3. oseba | je oslepil / je oslepila | sta oslepila / sta oslepili | so oslepili / so oslepile |",spreganje,celotno_spreganje,test
3237,obgovarjati,Kateri vid in katero vrsto glagola predstavlja obgovarjati?,Beseda **obgovarjati** je dvovidski glagol.,besedna_vrsta,vrsta_in_vid_glagola,test
65974,krožnica,Navedi soznačice za besedo krožnica.,"Sopomenke besede **krožnica** so:
- obod
- obseg",sopomenke,navedi_sopomenke,test
34628,splošen,Kako se beseda splošen pojavlja v besedilnem kontekstu?,"Primeri uporabe besede **splošen** v povedih:
- *Opisovanje splošnih potez življenja je pomembno, saj nam omogoča boljše razumevanje in prilagajanje našega vsakdanjega obstoja. To vključuje opisovanje rut*
- *Obravnavati splošna vprašanja pomeni, da se ukvarjamo s širokim spektrom tem, ki niso omejene na specifično področje ali ozko tematiko.*
- *Splošni politični položaj v državi je trenutno precej nestabilen. Vlada se sooča z velikimi izzivi in ​​kritikami zaradi svoje politike in odločitev, kar je privedlo do nara*
- *Splošen vtis, ki se je porajal med ljudmi, je bil, da v mestu primanjkuje trgovin.*
- *V gostilni, kjer so se ljudje mirno zabavali ob kozarčku in prijetni glasbi, se je nenadoma začel splošen pretep.*",primeri_uporabe,povedi_z_besedo,train
34272,Sobenji,Navedi tipične kolokacije z besedo Sobenji.,"Tipične kolokacije z besedo **Sobenji**:
- Sobenja vas",kolokacije,navedi_kolokacije,train
96775,voluharica,Kateri slovnični spol ima beseda voluharica?,Samostalnik **voluharica** je ženskega spola.,besedna_vrsta,spol_samostalnika,train
99326,zgodba,"Določi sklon in število besede zgodb v povedi 'Nikolaj V. je, ko je nastopil papeško službo, plačal več kot 1000 funtov pesniku Francescu Filelfu, da je napisal knjigo zgodb, ki so jih opisali kot ""najbolj nagnusna dela, ki jih je kdaj ustvarila surova kljubovalnost in umazana domišljija"".'.","V povedi *""Nikolaj V. je, ko je nastopil papeško službo, plačal več kot 1000 funtov pesniku Francescu Filelfu, da je napisal knjigo zgodb, ki so jih opisali kot ""najbolj nagnusna dela, ki jih je kdaj ustvarila surova kljubovalnost in umazana domišljija"".""* nastopa beseda **zgodb** kot pregibna oblika (MSD: Sozmr) besede *zgodba*.",primeri_uporabe,analiza_oblike_v_povedi,train
18557,Gradov,Določi sklon in število za obliko Gradovemu (lema Gradov).,"Oblika **Gradovemu** pri besedi *Gradov* izraža:
- pregibna oblika",sklanjanje,analiza_oblike,train
726978,wibier,Prikaži pregled sklanjatvenih oblik besede wibier.,"Sklanjatvena tabela za samostalnik **wibier**:

| Sklon | Ednina | Dvojina | Množina |
|---|---|---|---|
| 1. Imenovalnik | wibier | wibierja | wibierji |
| 2. Rodilnik | / | / | wibierjev |
| 3. Dajalnik | wibierju | wibierjema | / |
| 4. Tožilnik | wibierja | wibierja | wibierje |
| 5. Mestnik | pri wibierju | pri wibierjih | pri wibierjih |
| 6. Orodnik | z wibierjem | z wibierjema | z wibierji |",sklanjanje,celotna_sklanjatev,train
656793,arzenik,Sestavi sklanjatveno tabelo za besedo arzenik.,"Sklanjatvena tabela za samostalnik **arzenik**:

| Sklon | Ednina | Dvojina | Množina |
|---|---|---|---|
| 1. Imenovalnik | arzenik | arzenika | arzeniki |
| 2. Rodilnik | arzenika | arzenikov | arzenikov |
| 3. Dajalnik | arzeniku | arzenikoma | arzenikom |
| 4. Tožilnik | arzenika | arzenika | arzenike |
| 5. Mestnik | pri arzeniku | pri arzenikih | pri arzenikih |
| 6. Orodnik | z arzenikom | z arzenikoma | z arzeniki |",sklanjanje,celotna_sklanjatev,train
712685,samri,Sklanjaj besedo samri samo v dvojini.,"Sklanjatvene oblike besede **samri** v dvojini:

| Sklon | Dvojina |
|---|---|
| 1. Imenovalnik | samrija |
| 2. Rodilnik | samrijev |
| 3. Dajalnik | samrijema |
| 4. Tožilnik | samrija |
| 5. Mestnik | pri samrijih |
| 6. Orodnik | s samrijema |",sklanjanje,sklanjatev_po_stevilu,train
90744,sponka,Poišči 10 tipičnih besednih zvez za besedo sponka.,"Izpis 10 kolokacij za besedo **sponka**:
1. sponka za papir
2. kovinske sponke
3. lasne sponke
4. sponka za lase
5. speti s sponko
6. varnostna sponka
7. imeti sponko
8. pritrditi s sponkami
9. okrasna sponka
10. spet s sponkami",kolokacije,stevilsko_opredeljene_kolokacije,train
50675,brvar,Kakšnega spola je samostalnik brvar?,Samostalnik **brvar** je moškega spola.,besedna_vrsta,spol_samostalnika,train
3513,odčitati,Spregaj glagol odčitati v sedanjiku.,"Sedanjik glagola **odčitati**:

| Oseba | Ednina | Dvojina | Množina |
|---|---|---|---|
| 1. oseba | odčitam | odčitava | odčitamo |
| 2. oseba | odčitaš | odčitata | odčitate |
| 3. oseba | odčita | odčitata | odčitajo |",spreganje,spreganje_v_casu,train
450353,kljusanje,Izpiši vse sklanjatvene oblike besede kljusanje v ednini.,"Sklanjatvene oblike besede **kljusanje** v ednini:

| Sklon | Ednina |
|---|---|
| 1. Imenovalnik | kljusanje |
| 2. Rodilnik | kljusanja |
| 3. Dajalnik | kljusanju |
| 4. Tožilnik | kljusanje |
| 5. Mestnik | pri kljusanju |
| 6. Orodnik | s kljusanjem |",sklanjanje,sklanjatev_po_stevilu,train
718393,schär,Prikaži sklanjatvene oblike v ednini za besedo schär.,"Sklanjatvene oblike besede **schär** v ednini:

| Sklon | Ednina |
|---|---|
| 1. Imenovalnik | / |
| 2. Rodilnik | schär |
| 3. Dajalnik | / |
| 4. Tožilnik | / |
| 5. Mestnik | / |
| 6. Orodnik | s schär |",sklanjanje,sklanjatev_po_stevilu,train
612745,jukatana,Kaj po besedni vrsti pomeni jukatana?,Beseda **jukatana** je samostalnik. Beseda je lastno ime in je ženskega spola.,besedna_vrsta,osnovne_lastnosti,train
90802,spoved,Navedi definicijo besede spoved.,"Beseda **spoved** ima naslednje pomene:
- Spoved je versko dejanje, pri katerem vernik duhovniku opiše svoje grehe in prosi za odpuščanje.",pomen,razlaga_pomena,train
78361,pleče,Preveri število registriranih pomenov besede pleče.,"Beseda **pleče** ima registrirana 1 pomen:
1. Pleče je kos mesa z gornjega dela prednje noge živali.",pomen,stevilka_pomenov,train
6199,precvikati,Spregaj glagol precvikati v sedanjiku.,"Sedanjik glagola **precvikati**:

| Oseba | Ednina | Dvojina | Množina |
|---|---|---|---|
| 1. oseba | precvikam | precvikava | precvikamo |
| 2. oseba | precvikaš | precvikata | precvikate |
| 3. oseba | precvika | precvikata | precvikajo |",spreganje,spreganje_v_casu,train
66883,lenič,Navedi 1 kolokativnih zvez za besedo lenič.,"Izpis 1 kolokacij za besedo **lenič**:
1. Pekarna Leniči",kolokacije,stevilsko_opredeljene_kolokacije,train
15344,ceven,S katerimi besedami se najpogosteje povezuje beseda ceven?,"Tipične kolokacije z besedo **ceven**:
- cevni okvir
- cevna bomba
- cevni radiator
- cevna konstrukcija
- cevna napeljava
- cevni grelci
- cevne inštalacije
- cevna kanalizacija
- cevni kolektorji
- cevna šasija",kolokacije,navedi_kolokacije,train
70117,modrica,Razloži pomen besede modrica.,"Beseda **modrica** ima naslednje pomene:
- Modrica je poškodba, ki nastane, kadar z delom telesa kam udarimo in nastanejo modrikaste lise.",pomen,razlaga_pomena,train
61888,jasa,Kateri je mestnik ednine besede jasa?,5. Mestnik (mestnik) ednine besede **jasa** se glasi: **pri jasi**.,sklanjanje,posamezen_sklon,train
510371,izprošati,Izpiši Sedanjik glagola izprošati po osebah.,"Sedanjik glagola **izprošati**:

| Oseba | Ednina | Dvojina | Množina |
|---|---|---|---|
| 1. oseba | izprošam | izprošava | izprošamo |
| 2. oseba | izprošaš | izprošata | izprošate |
| 3. oseba | izproša | izprošata | izprošajo |",spreganje,spreganje_v_casu,train
8187,sluzeti,Kako se glasijo neosebne oblike pri glagolu sluzeti?,"Neosebne in posebne oblike glagola **sluzeti**:
- Nedoločnik: **sluzeti**
- Namenilnik: **sluzet**
",spreganje,neosebne_oblike,train
46714,afront,"Kakšna je slovnična oblika besede afront v povedi: 'Gotovo v vseh sistemih, tudi v najbolj idiličnih demokracijah, upiranje in afront neizogibno vodita v težave.'?","V povedi *""Gotovo v vseh sistemih, tudi v najbolj idiličnih demokracijah, upiranje in afront neizogibno vodita v težave.""* nastopa beseda **afront** kot pregibna oblika (MSD: Sometn) besede *afront*.",primeri_uporabe,analiza_oblike_v_povedi,train
87357,samostanec,Razloži pomen besede samostanec.,"Beseda **samostanec** ima naslednje pomene:
- oseba posvečenega življenja, ki svoje življenje posveča višjemu cilju",pomen,razlaga_pomena,train
58716,gruda,Navedi definicijo besede gruda.,"Beseda **gruda** ima naslednje pomene:
- Gruda je velik sprimek prsti.
- Gruda je čvrst kos nečesa.",pomen,razlaga_pomena,train
515195,zgurati,"Kako glasi spreganje glagola zgurati v sedanjiku, pretekliku in prihodniku?","Spreganje glagola **zgurati**:

### Sedanjik
| Oseba | Ednina | Dvojina | Množina |
|---|---|---|---|
| 1. oseba | zguram | zgurava | zguramo |
| 2. oseba | zguraš | zgurata | zgurate |
| 3. oseba | zgura | zgurata | zgurajo |

### Preteklik
| Oseba | Ednina | Dvojina | Množina |
|---|---|---|---|
| 1. oseba | sem zguralo / sem zgurala | sva zgurali / sva zgurala | smo zgurali / smo zgurala |
| 2. oseba | si zguralo / si zgurala | sta zgurali / sta zgurala | ste zgurali / ste zgurala |
| 3. oseba | je zguralo / je zgurala | sta zgurali / sta zgurala | so zgurali / so zgurala |",spreganje,celotno_spreganje,train
95547,vampir,Prikaži seznam pomenov za besedo vampir.,"Pomeni besede **vampir** so:
- V srhljivkah so vampirji osebe, ki ponoči vstajajo iz groba in ljudem pijejo kri.",pomen,nastevanje_pomenov,train
509863,eksniti,Izpiši oblike po osebah in številu za Sedanjik glagola eksniti.,"Sedanjik glagola **eksniti**:

| Oseba | Ednina | Dvojina | Množina |
|---|---|---|---|
| 1. oseba | eksnem | eksneva | eksnemo |
| 2. oseba | eksneš | eksneta | eksnete |
| 3. oseba | eksne | eksneta | eksnejo |",spreganje,spreganje_v_casu,train
1384,imenovati,"Analiziraj rabo besede imenovati v povedi: 'Nekoga imenovati črke abecede pomeni, da se oseba imenuje po posamezni črki abecede. Na primer, če nekoga imenujemo črko ""A"", pomeni, da je ta ose'.","V povedi *""Nekoga imenovati črke abecede pomeni, da se oseba imenuje po posamezni črki abecede. Na primer, če nekoga imenujemo črko ""A"", pomeni, da je ta ose""* nastopa beseda **imenovati** kot pregibna oblika (MSD: Ggvn) besede *imenovati*.",primeri_uporabe,analiza_oblike_v_povedi,train
693761,magoši,Katere slovnične lastnosti nosi oblika magošija besede magoši?,"Oblika **magošija** pri besedi *magoši* izraža:
- 4. Tožilnik (dvojine)",sklanjanje,analiza_oblike,train
692561,lukine,Kako zapišemo tožilnik dvojine besede lukine?,4. Tožilnik (tožilnik) dvojine besede **lukine** se glasi: **lukineja**.,sklanjanje,posamezen_sklon,train
513602,sfiletirati,Kako se glasijo neosebne oblike pri glagolu sfiletirati?,"Neosebne in posebne oblike glagola **sfiletirati**:
- Nedoločnik: **sfiletirati**
- Namenilnik: **sfiletirat**
",spreganje,neosebne_oblike,train
599358,dedinja,Katero obliko ima tožilnik ednine samostalnika dedinja?,4. Tožilnik (tožilnik) ednine besede **dedinja** se glasi: **dedinjo**.,sklanjanje,posamezen_sklon,train
22281,kurikularen,Katere so najbolj znane kolokacije besede kurikularen?,"Tipične kolokacije z besedo **kurikularen**:
- kurikularna prenova
- kurikularni svet
- kurikularna komisija
- kurikularna reforma
- kurikularni dokument
- kurikularna telesa
- kurikularne skupine
- kurikularni cilji
- kurikularne spremembe
- kurikularna teorija",kolokacije,navedi_kolokacije,train
462481,petek,Razvrsti in naštej pomene besede petek.,"Pomeni besede **petek** so:
- dan v tednu med četrtkom in soboto
- Petek je dan med četrtkom in soboto.",pomen,nastevanje_pomenov,train
74687,odtok,Izpiši število pomenov besede odtok.,"Beseda **odtok** ima registrirana 2 pomene:
1. Odtok je odprtina ali cev, skozi katero lahko odteka voda ali zrak.
2. Odtok je odprtina v kadi ali umivalniku, skozi katero lahko odteka voda.",pomen,stevilka_pomenov,train
455884,sežagati,Izpiši velelnik ter nedoločnik glagola sežagati.,"Neosebne in posebne oblike glagola **sežagati**:
- Nedoločnik: **sežagati**
- Namenilnik: **sežagat**
",spreganje,neosebne_oblike,train
540,broditi,Napiši obrazložitev pomena besede broditi.,"Beseda **broditi** ima naslednje pomene:
- Kadar ljudje brodijo, za zabavo hodijo po plitvi vodi ob robu morja ali stojijo v njej.",pomen,razlaga_pomena,train
9370,vzbrsteti,Kakšen je pomen besede vzbrsteti?,"Beseda **vzbrsteti** ima naslednje pomene:
- Kadar drevo ali rastlina vzbrsti, na njej poženejo popki.",pomen,razlaga_pomena,train
30767,pretanjen,Poišči pogoste kolokacije za besedo pretanjen.,"Tipične kolokacije z besedo **pretanjen**:
- pretanjen občutek
- bolj pretanjen
- pretanjen okus
- pretanjen posluh
- zelo pretanjen
- najbolj pretanjen
- pretanjen čut
- tako pretanjen
- izjemno pretanjen
- izredno pretanjen",kolokacije,navedi_kolokacije,train
29497,popolnočen,Prikaži stopnjevanje pridevnika popolnočen.,"Stopnjevanje besede **popolnočen**:

| Stopnja | Oblika |
|---|---|
| 1. Osnovnik (Pozitiv) | popolnočen / popolnočni / popolnočnega / popolnočnemu / popolnočnem / popolnočnim / popolnočna / popolnočnih / popolnočnima / popolnočne / popolnočnimi / popolnočno |
| 2. Primernik (Komparativ) | popolnočen |
| 3. Presežnik (Superlativ) | popolnočen |",stopnjevanje,vse_stopnje,train
100659,kak,Kaj pomeni beseda kak?,"Beseda **kak** ima naslednje pomene:
- Kadar izraz kak postavimo pred neko število, to pomeni, da je število približno.
- Beseda kak pomeni približno.",pomen,razlaga_pomena,train
485619,rotaviroza,Sestavi sklanjatveno tabelo za besedo rotaviroza.,"Sklanjatvena tabela za samostalnik **rotaviroza**:

| Sklon | Ednina | Dvojina | Množina |
|---|---|---|---|
| 1. Imenovalnik | rotaviroza | rotavirozi | rotaviroze |
| 2. Rodilnik | rotaviroze | rotaviroz | rotaviroz |
| 3. Dajalnik | rotavirozi | rotavirozama | rotavirozam |
| 4. Tožilnik | rotavirozo | rotavirozi | rotaviroze |
| 5. Mestnik | pri rotavirozi | pri rotavirozah | pri rotavirozah |
| 6. Orodnik | z rotavirozo | z rotavirozama | z rotavirozami |",sklanjanje,celotna_sklanjatev,train
513028,priučevati,Prikaži nedoločniški in namenilniški obliki glagola priučevati.,"Neosebne in posebne oblike glagola **priučevati**:
- Nedoločnik: **priučevati**
- Namenilnik: **priučevat**
",spreganje,neosebne_oblike,train
9821,zapeniti,Poišči pogoste kolokacije za besedo zapeniti.,"Tipične kolokacije z besedo **zapeniti**:
- voda se zapeni
- pivo se zapeni
- malo se zapeniti",kolokacije,navedi_kolokacije,train
96303,vinec,V kakšni obliki je imenovalnik dvojine pri besedi vinec?,1. Imenovalnik (imenovalnik) dvojine besede **vinec** se glasi: **vinca**.,sklanjanje,posamezen_sklon,train
71882,nečimrnež,Prikaži uporabo besede nečimrnež v dejanskih povedih.,"Primeri uporabe besede **nečimrnež** v povedih:
- *Klasična usnjena potovalka iz rjave goveje nape je namenjena pravim, čistokrvnim nečimrnežem.*
- *Cadorna je veljal za metodičnega, natančnega in sistematičnega častnika, a hkrati tudi za nečimrneža, ki je slabo prenašal kritiko.*
- *Si je ta nečimrnež na stara leta omislil lasuljo?*",primeri_uporabe,povedi_z_besedo,train
479412,notranji,"V katerem sklonu/obliki je beseda Notranji v povedi 'Notranji premer cevi je merilo, ki se uporablja za določanje velikosti odprtine ali prostora znotraj cevi.'?","V povedi *""Notranji premer cevi je merilo, ki se uporablja za določanje velikosti odprtine ali prostora znotraj cevi.""* nastopa beseda **Notranji** kot pregibna oblika (MSD: Rsn) besede *notranji*.",primeri_uporabe,analiza_oblike_v_povedi,train
511859,pomoči,Ali je beseda pomoči enopomenska ali večpomenska?,"Beseda **pomoči** ima registrirana 1 pomen:
1. Če nekaj storite ob pomoči določene osebe ali stvari, vam ta pri tem pomaga.",pomen,stevilka_pomenov,train
511342,odsrfati,Katere so vse osebe in oblike za Sedanjik glagola odsrfati?,"Sedanjik glagola **odsrfati**:

| Oseba | Ednina | Dvojina | Množina |
|---|---|---|---|
| 1. oseba | odsrfam | odsrfava | odsrfamo |
| 2. oseba | odsrfaš | odsrfata | odsrfate |
| 3. oseba | odsrfa | odsrfata | odsrfajo |",spreganje,spreganje_v_casu,train
465988,ventrikularen,Iz katere osnovne oblike izvira oblika ventrikularna?,Osnovna oblika (lema) besede **ventrikularna** je **ventrikularen** (pridevnik).,sklanjanje,osnovna_oblika_leme,train
44971,skratka,Navedi število in kratek opis pomenov besede skratka.,"Beseda **skratka** ima registrirana 2 pomene:
1. Izraz skratka uporabimo, kadar na kratko povzamemo tisto, kar smo pravkar povedali.
2. Z izrazom skratka povemo, da povzemamo tisto, kar smo pravkar povedali.",pomen,stevilka_pomenov,train
63292,kavzalnost,Izpiši vse registrirane pomene besede kavzalnost.,"Pomeni besede **kavzalnost** so:
- Kavzalnost je zveza med vzrokom in posledico.",pomen,nastevanje_pomenov,train
513407,razsuvati,Prikaži pregled spreganja za glagol razsuvati.,"Spreganje glagola **razsuvati**:

### Sedanjik
| Oseba | Ednina | Dvojina | Množina |
|---|---|---|---|
| 1. oseba | razsuvam | razsuvava | razsuvamo |
| 2. oseba | razsuvaš | razsuvata | razsuvate |
| 3. oseba | razsuva | razsuvata | razsuvajo |

### Preteklik
| Oseba | Ednina | Dvojina | Množina |
|---|---|---|---|
| 1. oseba | sem razsuvalo / sem razsuval | sva razsuvala / sva razsuvali | smo razsuvala / smo razsuvali |
| 2. oseba | si razsuvalo / si razsuval | sta razsuvala / sta razsuvali | ste razsuvala / ste razsuvali |
| 3. oseba | je razsuvalo / je razsuval | sta razsuvala / sta razsuvali | so razsuvala / so razsuvali |",spreganje,celotno_spreganje,train
569025,servus,Prikaži celotno sklanjatev za besedo servus.,"Sklanjatvena tabela za samostalnik **servus**:

| Sklon | Ednina | Dvojina | Množina |
|---|---|---|---|
| 1. Imenovalnik | servus | servusa | servusi |
| 2. Rodilnik | servusa | servusov | / |
| 3. Dajalnik | servusu | servusoma | servusom |
| 4. Tožilnik | servusa | servusa | servuse |
| 5. Mestnik | pri servusu | pri servusih | pri servusih |
| 6. Orodnik | s servusom | s servusoma | / |",sklanjanje,celotna_sklanjatev,train
19505,inficiran,Kateri je imenovalnik ednine za obliko inficirani?,Osnovna oblika (lema) besede **inficirani** je **inficiran** (pridevnik).,sklanjanje,osnovna_oblika_leme,train
4847,pobutati,Prikaži pregled spreganja za glagol pobutati.,"Spreganje glagola **pobutati**:

### Sedanjik
| Oseba | Ednina | Dvojina | Množina |
|---|---|---|---|
| 1. oseba | pobutam | pobutava | pobutamo |
| 2. oseba | pobutaš | pobutata | pobutate |
| 3. oseba | pobuta | pobutata | pobutajo |

### Preteklik
| Oseba | Ednina | Dvojina | Množina |
|---|---|---|---|
| 1. oseba | sem pobutal / sem pobutala | sva pobutala / sva pobutali | smo pobutali / smo pobutale |
| 2. oseba | si pobutal / si pobutala | sta pobutala / sta pobutali | ste pobutali / ste pobutale |
| 3. oseba | je pobutal / je pobutala | sta pobutala / sta pobutali | so pobutali / so pobutale |",spreganje,celotno_spreganje,train
50250,brenčačka,Slovnično analiziraj obliko brenčački besede brenčačka.,"Oblika **brenčački** pri besedi *brenčačka* izraža:
- 1. Imenovalnik (dvojine)",sklanjanje,analiza_oblike,train
2477,mezeti,Kateri vid in katero vrsto glagola predstavlja mezeti?,Beseda **mezeti** je nedovršni glagol.,besedna_vrsta,vrsta_in_vid_glagola,train
93693,topograf,Opiši oblikoslovno vlogo besede topografu pri samostalniku topograf.,"Oblika **topografu** pri besedi *topograf* izraža:
- 3. Dajalnik (ednine)",sklanjanje,analiza_oblike,train
1510,izdahniti,Izpiši točno 3 kolokacij besede izdahniti.,"Izpis 3 kolokacij za besedo **izdahniti**:
1. uspeti izdahniti
2. izdahniti dušo
3. potem izdahniti",kolokacije,stevilsko_opredeljene_kolokacije,train
72577,nepremičnina,Ali je beseda nepremičnina enopomenska ali večpomenska?,"Beseda **nepremičnina** ima registrirana 1 pomen:
1. Nepremičnina je lastnina v obliki stavb in zemljišč.",pomen,stevilka_pomenov,train
29924,pozen,Prikaži uporabo besede pozen v dejanskih povedih.,"Primeri uporabe besede **pozen** v povedih:
- *Pozni potniki so v naglici hiteli, da bi ujeli avtobus.*
- *Zaspal je in zaradi tega je bil pozen.*
- *Oprostite, vendar ste pozni za gledališče.*
- *Pozni potniki so v naglici hiteli na avtobus, ki je že čakal na postaji.*
- *Pozni potniki so v naglici hiteli po pločniku, da bi ujeli avtobus, ki je že čakal na postaji.*",primeri_uporabe,povedi_z_besedo,train
70068,močvirje,Naštej pomene besede močvirje.,"Pomeni besede **močvirje** so:
- Močvirje je zelo vlažno in blatno ozemlje.
- Močvirje je razmočeno in blatno zemljišče.
- Močvirje je mokro zemljišče, na katerem rastejo divje rastline.",pomen,nastevanje_pomenov,train
514777,zahladiti,Kakšna sta nedoločnik in namenilnik glagola zahladiti?,"Neosebne in posebne oblike glagola **zahladiti**:
- Nedoločnik: **zahladiti**
- Namenilnik: **zahladit**
",spreganje,neosebne_oblike,train
650420,yankeejev,Izpiši vse sklone in števila za besedo yankeejev.,"Sklanjatvena tabela za samostalnik **yankeejev**:

| Sklon | Ednina | Dvojina | Množina |
|---|---|---|---|
| 1. Imenovalnik | yankeejev | yankeejeva | yankeejevi |
| 2. Rodilnik | yankeejeva | yankeejevov | yankeejevov |
| 3. Dajalnik | yankeejevu | yankeejevoma | yankeejevom |
| 4. Tožilnik | yankeejeva | yankeejeva | yankeejeve |
| 5. Mestnik | pri yankeejevu | pri yankeejevih | / |
| 6. Orodnik | / | z yankeejevoma | z yankeejevi |",sklanjanje,celotna_sklanjatev,train
709553,ravanel,Določi spol samostalnika ravanel.,Samostalnik **ravanel** je moškega spola.,besedna_vrsta,spol_samostalnika,train
470306,jugonostalgičen,Stopnjuj besedo jugonostalgičen.,"Stopnjevanje besede **jugonostalgičen**:

| Stopnja | Oblika |
|---|---|
| 1. Osnovnik (Pozitiv) | jugonostalgičnih / jugonostalgični / jugonostalgične / jugonostalgičnimi / jugonostalgičnima / jugonostalgičnim / jugonostalgično / jugonostalgična / jugonostalgičnem / jugonostalgičen / jugonostalgičnemu / jugonostalgičnega |
| 2. Primernik (Komparativ) | jugonostalgičen |
| 3. Presežnik (Superlativ) | jugonostalgičen |",stopnjevanje,vse_stopnje,train
636957,sardenko,Katera beseda v osnovni obliki predstavlja obliko sardenkih?,Osnovna oblika (lema) besede **sardenkih** je **sardenko** (samostalnik).,sklanjanje,osnovna_oblika_leme,train
5111,pogovoriti,Izpiši velelnik ter nedoločnik glagola pogovoriti.,"Neosebne in posebne oblike glagola **pogovoriti**:
- Nedoločnik: **pogovoriti**
- Namenilnik: **pogovorit**
",spreganje,neosebne_oblike,train
73487,novaković,Kateri spol ima beseda novaković?,Samostalnik **novaković** je moškega spola.,besedna_vrsta,spol_samostalnika,train
515064,zašahirati,Kako se glasi velelnik glagola zašahirati?,"Neosebne in posebne oblike glagola **zašahirati**:
- Nedoločnik: **zašahirati**
- Namenilnik: **zašahirat**
",spreganje,neosebne_oblike,train
476737,sredinski,Navedi definicijo besede sredinski.,"Beseda **sredinski** ima naslednje pomene:
- V politiki se sredinski nanaša na politične skupine in prepričanja, ki niso niti levičarska niti desničarska.",pomen,razlaga_pomena,train
720986,tjentište,"Razloži, v katerem sklonu in številu je oblika tjentištejih besede tjentište.","Oblika **tjentištejih** pri besedi *tjentište* izraža:
- 5. Mestnik (množine)",sklanjanje,analiza_oblike,train
8034,šiniti,"Navedi nedoločnik, namenilnik in velelnik za šiniti.","Neosebne in posebne oblike glagola **šiniti**:
- Nedoločnik: **šiniti**
- Namenilnik: **šinit**
",spreganje,neosebne_oblike,train
701195,notranjke,Izpiši vse sklanjatvene oblike besede notranjke v ednini.,"Sklanjatvene oblike besede **notranjke** v ednini:

| Sklon | Ednina |
|---|---|
| 1. Imenovalnik | notranjke |
| 2. Rodilnik | notranjkeja |
| 3. Dajalnik | notranjkeju |
| 4. Tožilnik | notranjkeja |
| 5. Mestnik | pri notranjkeju |
| 6. Orodnik | z notranjkejem |",sklanjanje,sklanjatev_po_stevilu,train
4850,pocartati,Opiši posebne glagolske oblike za pocartati.,"Neosebne in posebne oblike glagola **pocartati**:
- Nedoločnik: **pocartati**
- Namenilnik: **pocartat**
",spreganje,neosebne_oblike,train
62219,jezičkar,Navedi 2. Rodilnik sklon za množino besede jezičkar.,2. Rodilnik (rodilnik) množine besede **jezičkar** se glasi: **jezičkarjev**.,sklanjanje,posamezen_sklon,train
633482,radečane,Navedi spol za samostalnik radečane.,Samostalnik **radečane** je moškega spola.,besedna_vrsta,spol_samostalnika,train
494991,antibakterialen,Katere sopomenke obstajajo za izraz antibakterialen?,"Sopomenke besede **antibakterialen** so:
- antibakterijski",sopomenke,navedi_sopomenke,train
495304,dičen,Prikaži stopnjevanje pridevnika dičen.,"Stopnjevanje besede **dičen**:

| Stopnja | Oblika |
|---|---|
| 1. Osnovnik (Pozitiv) | dične / dičen / dičnim / dičnimi / dičnega / dičnem / dično / dičnemu / dična / dični / dičnih / dičnima |
| 2. Primernik (Komparativ) | dičen |
| 3. Presežnik (Superlativ) | dičen |",stopnjevanje,vse_stopnje,train
5806,pospešiti,Ali je beseda pospešiti enopomenska ali večpomenska?,"Beseda **pospešiti** ima registrirana 9 pomenov:
1. Kadar se pogostost ali hitrost nečesa pospeši, se poveča.
2. Pospešiti pomeni narediti neki postopek lažji.
3. Pospešiti pomeni poskrbeti, da se nekaj zgodi hitreje ali prej.
4. Pospešiti nekaj pomeni poskrbeti, da se nekaj zgodi hitreje ali prej, kot bi se sicer.
5. Kadar se nekaj pospeši, se začne premikati hitreje.
6. Kadar nekaj pospeši, se začne premikati ali dogajati ali tisto začnemo delati hitreje.
7. Kadar nekaj pospeši spremembo ali dogodek, povzroči, da se zgodita hitreje ali prej.
8. Pospešiti pomeni nenadoma za kratek čas povečati svojo hitrost.
9. Pospešiti pomeni nekaj povečati.",pomen,stevilka_pomenov,train
97926,zaklopec,Preveri večpomenskost besede zaklopec.,"Beseda **zaklopec** ima registrirana 1 pomen:
1. Zaklopec je ploski kos nečesa, ki se prosto premika, ker je pritrjen samo na eni strani.",pomen,stevilka_pomenov,train
712730,sandner,V kateri lemi se nahaja oblika sandnerjema?,Osnovna oblika (lema) besede **sandnerjema** je **sandner** (samostalnik).,sklanjanje,osnovna_oblika_leme,train
35345,strumen,Katere slovnične lastnosti nosi oblika strumni besede strumen?,"Oblika **strumni** pri besedi *strumen* izraža:
- pregibna oblika",sklanjanje,analiza_oblike,test
720635,thorns,Kako se glasi mestnik množine besede thorns?,5. Mestnik (mestnik) množine besede **thorns** se glasi: **pri thornsih**.,sklanjanje,posamezen_sklon,test
657283,avstrijski,"Kakšna je slovnična oblika besede Avstrijski v povedi: 'Avstrijski državni prvak je nogometni klub, ki je osvojil najvišje mesto v avstrijskem nogometnem prvenstvu in s tem postal prvak države.'?","V povedi *""Avstrijski državni prvak je nogometni klub, ki je osvojil najvišje mesto v avstrijskem nogometnem prvenstvu in s tem postal prvak države.""* nastopa beseda **Avstrijski** kot pregibna oblika (MSD: Slmei) besede *avstrijski*.",primeri_uporabe,analiza_oblike_v_povedi,test
700087,natividad,Prikaži pregled sklanjatvenih oblik besede natividad.,"Sklanjatvena tabela za samostalnik **natividad**:

| Sklon | Ednina | Dvojina | Množina |
|---|---|---|---|
| 1. Imenovalnik | / | natividada | natividadi |
| 2. Rodilnik | natividada | natividadov | natividadov |
| 3. Dajalnik | natividadu | natividadoma | natividadom |
| 4. Tožilnik | natividada | natividada | natividade |
| 5. Mestnik | pri natividadu | pri natividadih | pri natividadih |
| 6. Orodnik | z natividadom | z natividadoma | z natividadi |",sklanjanje,celotna_sklanjatev,test
495146,neokvirjen,Izpiši stopnjevalni vzorec za besedo neokvirjen.,"Stopnjevanje besede **neokvirjen**:

| Stopnja | Oblika |
|---|---|
| 1. Osnovnik (Pozitiv) | neokvirjenih / neokvirjeni / neokvirjenim / neokvirjenima / neokvirjena / neokvirjenem / neokvirjeno / neokvirjenimi / neokvirjenega / neokvirjenemu / neokvirjen / neokvirjene |
| 2. Primernik (Komparativ) | neokvirjen |
| 3. Presežnik (Superlativ) | neokvirjen |",stopnjevanje,vse_stopnje,test
39171,živ,Navedi 5 najbolj pogostih kolokacij za živ.,"Izpis 5 kolokacij za besedo **živ**:
1. živa bitja
2. živo srebro
3. živa meja
4. žive barve
5. ostati živ",kolokacije,stevilsko_opredeljene_kolokacije,test
10319,zidariti,"Kaj izraža oblika Zidaril v kontekstu povedi 'Zidaril je z očetom, da je zaslužil kakšen tolar.'?","V povedi *""Zidaril je z očetom, da je zaslužil kakšen tolar.""* nastopa beseda **Zidaril** kot pregibna oblika (MSD: Ggnd-em) besede *zidariti*.",primeri_uporabe,analiza_oblike_v_povedi,test
584806,alanye,Kateri besedni vrsti pripada beseda alanye?,Beseda **alanye** je samostalnik. Beseda je lastno ime in je moškega spola.,besedna_vrsta,osnovne_lastnosti,test
28846,podirajoč,Navedi primerne kolokacije za samostalnik/besedo podirajoč.,"Tipične kolokacije z besedo **podirajoč**:
- podirajoče hiše
- podirajoče stavbe
- podirajoča drevesa
- podirajoči val
- podirajoči zid
- podirajoči seraki
- podirajoče domine
- Podirajoča streha
- podirajoča zgradba
- podirajoči objekt",kolokacije,navedi_kolokacije,test
9343,všteti,"Navedi nedoločnik, namenilnik in velelnik za všteti.","Neosebne in posebne oblike glagola **všteti**:
- Nedoločnik: **všteti**
- Namenilnik: **vštet**
",spreganje,neosebne_oblike,test
681755,hovanščina,Prikaži pregled sklanjatvenih oblik besede hovanščina.,"Sklanjatvena tabela za samostalnik **hovanščina**:

| Sklon | Ednina | Dvojina | Množina |
|---|---|---|---|
| 1. Imenovalnik | hovanščina | hovanščini | hovanščine |
| 2. Rodilnik | hovanščine | hovanščin | hovanščin |
| 3. Dajalnik | hovanščini | hovanščinama | hovanščinam |
| 4. Tožilnik | hovanščino | hovanščini | hovanščine |
| 5. Mestnik | pri hovanščini | pri hovanščinah | pri hovanščinah |
| 6. Orodnik | / | s hovanščinama | s hovanščinami |",sklanjanje,celotna_sklanjatev,test
606969,gojzarica,Katere sklone ima beseda gojzarica v množini?,"Sklanjatvene oblike besede **gojzarica** v množini:

| Sklon | Množina |
|---|---|
| 1. Imenovalnik | gojzarice |
| 2. Rodilnik | gojzaric |
| 3. Dajalnik | / |
| 4. Tožilnik | gojzarice |
| 5. Mestnik | pri gojzaricah |
| 6. Orodnik | z gojzaricami |",sklanjanje,sklanjatev_po_stevilu,test
34325,sodniški,Navedi število pomenov za besedo sodniški.,"Beseda **sodniški** ima registrirana 1 pomen:
1. Sodniški pomeni povezan s sojenjem na sodišču.",pomen,stevilka_pomenov,test
22197,kubičen,Koliko ločenih pomenov ima lema kubičen?,"Beseda **kubičen** ima registrirana 1 pomen:
1. Kubičen uporabljamo pred merskimi enotami dolžine za tvorjenje merskih enot prostornine, kot sta 'kubični meter' in 'kubični čevelj'.",pomen,stevilka_pomenov,test
93904,trapa,Ali ima beseda trapa več pomenov?,"Beseda **trapa** ima registrirana 1 pomen:
1. sinonim za duševno zaostalega človeka",pomen,stevilka_pomenov,test
479030,macbeth,Kako slovnično opredelimo besedo macbeth?,Beseda **macbeth** je samostalnik. Beseda je lastno ime in je moškega spola.,besedna_vrsta,osnovne_lastnosti,train
699072,mentira,Prikaži tabelo sklanjatve besede mentira v ednini.,"Sklanjatvene oblike besede **mentira** v ednini:

| Sklon | Ednina |
|---|---|
| 1. Imenovalnik | mentira |
| 2. Rodilnik | mentire |
| 3. Dajalnik | mentiri |
| 4. Tožilnik | mentiro |
| 5. Mestnik | pri mentiri |
| 6. Orodnik | z mentiro |",sklanjanje,sklanjatev_po_stevilu,train
71602,nastanjanje,Prikaži sklanjatev besede nastanjanje za ednino.,"Sklanjatvene oblike besede **nastanjanje** v ednini:

| Sklon | Ednina |
|---|---|
| 1. Imenovalnik | nastanjanje |
| 2. Rodilnik | nastanjanja |
| 3. Dajalnik | nastanjanju |
| 4. Tožilnik | nastanjanje |
| 5. Mestnik | pri nastanjanju |
| 6. Orodnik | z nastanjanjem |",sklanjanje,sklanjatev_po_stevilu,train
18954,hermelinov,Kako se stopnjuje beseda hermelinov?,"Stopnjevanje besede **hermelinov**:

| Stopnja | Oblika |
|---|---|
| 1. Osnovnik (Pozitiv) | hermelinove / hermelinovih / hermelinovimi / hermelinovo / hermelinovega / hermelinovemu / hermelinovem / hermelinovim / hermelinovi / hermelinovima / hermelinova / hermelinov |
| 2. Primernik (Komparativ) | hermelinov |
| 3. Presežnik (Superlativ) | hermelinov |",stopnjevanje,vse_stopnje,train
512174,prerešatati,Spregaj glagol prerešatati.,"Spreganje glagola **prerešatati**:

### Sedanjik
| Oseba | Ednina | Dvojina | Množina |
|---|---|---|---|
| 1. oseba | prerešatam | prerešatava | prerešatamo |
| 2. oseba | prerešataš | prerešatata | prerešatate |
| 3. oseba | prerešata | prerešatata | prerešatajo |

### Preteklik
| Oseba | Ednina | Dvojina | Množina |
|---|---|---|---|
| 1. oseba | sem prerešatala / sem prerešatalo | sva prerešatala / sva prerešatali | smo prerešatale / smo prerešatala |
| 2. oseba | si prerešatala / si prerešatalo | sta prerešatala / sta prerešatali | ste prerešatale / ste prerešatala |
| 3. oseba | je prerešatala / je prerešatalo | sta prerešatala / sta prerešatali | so prerešatale / so prerešatala |",spreganje,celotno_spreganje,train
100022,zorn,Sklanjaj besedo zorn samo v dvojini.,"Sklanjatvene oblike besede **zorn** v dvojini:

| Sklon | Dvojina |
|---|---|
| 1. Imenovalnik | zorna |
| 2. Rodilnik | zornov |
| 3. Dajalnik | zornoma |
| 4. Tožilnik | zorna |
| 5. Mestnik | pri zornih |
| 6. Orodnik | z zornoma |",sklanjanje,sklanjatev_po_stevilu,train
55318,elektroinštalacija,Navedi 5 najbolj pogostih kolokacij za elektroinštalacija.,"Izpis 5 kolokacij za besedo **elektroinštalacija**:
1. strojne elektroinštalacije
2. področje elektroinštalacij
3. montaža elektroinštalacij
4. ukvarjati se z elektroinštalacijami
5. urediti elektroinštalacije",kolokacije,stevilsko_opredeljene_kolokacije,train
724137,varazze,Prikaži celotno sklanjatev za besedo varazze.,"Sklanjatvena tabela za samostalnik **varazze**:

| Sklon | Ednina | Dvojina | Množina |
|---|---|---|---|
| 1. Imenovalnik | varazze | varazzeja | varazzeji |
| 2. Rodilnik | varazzeja | varazzejev | / |
| 3. Dajalnik | varazzeju | varazzejema | varazzejem |
| 4. Tožilnik | varazzeja | varazzeja | varazzeje |
| 5. Mestnik | pri varazzeju | pri varazzejih | pri varazzejih |
| 6. Orodnik | z varazzejem | z varazzejema | z varazzeji |",sklanjanje,celotna_sklanjatev,train
34848,Šrotov,Katere besedne zveze so pogoste z besedo Šrotov?,"Tipične kolokacije z besedo **Šrotov**:
- Šrotov imperij
- Šrotov zagovornik
- Šrotova svetovalka
- Šrotova Pivovarna
- Šrotova SLS
- Šrotova sodelavka
- Šrotovo lastništvo
- Šrotov prevzem
- Šrotov Infond
- Šrotova izvolitev",kolokacije,navedi_kolokacije,train
35968,tihomorski,Kako se beseda tihomorski pojavlja v besedilnem kontekstu?,"Primeri uporabe besede **tihomorski** v povedih:
- *Med drugo svetovno vojno je vojska ZDA na mnogih tihomorskih otokih postavila oskrbovalne baze.*
- *Na praznovanja pa se pripravljajo tudi že druge tihomorske in azijske države.*
- *Danes v Tokiu znova sije sonce in sneg se tali, še naprej pa sneži na severu otočja ob tihomorski obali.*",primeri_uporabe,povedi_z_besedo,train
23026,luknjast,Podaj razlago pomena za besedo luknjast.,"Beseda **luknjast** ima naslednje pomene:
- Cesta ali pot, ki je luknjasta, ima veliko izboklin.",pomen,razlaga_pomena,train
80035,pomadžarjenje,Izpiši množino besede pomadžarjenje po sklonih.,"Sklanjatvene oblike besede **pomadžarjenje** v množini:

| Sklon | Množina |
|---|---|
| 1. Imenovalnik | pomadžarjenja |
| 2. Rodilnik | pomadžarjenj |
| 3. Dajalnik | pomadžarjenjem |
| 4. Tožilnik | pomadžarjenja |
| 5. Mestnik | pri pomadžarjenjih |
| 6. Orodnik | s pomadžarjenji |",sklanjanje,sklanjatev_po_stevilu,train
97047,vrhunskost,Prikaži seznam sopomenk za besedo vrhunskost.,"Sopomenke besede **vrhunskost** so:
- renome
- sloves
- ugled
- odličnost
- izvrstnost
- neprekosljivost
- superiornost",sopomenke,navedi_sopomenke,train
89453,sleparstvo,Prikaži 2 pogostih kolokacij z besedo sleparstvo.,"Izpis 2 kolokacij za besedo **sleparstvo**:
1. iti za sleparstvo
2. sleparstvo in izkoriščanje",kolokacije,stevilsko_opredeljene_kolokacije,train
45169,spomladi,Prikaži primere rabe besede spomladi.,"Primeri uporabe besede **spomladi** v povedih:
- *Zgodnejša setev daje večje pridelke jeseni in nekoliko manjše spomladi.*
- *Špargelj sadimo spomladi od aprila do junija, odvisno od kvalitete sadik.*
- *Spomladi je treba rastline močno porezati, da bo pozimi veliko barvitih šib.*
- *Povedal je še, da se bo spomladi lotil obnove strehe na hiši.*
- *Spomnil sem se, da ljubi vrtnarjenje, toda nisem mogel čakati do spomladi.*",primeri_uporabe,povedi_z_besedo,train
565287,rech,Izpiši vse sklone in števila za besedo rech.,"Sklanjatvena tabela za samostalnik **rech**:

| Sklon | Ednina | Dvojina | Množina |
|---|---|---|---|
| 1. Imenovalnik | rech | recha | rechi |
| 2. Rodilnik | recha | / | rechov |
| 3. Dajalnik | rechu | rechoma | rechom |
| 4. Tožilnik | recha | recha | reche |
| 5. Mestnik | pri rechu | pri rechih | pri rechih |
| 6. Orodnik | z rechom | z rechoma | / |",sklanjanje,celotna_sklanjatev,train
541352,indijk,Izpiši 2. Rodilnik sklon množine besede indijk.,2. Rodilnik (rodilnik) množine besede **indijk** se glasi: **indijkov**.,sklanjanje,posamezen_sklon,train
7127,prirediti,Naštej pomene besede prirediti.,"Pomeni besede **prirediti** so:
- Prirediti nekaj pomeni to spremeniti, da bi bilo primerno novi namembnosti ali okoliščinam.
- Prirediti knjigo ali igro pomeni spremeniti jo tako, da je mogoče po njej posneti film ali televizijsko oddajo.
- Prirediti nekaj pomeni to namenoma spremeniti, ponavadi z namenom, da se ljudi zavede.
- Prirediti zabavo pomeni organizirati jo.",pomen,nastevanje_pomenov,train
1835,izstružiti,Navedi vse osebe in čase za glagol izstružiti.,"Spreganje glagola **izstružiti**:

### Sedanjik
| Oseba | Ednina | Dvojina | Množina |
|---|---|---|---|
| 1. oseba | izstružim | izstruživa | izstružimo |
| 2. oseba | izstružiš | izstružita | izstružite |
| 3. oseba | izstruži | izstružita | izstružijo |

### Preteklik
| Oseba | Ednina | Dvojina | Množina |
|---|---|---|---|
| 1. oseba | sem izstružil / sem izstružila | sva izstružila / sva izstružili | smo izstružili / smo izstružile |
| 2. oseba | si izstružil / si izstružila | sta izstružila / sta izstružili | ste izstružili / ste izstružile |
| 3. oseba | je izstružil / je izstružila | sta izstružila / sta izstružili | so izstružili / so izstružile |",spreganje,celotno_spreganje,train
96585,voajerka,Katere slovnične lastnosti nosi oblika voajerki besede voajerka?,"Oblika **voajerki** pri besedi *voajerka* izraža:
- 5. Mestnik (ednine)",sklanjanje,analiza_oblike,train
790,destilirati,Katere so vse osebe in oblike za Sedanjik glagola destilirati?,"Sedanjik glagola **destilirati**:

| Oseba | Ednina | Dvojina | Množina |
|---|---|---|---|
| 1. oseba | destiliram | destilirava | destiliramo |
| 2. oseba | destiliraš | destilirata | destilirate |
| 3. oseba | destilira | destilirata | destilirajo |",spreganje,spreganje_v_casu,train
455630,preddoločiti,Navedi vse osebe in čase za glagol preddoločiti.,"Spreganje glagola **preddoločiti**:

### Sedanjik
| Oseba | Ednina | Dvojina | Množina |
|---|---|---|---|
| 1. oseba | preddoločim | preddoločiva | preddoločimo |
| 2. oseba | preddoločiš | preddoločita | preddoločite |
| 3. oseba | preddoloči | preddoločita | preddoločijo |

### Preteklik
| Oseba | Ednina | Dvojina | Množina |
|---|---|---|---|
| 1. oseba | sem preddoločil / sem preddoločila | sva preddoločila / sva preddoločili | smo preddoločila / smo preddoločili |
| 2. oseba | si preddoločil / si preddoločila | sta preddoločila / sta preddoločili | ste preddoločila / ste preddoločili |
| 3. oseba | je preddoločil / je preddoločila | sta preddoločila / sta preddoločili | so preddoločila / so preddoločili |",spreganje,celotno_spreganje,train
511655,očitovati,Spregaj glagol očitovati.,"Spreganje glagola **očitovati**:

### Sedanjik
| Oseba | Ednina | Dvojina | Množina |
|---|---|---|---|
| 1. oseba | očitujem | očitujeva | očitujemo |
| 2. oseba | očituješ | očitujeta | očitujete |
| 3. oseba | očituje | očitujeta | očitujejo |

### Preteklik
| Oseba | Ednina | Dvojina | Množina |
|---|---|---|---|
| 1. oseba | sem očitovalo / sem očitovala | sva očitovali / sva očitovala | smo očitovale / smo očitovala |
| 2. oseba | si očitovalo / si očitovala | sta očitovali / sta očitovala | ste očitovale / ste očitovala |
| 3. oseba | je očitovalo / je očitovala | sta očitovali / sta očitovala | so očitovale / so očitovala |",spreganje,celotno_spreganje,train
2890,napleskati,Izpiši Sedanjik glagola napleskati po osebah.,"Sedanjik glagola **napleskati**:

| Oseba | Ednina | Dvojina | Množina |
|---|---|---|---|
| 1. oseba | napleskam | napleskava | napleskamo |
| 2. oseba | napleskaš | napleskata | napleskate |
| 3. oseba | napleska | napleskata | napleskajo |",spreganje,spreganje_v_casu,train
716764,steelhead,Navedi 3. Dajalnik sklon za ednino besede steelhead.,3. Dajalnik (dajalnik) ednine besede **steelhead** se glasi: **steelheadu**.,sklanjanje,posamezen_sklon,train
29051,pohleven,Naštej leksikalne pomene za besedo pohleven.,"Pomeni besede **pohleven** so:
- v pomenu: ubogljiv
- raba živali
- v pomenu: neizrazit; šibek
- Kdor je pohleven, je miren in vljuden in se ne odziva razburjeno.
- Kdor je pohleven, brez ugovarjanja naredi, kar mu nekdo reče.",pomen,nastevanje_pomenov,train
605284,glove,Katere slovnične lastnosti nosi oblika glovejem besede glove?,"Oblika **glovejem** pri besedi *glove* izraža:
- 6. Orodnik (ednine)",sklanjanje,analiza_oblike,train
54934,džamija,Ali ima beseda džamija več pomenov?,"Beseda **džamija** ima registrirana 1 pomen:
1. muslimanski verski objekt, ki služi kot molilnica",pomen,stevilka_pomenov,train
68708,materinščina,"Ali spada materinščina med samostalnike moškega, ženskega ali srednjega spola?",Samostalnik **materinščina** je ženskega spola.,besedna_vrsta,spol_samostalnika,train
45426,sveže,Izpiši soznačilne besede za sveže.,"Sopomenke besede **sveže** so:
- pravkar
- dinamično
- živahno
- poskočno
- novo
- ravnokar
- nedavno
- pred kratkim
- na novo",sopomenke,navedi_sopomenke,train
3624,odkopavati,Kateri vid izraža glagol odkopavati?,Beseda **odkopavati** je nedovršni glagol.,besedna_vrsta,vrsta_in_vid_glagola,train
6370,prekladati,Izpiši vse glagolske oblike za prekladati.,"Spreganje glagola **prekladati**:

### Sedanjik
| Oseba | Ednina | Dvojina | Množina |
|---|---|---|---|
| 1. oseba | prekladam | prekladava | prekladamo |
| 2. oseba | prekladaš | prekladata | prekladate |
| 3. oseba | preklada | prekladata | prekladajo |

### Preteklik
| Oseba | Ednina | Dvojina | Množina |
|---|---|---|---|
| 1. oseba | sem prekladal / sem prekladala | sva prekladala / sva prekladali | smo prekladali / smo prekladale |
| 2. oseba | si prekladal / si prekladala | sta prekladala / sta prekladali | ste prekladali / ste prekladale |
| 3. oseba | je prekladal / je prekladala | sta prekladala / sta prekladali | so prekladali / so prekladale |",spreganje,celotno_spreganje,train
659733,benzovi,Katero obliko ima dajalnik ednine samostalnika benzovi?,3. Dajalnik (dajalnik) ednine besede **benzovi** se glasi: **benzoviju**.,sklanjanje,posamezen_sklon,train
8711,trajati,Prikaži številčni seznam 5 kolokacij besede trajati.,"Izpis 5 kolokacij za besedo **trajati**:
1. trajati dolgo
2. postopek traja
3. trajati do konca
4. trajati do ure
5. leto traja",kolokacije,stevilsko_opredeljene_kolokacije,train
69291,metalurginja,Preveri večpomenskost besede metalurginja.,"Beseda **metalurginja** ima registrirana 1 pomen:
1. v pomenu: poklic",pomen,stevilka_pomenov,train
24716,nakodran,Kateri so pomeni besede nakodran?,"Pomeni besede **nakodran** so:
- Lasje, ki so nakodrani, imajo trde, žimaste kodre.",pomen,nastevanje_pomenov,train
553746,micron,Navedi vse sklone besede micron.,"Sklanjatvena tabela za samostalnik **micron**:

| Sklon | Ednina | Dvojina | Množina |
|---|---|---|---|
| 1. Imenovalnik | micron | microna | microni |
| 2. Rodilnik | microna | micronov | micronov |
| 3. Dajalnik | micronu | micronoma | micronom |
| 4. Tožilnik | microna | microna | microne |
| 5. Mestnik | pri micronu | pri micronih | / |
| 6. Orodnik | z micronom | z micronoma | z microni |",sklanjanje,celotna_sklanjatev,train
660826,bodvarsson,Opiši osnovne gramatične lastnosti besede bodvarsson.,Beseda **bodvarsson** je samostalnik. Beseda je lastno ime in je moškega spola.,besedna_vrsta,osnovne_lastnosti,train
8491,staliti,"Razloži, kaj označuje beseda staliti.","Beseda **staliti** ima naslednje pomene:
- Kadar človek stali kovinski ali steklen predmet, ga toliko časa segreva, da se stali.",pomen,razlaga_pomena,train
54941,džez,"Določi slovnične lastnosti besede džeza v stavku 'Na svoj račun bodo tam prišli ljubitelji džeza, swinga, dixielanda in zimzelenih melodij.'.","V povedi *""Na svoj račun bodo tam prišli ljubitelji džeza, swinga, dixielanda in zimzelenih melodij.""* nastopa beseda **džeza** kot pregibna oblika (MSD: Somer) besede *džez*.",primeri_uporabe,analiza_oblike_v_povedi,train
647437,verified,Kako se sklanja beseda verified?,"Sklanjatvena tabela za samostalnik **verified**:

| Sklon | Ednina | Dvojina | Množina |
|---|---|---|---|
| 1. Imenovalnik | verified | verifieda | verifiedi |
| 2. Rodilnik | verifieda | verifiedov | verifiedov |
| 3. Dajalnik | verifiedu | verifiedoma | verifiedom |
| 4. Tožilnik | verifieda | verifieda | verifiede |
| 5. Mestnik | / | / | pri verifiedih |
| 6. Orodnik | z verifiedom | z verifiedoma | z verifiedi |",sklanjanje,celotna_sklanjatev,train
1457,italijanizirati,Izpiši Sedanjik glagola italijanizirati po osebah.,"Sedanjik glagola **italijanizirati**:

| Oseba | Ednina | Dvojina | Množina |
|---|---|---|---|
| 1. oseba | italijaniziram | italijanizirava | italijaniziramo |
| 2. oseba | italijaniziraš | italijanizirata | italijanizirate |
| 3. oseba | italijanizira | italijanizirata | italijanizirajo |",spreganje,spreganje_v_casu,train
83249,prijavljenka,Kakšna je osnovna oblika besede prijavljenko?,Osnovna oblika (lema) besede **prijavljenko** je **prijavljenka** (samostalnik).,sklanjanje,osnovna_oblika_leme,train
536979,gottfridsson,V kakšni obliki je orodnik dvojine pri besedi gottfridsson?,6. Orodnik (orodnik) dvojine besede **gottfridsson** se glasi: **z gottfridssonoma**.,sklanjanje,posamezen_sklon,train
447761,dajalniški,Izpiši stopnjevalni vzorec za besedo dajalniški.,"Stopnjevanje besede **dajalniški**:

| Stopnja | Oblika |
|---|---|
| 1. Osnovnik (Pozitiv) | dajalniškima / dajalniška / dajalniški / dajalniškim / dajalniškimi / dajalniških / dajalniško / dajalniške / dajalniškemu / dajalniškem / dajalniškega |
| 2. Primernik (Komparativ) | dajalniški |
| 3. Presežnik (Superlativ) | dajalniški |",stopnjevanje,vse_stopnje,train
46457,aberacija,Kako se beseda aberacija uporablja v stavkih?,"Primeri uporabe besede **aberacija** v povedih:
- *Aberacija je posledica gibanja Zemlje okoli Sonca in končne hitrosti svetlobe.*
- *Kromosomske aberacije so pogosta oblika mutacij.*
- *Podražitve hrane očitno ne bodo samo sezonska aberacija.*
- *Novinarji, ki bi morali biti na preži in opozarjati na zgoraj navedene aberacije, so povsem odpovedali.*
- *Kar pa zadeva tisto z bolnišnico Santo Spirito, gre bolj za zgodovinsko aberacijo kot kaj drugega.*",primeri_uporabe,povedi_z_besedo,train
698886,mayita,Kako poteka sklanjatev besede mayita za množino?,"Sklanjatvene oblike besede **mayita** v množini:

| Sklon | Množina |
|---|---|
| 1. Imenovalnik | mayite |
| 2. Rodilnik | mayit |
| 3. Dajalnik | mayitam |
| 4. Tožilnik | mayite |
| 5. Mestnik | pri mayitah |
| 6. Orodnik | z mayitami |",sklanjanje,sklanjatev_po_stevilu,train
515301,zvenčati,Kako se glasi velelnik glagola zvenčati?,"Neosebne in posebne oblike glagola **zvenčati**:
- Nedoločnik: **zvenčati**
- Namenilnik: **zvenčat**
",spreganje,neosebne_oblike,train
724163,varhidi,Opiši osnovne gramatične lastnosti besede varhidi.,Beseda **varhidi** je samostalnik. Beseda je lastno ime in je moškega spola.,besedna_vrsta,osnovne_lastnosti,train
96235,vihravost,"Razloži, v katerem sklonu in številu je oblika vihravosti besede vihravost.","Oblika **vihravosti** pri besedi *vihravost* izraža:
- 2. Rodilnik (množine)",sklanjanje,analiza_oblike,train
535981,georgino,Kako slovnično opredelimo besedo georgino?,Beseda **georgino** je samostalnik. Beseda je lastno ime in je moškega spola.,besedna_vrsta,osnovne_lastnosti,train
2864,naperiti,Kakšna sta nedoločnik in namenilnik glagola naperiti?,"Neosebne in posebne oblike glagola **naperiti**:
- Nedoločnik: **naperiti**
- Namenilnik: **naperit**
",spreganje,neosebne_oblike,train
10059,zatemniti,Ali je beseda zatemniti enopomenska ali večpomenska?,"Beseda **zatemniti** ima registrirana 2 pomene:
1. Če nekaj zatemni dogodek ali položaj, ga naredi bolj neprijetnega.
2. Kadar človek zatemni svetlobo, jo naredi manj svetlo.",pomen,stevilka_pomenov,train
53974,dominacija,Navedi 5 najbolj pogostih kolokacij za dominacija.,"Izpis 5 kolokacij za besedo **dominacija**:
1. popolna dominacija
2. moška dominacija
3. prekiniti dominacijo
4. oblika dominacije
5. želja po dominaciji",kolokacije,stevilsko_opredeljene_kolokacije,train
721551,transtrad,Prikaži sklanjatev besede transtrad za ednino.,"Sklanjatvene oblike besede **transtrad** v ednini:

| Sklon | Ednina |
|---|---|
| 1. Imenovalnik | transtrad |
| 2. Rodilnik | transtrada |
| 3. Dajalnik | transtradu |
| 4. Tožilnik | transtrada |
| 5. Mestnik | pri transtradu |
| 6. Orodnik | s transtradom |",sklanjanje,sklanjatev_po_stevilu,train
59114,hematokrit,"Sklanjaj besedo hematokrit v ednini, dvojini in množini.","Sklanjatvena tabela za samostalnik **hematokrit**:

| Sklon | Ednina | Dvojina | Množina |
|---|---|---|---|
| 1. Imenovalnik | hematokrit | / | hematokriti |
| 2. Rodilnik | hematokrita | hematokritov | / |
| 3. Dajalnik | hematokritu | hematokritoma | hematokritom |
| 4. Tožilnik | hematokrit | / | hematokrite |
| 5. Mestnik | pri hematokritu | pri hematokritih | pri hematokritih |
| 6. Orodnik | s hematokritom | s hematokritoma | s hematokriti |",sklanjanje,celotna_sklanjatev,train
496406,tekvando,Katere so sopomenke besede tekvando?,"Sopomenke besede **tekvando** so:
- taekwondo",sopomenke,navedi_sopomenke,train
546421,kosovar,Navedi spol za samostalnik kosovar.,Samostalnik **kosovar** je moškega spola.,besedna_vrsta,spol_samostalnika,train
69080,melodika,Poišči 3 tipičnih besednih zvez za besedo melodika.,"Izpis 3 kolokacij za besedo **melodika**:
1. ljudska melodika
2. ritmi in melodika
3. arabska melodika",kolokacije,stevilsko_opredeljene_kolokacije,train
514372,uzdigniti,Prikaži oblike za Sedanjik glagola uzdigniti.,"Sedanjik glagola **uzdigniti**:

| Oseba | Ednina | Dvojina | Množina |
|---|---|---|---|
| 1. oseba | uzdignem | uzdigneva | uzdignemo |
| 2. oseba | uzdigneš | uzdigneta | uzdignete |
| 3. oseba | uzdigne | uzdigneta | uzdignejo |",spreganje,spreganje_v_casu,train
56695,fosgen,V kateri lemi se nahaja oblika fosgenom?,Osnovna oblika (lema) besede **fosgenom** je **fosgen** (samostalnik).,sklanjanje,osnovna_oblika_leme,train
12793,le,"Slovnično analiziraj besedo le v povedi 'Oseba govori lepo, vendar le malo pretiho.'.","V povedi *""Oseba govori lepo, vendar le malo pretiho.""* nastopa beseda **le** kot pregibna oblika (MSD: L) besede *le*.",primeri_uporabe,analiza_oblike_v_povedi,train
40926,herojsko,Kako se beseda herojsko pojavlja v besedilnem kontekstu?,"Primeri uporabe besede **herojsko** v povedih:
- *Dvoboj je začel obupno, se herojsko vrnil in povedel, a ni bilo dovolj.*
- *Čestitam jim, herojsko so se borili, ker nogometa v takšnih pogojih pač ni bilo mogoče igrati.*
- *Lonec mora biti vroč, vendar ga herojsko drži z golimi rokami.*
- *Torinski gasilec Mario Trematore je planil v ogenj in herojsko rešil skrinjo s prtom.*
- *Ob novem pripomočku bo vsaj za nekaj trenutkov pozabil na vse bolezni, s katerimi se herojsko spopada v življenju.*",primeri_uporabe,povedi_z_besedo,train
2717,najavljati,Opiši osnovne gramatične lastnosti besede najavljati.,Beseda **najavljati** je glagol. Je nedovršni glagol.,besedna_vrsta,osnovne_lastnosti,train
831,diskreditirati,Izpiši primere iz korpusa za besedo diskreditirati.,"Primeri uporabe besede **diskreditirati** v povedih:
- *Vodstvo demokratske stranke pravi, da želi oblast z obtožbami o izdaji in nedomoljubju diskreditirati političnega nasprotnika.*
- *Navedeni očitki so neresnični in očitno podani samo z namenom diskreditirati moje delo in delo Urada, ki ga vodim.*
- *Na novinarski konferenci je povedal, da ga želijo z drugo ovadbo politično diskreditirati.*
- *Po Štrukljevem mnenju hoče Orlova prek društva le diskreditirati delo Sviza.*",primeri_uporabe,povedi_z_besedo,train
4191,onesrečiti,Izpiši tipične besedne zveze z besedo onesrečiti.,"Tipične kolokacije z besedo **onesrečiti**:
- bolj onesrečiti
- onesrečiti ljudi
- hoteti onesrečiti
- tako onesrečiti",kolokacije,navedi_kolokacije,train
507919,starožiten,Kateri besedni vrsti pripada beseda starožiten?,Beseda **starožiten** je pridevnik.,besedna_vrsta,osnovne_lastnosti,train
505518,nefiksiran,Stopnjuj besedo nefiksiran.,"Stopnjevanje besede **nefiksiran**:

| Stopnja | Oblika |
|---|---|
| 1. Osnovnik (Pozitiv) | nefiksiranem / nefiksiranih / nefiksirani / nefiksiranimi / nefiksirane / nefiksiranim / nefiksirano / nefiksiranima / nefiksiranega / nefiksiranemu / nefiksiran / nefiksirana |
| 2. Primernik (Komparativ) | nefiksiran |
| 3. Presežnik (Superlativ) | nefiksiran |",stopnjevanje,vse_stopnje,train
716797,steinach,Opiši osnovne gramatične lastnosti besede steinach.,Beseda **steinach** je samostalnik. Beseda je lastno ime in je moškega spola.,besedna_vrsta,osnovne_lastnosti,train
513371,razirati,Kateri besedni vrsti pripada beseda razirati?,Beseda **razirati** je glagol. Je nedovršni glagol.,besedna_vrsta,osnovne_lastnosti,train
6575,preobračati,Določi glagolski vid za besedo preobračati.,Beseda **preobračati** je nedovršni glagol.,besedna_vrsta,vrsta_in_vid_glagola,train
685234,josebe,Navedi spol za samostalnik josebe.,Samostalnik **josebe** je ženskega spola.,besedna_vrsta,spol_samostalnika,train
654321,abigaille,Kako zapišemo mestnik množine besede abigaille?,5. Mestnik (mestnik) množine besede **abigaille** se glasi: **pri abigaillejih**.,sklanjanje,posamezen_sklon,train
27757,ovenel,Navedi definicijo besede ovenel.,"Beseda **ovenel** ima naslednje pomene:
- Rastlina, ki je ovenela, se je posušila in odmrla.",pomen,razlaga_pomena,train
496347,semantem,V kateri spol razvrstimo samostalnik semantem?,Samostalnik **semantem** je moškega spola.,besedna_vrsta,spol_samostalnika,train
17067,ekonomski,Prikaži primere rabe besede ekonomski.,"Primeri uporabe besede **ekonomski** v povedih:
- *Ekonomska dejavnost je ključni dejavnik, ki vpliva na rast gospodarstva. Na primer, v državi, kjer je veliko podjetij in industrije, bo ekonomska dejavnost verjetno močna*
- *Ekonomska računica je proces analize in ocenjevanja finančnih aspektov poslovnih odločitev. To vključuje pregled stroškov, prihodkov, dobička, donosnosti naložb*
- *Ekonomski napredek je proces, ki se nanaša na rast in izboljšanje gospodarske dejavnosti v določeni državi ali regiji. Ta napredek se kaže v večjem obsegu proizvodnje,*
- *Ekonomska pomoč nerazvitim državam je ključna za spodbujanje njihovega gospodarskega razvoja in zmanjšanje revščine. S temi sredstvi se lahko financirajo projek*
- *Splošna ekonomska kriza je stanje, ko se gospodarstvo države ali sveta znajde v težavah, ki vplivajo na večino sektorjev in povzročajo negativne učinke na rast*",primeri_uporabe,povedi_z_besedo,train
76370,ožigalkar,Katere so najbolj znane kolokacije besede ožigalkar?,"Tipične kolokacije z besedo **ožigalkar**:
- mehovci ali ožigalkarji
- vrsta ožigalkarjev
- morski ožigalkar
- ožigalkarji imajo
- spadati med ožigalkarje
- skupina ožigalkarjev
- insekti in ožigalkarji
- strupen ožigalkar
- nevarni ožigalkarji
- soditi med ožigalkarje",kolokacije,navedi_kolokacije,train
12815,predvsem,Kako se beseda predvsem pojavlja v besedilnem kontekstu?,"Primeri uporabe besede **predvsem** v povedih:
- *Potovalni stroški bodo majhni, je pa res, da smo v prvo vrsto takoj postavili organizacijo tekme, saj dobro vemo, kakšni so odnosi navijačev obeh klubov,"" je po žrebu, ki se ga je udeležil skupaj s članom sanacijske komisije Mitjo Hlastecem, dejal sekretar Maribora Pivovarne Laško Uroš Jurišič in nadaljeval: ""Doma pričakujemo razprodan štadion.*
- *Predvsem je treba poudariti njegovo razgledanost, saj je bil sposoben podati številne informacije o različnih temah in je bil vedno dobro obveščen o aktualnih dogodkih.*
- *Pri načrtovanju novega stanovanjskega kompleksa je pomembno upoštevati predvsem urbanistične značilnosti mesta. To pomeni, da je treba upoštevati obstoječo infrastr*
- *Lahka glasba naj bi se predvsem inspirirala ob tradicionalnih folklorah in ljudski glasbi.*
- *Lahka glasba naj bi se predvsem inspirirala ob bogati tradiciji in raznolikosti folklorne glasbe.*",primeri_uporabe,povedi_z_besedo,train
8279,spakirati,Katere pomene ima beseda spakirati?,"Pomeni besede **spakirati** so:
- Kadar človek spakira svoje stvari, jih zloži v kovček ali torbo, ker odhaja.",pomen,nastevanje_pomenov,train
97903,zakladnica,Kakšen je pomen besede zakladnica?,"Beseda **zakladnica** ima naslednje pomene:
- Ko ljudje govorijo o zakladnici organizacije, govorijo o njenem denarju.",pomen,razlaga_pomena,train
494666,upadljiv,Poišči sopomenke za upadljiv.,"Sopomenke besede **upadljiv** so:
- privlačen
- spektakularen",sopomenke,navedi_sopomenke,train
655822,anasazijev,V katero vrsto besed uvrščamo besedo anasazijev?,Beseda **anasazijev** je samostalnik. Beseda je lastno ime in je moškega spola.,besedna_vrsta,osnovne_lastnosti,train
30276,pregnan,Katere besede imajo podoben pomen kot pregnan?,"Sopomenke besede **pregnan** so:
- izgnan
- razseljen",sopomenke,navedi_sopomenke,train
449608,fračarka,S katerimi besedami lahko nadomestimo besedo fračarka?,"Sopomenke besede **fračarka** so:
- pračarka",sopomenke,navedi_sopomenke,train
27087,ogroden,Prikaži seznam pogostih kolokacij z besedo ogroden.,"Tipične kolokacije z besedo **ogroden**:
- ogrodne veje
- ogrodne tablete",kolokacije,navedi_kolokacije,train
25042,nazadnjaški,Navedi število in kratek opis pomenov besede nazadnjaški.,"Beseda **nazadnjaški** ima registrirana 2 pomene:
1. Kdor je nazadnjaški, ni pripravljen sprejeti sprememb in novih zamisli.
2. Kdor je nazadnjaški, poskuša preprečiti družbene ali politične spremembe.",pomen,stevilka_pomenov,test
44036,prefrigano,Prikaži številčni seznam 3 kolokacij besede prefrigano.,"Izpis 3 kolokacij za besedo **prefrigano**:
1. zelo prefrigano
2. bolj prefrigano
3. prefrigano se lotiti",kolokacije,stevilsko_opredeljene_kolokacije,test
3567,odgrizniti,"Ali je odgrizniti dovršni, nedovršni ali dvovidski glagol?",Beseda **odgrizniti** je dovršni glagol.,besedna_vrsta,vrsta_in_vid_glagola,test
64185,kokarda,Katere so najbolj znane kolokacije besede kokarda?,"Tipične kolokacije z besedo **kokarda**:
- četniška kokarda
- slovenske kokarde
- nositi kokardo
- imeti kokardo
- šajkače in kokarda
- bele kokarde
- narodna kokarda
- kokarda z grbom
- kraljevske kokarde",kolokacije,navedi_kolokacije,test
931,dopizditi,Katere so neosebne ter posebne oblike glagola dopizditi?,"Neosebne in posebne oblike glagola **dopizditi**:
- Nedoločnik: **dopizditi**
- Namenilnik: **dopizdit**
",spreganje,neosebne_oblike,test
728733,zemanto,Kateri je tožilnik dvojine besede zemanto?,4. Tožilnik (tožilnik) dvojine besede **zemanto** se glasi: **zemanta / zemanta**.,sklanjanje,posamezen_sklon,test
1177,garnirati,Kateri vid izraža glagol garnirati?,Beseda **garnirati** je dvovidski glagol.,besedna_vrsta,vrsta_in_vid_glagola,test
6926,preživeti,Navedi definicijo besede preživeti.,"Beseda **preživeti** ima naslednje pomene:
- biti, ostati kje določen čas
- ostati živ do konca trajanja česa
- Preživeti pomeni ostati živ ali se uspešno spopasti z nevarnimi ali težavnimi okoliščinami.
- Preživeti v neki situaciji pomeni uspešno preživeti neke okoliščine ali se jim postaviti po robu.
- Kadar ljudje preživijo, živijo zadovoljivo, čeprav nimajo veliko denarja.
- Če ena stvar preživi drugo, živi ali obstaja dlje kot tista druga stvar.
- Preživeti pomeni biti živ ali obstajati še naprej, ko druga oseba umre ali ko določena stvar neha obstajati.
- Kadar človek preživi neko obdobje na določen način, ga prebije tako.
- Preživeti pomeni biti nekje za določeno obdobje. Preživeti pomeni delati nekaj določen čas.
- Preživeti pomeni živeti ali obstajati naprej kljub veliki nevarnosti ali težavam.
- Preživeti nekoga pomeni nadaljevati življenje po tem, ko ta oseba umre.
- Kadar nekaj preživi, obstaja še naprej.
- Preživeti težavno izkušnjo pomeni, da nam jo uspe prebroditi in ne dovoliti, da bi močneje vplivala na nas.
- Preživeti pomeni, da nekaj doživimo.
- Preživeti čas na določen način pomeni, da čas mineva s to dejavnostjo, ker na nekaj čakamo ali nimamo drugega dela.",pomen,razlaga_pomena,test
721100,toljanić,V katero vrsto besed uvrščamo besedo toljanić?,Beseda **toljanić** je samostalnik. Beseda je lastno ime in je moškega spola.,besedna_vrsta,osnovne_lastnosti,test
3638,odkrižati,Izpiši neosebne oblike glagola odkrižati.,"Neosebne in posebne oblike glagola **odkrižati**:
- Nedoločnik: **odkrižati**
- Namenilnik: **odkrižat**
",spreganje,neosebne_oblike,test
719727,tamilcem,Izpiši dvojino besede tamilcem po sklonih.,"Sklanjatvene oblike besede **tamilcem** v dvojini:

| Sklon | Dvojina |
|---|---|
| 1. Imenovalnik | tamilcema |
| 2. Rodilnik | / |
| 3. Dajalnik | tamilcemoma |
| 4. Tožilnik | / |
| 5. Mestnik | pri tamilcemih |
| 6. Orodnik | s tamilcemoma |",sklanjanje,sklanjatev_po_stevilu,test
514848,zalotati,Prikaži celotno spreganje glagola zalotati.,"Spreganje glagola **zalotati**:

### Sedanjik
| Oseba | Ednina | Dvojina | Množina |
|---|---|---|---|
| 1. oseba | zalotam | zalotava | zalotamo |
| 2. oseba | zalotaš | zalotata | zalotate |
| 3. oseba | zalota | zalotata | zalotajo |

### Preteklik
| Oseba | Ednina | Dvojina | Množina |
|---|---|---|---|
| 1. oseba | sem zalotala / sem zalotalo | sva zalotali / sva zalotala | smo zalotale / smo zalotali |
| 2. oseba | si zalotala / si zalotalo | sta zalotali / sta zalotala | ste zalotale / ste zalotali |
| 3. oseba | je zalotala / je zalotalo | sta zalotali / sta zalotala | so zalotale / so zalotali |",spreganje,celotno_spreganje,test
600002,ebo,Kako se beseda ebo sklanja v množini?,"Sklanjatvene oblike besede **ebo** v množini:

| Sklon | Množina |
|---|---|
| 1. Imenovalnik | ebi |
| 2. Rodilnik | ebov |
| 3. Dajalnik | ebom |
| 4. Tožilnik | ebe |
| 5. Mestnik | pri ebih |
| 6. Orodnik | z ebi |",sklanjanje,sklanjatev_po_stevilu,test
95007,uporništvo,Katere besede imajo podoben pomen kot uporništvo?,"Sopomenke besede **uporništvo** so:
- upornost
- kljubovalnost",sopomenke,navedi_sopomenke,test
67305,linorez,Kako se beseda linorez uporablja v stavkih?,"Primeri uporabe besede **linorez** v povedih:
- *Med grafičnimi tehnikami so spoznali linorez in suho iglo.*
- *Vse je umetnik oblikoval v linorezu.*
- *Na ogled so dela avtorjev z dveh različnih kontinentov, ki so ustvarjali v enaki tehniki, v linorezu.*
- *Na ogled bodo dela v različnih grafičnih tehnikah - lesorezi, linorezi, litografije in jedkanice.*
- *Na svoji prvi razstavi se je predstavil z linorezi in monotipijami.*",primeri_uporabe,povedi_z_besedo,test
31957,razklan,Izpiši stopnjevalni vzorec za besedo razklan.,"Stopnjevanje besede **razklan**:

| Stopnja | Oblika |
|---|---|
| 1. Osnovnik (Pozitiv) | razklanima / razklane / razklanih / razklanim / razklanimi / razklano / razklanega / razklanemu / razklanem / razklani / razklana / razklan |
| 2. Primernik (Komparativ) | razklan |
| 3. Presežnik (Superlativ) | razklan |",stopnjevanje,vse_stopnje,train
50824,burkaštvo,Prikaži številčni seznam 1 kolokacij besede burkaštvo.,"Izpis 1 kolokacij za besedo **burkaštvo**:
1. ceneno burkaštvo",kolokacije,stevilsko_opredeljene_kolokacije,train
514809,zakljuvati,Prikaži oblike za Sedanjik glagola zakljuvati.,"Sedanjik glagola **zakljuvati**:

| Oseba | Ednina | Dvojina | Množina |
|---|---|---|---|
| 1. oseba | zakljuvam | zakljuvava | zakljuvamo |
| 2. oseba | zakljuvaš | zakljuvata | zakljuvate |
| 3. oseba | zakljuva | zakljuvata | zakljuvajo |",spreganje,spreganje_v_casu,train
21062,kisov,Izpiši 5 kolokacij besede kisov.,"Izpis 5 kolokacij za besedo **kisov**:
1. kisovi obkladki
2. kisova voda
3. kisova matica
4. kisova esenca
5. kisova raztopina",kolokacije,stevilsko_opredeljene_kolokacije,train
88601,simpatičnost,"Katero slovnično obliko izraža beseda simpatičnostjo v stavku: 'Ljudi prepriča s simpatičnostjo, kar je pozitivna lastnost, ki ji lahko prinese napredovanje na delovnem mestu.'?","V povedi *""Ljudi prepriča s simpatičnostjo, kar je pozitivna lastnost, ki ji lahko prinese napredovanje na delovnem mestu.""* nastopa beseda **simpatičnostjo** kot pregibna oblika (MSD: Sozeo) besede *simpatičnost*.",primeri_uporabe,analiza_oblike_v_povedi,train
43851,poslušno,Katero besedno vrsto predstavlja poslušno?,Beseda **poslušno** je prislov.,besedna_vrsta,osnovne_lastnosti,train
611730,jelesijevič,Navedi vse sklone besede jelesijevič.,"Sklanjatvena tabela za samostalnik **jelesijevič**:

| Sklon | Ednina | Dvojina | Množina |
|---|---|---|---|
| 1. Imenovalnik | jelesijevič | jelesijeviča | jelesijeviči |
| 2. Rodilnik | jelesijeviča | jelesijevičev | jelesijevičev |
| 3. Dajalnik | jelesijeviču | jelesijevičema | jelesijevičem |
| 4. Tožilnik | / | jelesijeviča | jelesijeviče |
| 5. Mestnik | pri jelesijeviču | pri jelesijevičih | pri jelesijevičih |
| 6. Orodnik | z jelesijevičem | z jelesijevičema | z jelesijeviči |",sklanjanje,celotna_sklanjatev,train
740197,braccio,V kakšni obliki je orodnik ednine pri besedi braccio?,6. Orodnik (orodnik) ednine besede **braccio** se glasi: **z bracciom**.,sklanjanje,posamezen_sklon,train
645465,tami,Kako zapišemo mestnik ednine besede tami?,5. Mestnik (mestnik) ednine besede **tami** se glasi: **pri tami**.,sklanjanje,posamezen_sklon,train
510062,graužati,Kako se glasijo neosebne oblike pri glagolu graužati?,"Neosebne in posebne oblike glagola **graužati**:
- Nedoločnik: **graužati**
- Namenilnik: **graužat**
",spreganje,neosebne_oblike,train
567201,rudenka,Izpiši obliko: tožilnik ednine za rudenka.,4. Tožilnik (tožilnik) ednine besede **rudenka** se glasi: **rudenko**.,sklanjanje,posamezen_sklon,train
7171,prišparati,Kateri vid izraža glagol prišparati?,Beseda **prišparati** je dovršni glagol.,besedna_vrsta,vrsta_in_vid_glagola,train
34694,spoštovan,Izpiši število pomenov besede spoštovan.,"Beseda **spoštovan** ima registrirana 5 pomenov:
1. v pomenu: cenjen
2. v pomenu: upoštevan
3. raba v pomenu: v komunikaciji
4. Kadar je nekaj spoštovano, je cenjeno, navadno zato, ker je staro ali pomembno.
5. Oseba ali stvar, ki je spoštovana, velja v očeh družbe za dobro in etično pravilno.",pomen,stevilka_pomenov,train
50048,božiček,S katerimi izrazi se kolocira beseda božiček?,"Tipične kolokacije z besedo **božiček**:
- Božiček in dedek
- Božiček ali dedek
- pisati Božičku
- Božiček obdari
- Mraz in Božiček
- dedek in Božiček
- Božiček obdaruje
- Božiček razveseli
- Božiček in škrat
- pričakati Božička",kolokacije,navedi_kolokacije,train
524414,boninsegna,Opiši osnovne gramatične lastnosti besede boninsegna.,Beseda **boninsegna** je samostalnik. Beseda je lastno ime in je ženskega spola.,besedna_vrsta,osnovne_lastnosti,train
514297,ugreti,Prikaži oblike za Sedanjik glagola ugreti.,"Sedanjik glagola **ugreti**:

| Oseba | Ednina | Dvojina | Množina |
|---|---|---|---|
| 1. oseba | ugrem | ugreva | ugremo |
| 2. oseba | ugreš | ugreta | ugrete |
| 3. oseba | ugre | ugreta | ugrejo |",spreganje,spreganje_v_casu,train
4939,podjesti,Navedi vse osebe in čase za glagol podjesti.,"Spreganje glagola **podjesti**:

### Sedanjik
| Oseba | Ednina | Dvojina | Množina |
|---|---|---|---|
| 1. oseba | podjem | podjeva | podjemo |
| 2. oseba | podješ | podjesta | podjeste |
| 3. oseba | podje | podjesta | podjedo |

### Preteklik
| Oseba | Ednina | Dvojina | Množina |
|---|---|---|---|
| 1. oseba | sem podjedel / sem podjedla | sva podjedla / sva podjedli | smo podjedli / smo podjedle |
| 2. oseba | si podjedel / si podjedla | sta podjedla / sta podjedli | ste podjedli / ste podjedle |
| 3. oseba | je podjedel / je podjedla | sta podjedla / sta podjedli | so podjedli / so podjedle |",spreganje,celotno_spreganje,train
658509,bajramov,Določi spol samostalnika bajramov.,Samostalnik **bajramov** je moškega spola.,besedna_vrsta,spol_samostalnika,train
92388,svečan,Ali je beseda svečan enopomenska ali večpomenska?,"Beseda **svečan** ima registrirana 3 pomene:
1. drugi mesec v gregorijanskem koledarju
2. Oseba ali stvar, ki je svečana, ni razigrana ali zabavna, ampak zelo resna.
3. Obljuba ali dogovor, ki sta svečana, sta uradna in iskrena.",pomen,stevilka_pomenov,train
515637,šantati,Katere so neosebne ter posebne oblike glagola šantati?,"Neosebne in posebne oblike glagola **šantati**:
- Nedoločnik: **šantati**
- Namenilnik: **šantat**
",spreganje,neosebne_oblike,train
65955,krota,Navedi sinonime za besedo krota.,"Sopomenke besede **krota** so:
- rota
- sruth",sopomenke,navedi_sopomenke,train
455652,predprogramirati,"Ali je predprogramirati dovršni, nedovršni ali dvovidski glagol?",Beseda **predprogramirati** je dvovidski glagol.,besedna_vrsta,vrsta_in_vid_glagola,train
79589,pokrajina,Navedi število pomenov za besedo pokrajina.,"Beseda **pokrajina** ima registrirana 7 pomenov:
1. manjše ali večje ozemlje glede na oblikovanost, obraslost, urejenost
2. višja upravna enota
3. slika, na kateri je upodobljena pokrajina;
4. Pokrajina uporabljamo, kadar govorimo o območju z določenimi značilnostmi ali povezavami.
5. Pokrajina je vse, kar vidimo, kadar se ozremo na neko zemljišče, hribi, reke, stavbe in drevesa.
6. Pokrajina je veliko območje znotraj države, ki je samostojna upravna enota.
7. Pokrajina je vse, kar vidimo okoli sebe, zlasti ko smo na podeželju.",pomen,stevilka_pomenov,train
51040,čarter,Prikaži številčni seznam 5 kolokacij besede čarter.,"Izpis 5 kolokacij za besedo **čarter**:
1. ukvarjati se s čarterjem
2. ponudba čarterja
3. namenjen čarterju
4. redni čarter
5. ponudnik čarterja",kolokacije,stevilsko_opredeljene_kolokacije,train
29512,popravljen,Navedi vse stopnje za popravljen.,"Stopnjevanje besede **popravljen**:

| Stopnja | Oblika |
|---|---|
| 1. Osnovnik (Pozitiv) | popravljen / popravljeni / popravljenega / popravljenemu / popravljenem / popravljenim / popravljena / popravljenih / popravljenima / popravljene / popravljenimi / popravljeno |
| 2. Primernik (Komparativ) | popravljen |
| 3. Presežnik (Superlativ) | popravljen |",stopnjevanje,vse_stopnje,train
567868,sanjay,V kakšni obliki je dajalnik ednine pri besedi sanjay?,3. Dajalnik (dajalnik) ednine besede **sanjay** se glasi: **sanjayju**.,sklanjanje,posamezen_sklon,train
676021,gertten,Kakšna je osnovna oblika besede gerttenih?,Osnovna oblika (lema) besede **gerttenih** je **gertten** (samostalnik).,sklanjanje,osnovna_oblika_leme,train
560674,percival,Kako zapišemo orodnik ednine besede percival?,6. Orodnik (orodnik) ednine besede **percival** se glasi: **s percivalom**.,sklanjanje,posamezen_sklon,train
35138,štirivrstičen,Navedi primernik in presežnik za pridevnik/prislov štirivrstičen.,"Stopnjevanje besede **štirivrstičen**:

| Stopnja | Oblika |
|---|---|
| 1. Osnovnik (Pozitiv) | štirivrstični / štirivrstičnih / štirivrstičnima / štirivrstična / štirivrstičnim / štirivrstičnimi / štirivrstičen / štirivrstičnega / štirivrstičnemu / štirivrstičnem / štirivrstične / štirivrstično |
| 2. Primernik (Komparativ) | štirivrstičen |
| 3. Presežnik (Superlativ) | štirivrstičen |",stopnjevanje,vse_stopnje,train
56911,fris,Kaj izraža oblika frisom v kontekstu povedi 'S frisom se je zabil v okno in se z ramo zagozdil za vzvratno ogledalo.'?,"V povedi *""S frisom se je zabil v okno in se z ramo zagozdil za vzvratno ogledalo.""* nastopa beseda **frisom** kot pregibna oblika (MSD: Sommd) besede *fris*.",primeri_uporabe,analiza_oblike_v_povedi,train
730337,ĺžrtve,Navedi lemo za besedno obliko ĺžrtveja.,Osnovna oblika (lema) besede **ĺžrtveja** je **ĺžrtve** (samostalnik).,sklanjanje,osnovna_oblika_leme,train
41607,kovinsko,Katere so sopomenke besede kovinsko?,"Sopomenke besede **kovinsko** so:
- pločevinasto",sopomenke,navedi_sopomenke,train
604491,gaul,"Sklanjaj besedo gaul v ednini, dvojini in množini.","Sklanjatvena tabela za samostalnik **gaul**:

| Sklon | Ednina | Dvojina | Množina |
|---|---|---|---|
| 1. Imenovalnik | gaul | gaula | / |
| 2. Rodilnik | gaula | gaulov | gaulov |
| 3. Dajalnik | gaulu | gauloma | gaulom |
| 4. Tožilnik | gaula | / | gaule |
| 5. Mestnik | pri gaulu | pri gaulih | pri gaulih |
| 6. Orodnik | / | z gauloma | z gauli |",sklanjanje,celotna_sklanjatev,train
26663,obreden,S katerimi izrazi se kolocira beseda obreden?,"Tipične kolokacije z besedo **obreden**:
- obredni ples
- obredno klanje
- obredni zakol
- obredno žrtvovanje
- obredno umivanje
- obredni umor
- obredni samomor
- obredno pitje
- obredno kopanje
- obredna molitev",kolokacije,navedi_kolokacije,train
99531,živina,Slovnično analiziraj besedo živine v povedi 'Na drugi strani pa bi zaradi zaraščanja travnih površin potrebovali vsaj 200.000 krav in prek 500.000 glav goveje živine.'.,"V povedi *""Na drugi strani pa bi zaradi zaraščanja travnih površin potrebovali vsaj 200.000 krav in prek 500.000 glav goveje živine.""* nastopa beseda **živine** kot pregibna oblika (MSD: Sozmt) besede *živina*.",primeri_uporabe,analiza_oblike_v_povedi,train
1665,iznajti,Izpiši Sedanjik glagola iznajti po osebah.,"Sedanjik glagola **iznajti**:

| Oseba | Ednina | Dvojina | Množina |
|---|---|---|---|
| 1. oseba | iznajdem | iznajdeva | iznajdemo |
| 2. oseba | iznajdeš | iznajdeta | iznajdete |
| 3. oseba | iznajde | iznajdeta | iznajdejo |",spreganje,spreganje_v_casu,train
60478,insekticid,Poišči 3 tipičnih besednih zvez za besedo insekticid.,"Izpis 3 kolokacij za besedo **insekticid**:
1. uporaba insekticidov
2. naravni insekticid
3. uporabiti insekticid",kolokacije,stevilsko_opredeljene_kolokacije,train
444582,apalači,Izpiši vse sklanjatvene oblike besede apalači v dvojini.,"Sklanjatvene oblike besede **apalači** v dvojini:

| Sklon | Dvojina |
|---|---|
| 1. Imenovalnik | apalačija |
| 2. Rodilnik | apalačijev |
| 3. Dajalnik | apalačijema |
| 4. Tožilnik | apalačija |
| 5. Mestnik | pri apalačijih |
| 6. Orodnik | z apalačijema |",sklanjanje,sklanjatev_po_stevilu,train
511351,odtačkati,Opiši vid in vrsto glagola odtačkati.,Beseda **odtačkati** je dovršni glagol.,besedna_vrsta,vrsta_in_vid_glagola,train
628157,oromia,Sklanjaj besedo oromia samo v dvojini.,"Sklanjatvene oblike besede **oromia** v dvojini:

| Sklon | Dvojina |
|---|---|
| 1. Imenovalnik | oromii |
| 2. Rodilnik | oromi |
| 3. Dajalnik | oromiama |
| 4. Tožilnik | oromii |
| 5. Mestnik | pri oromiah |
| 6. Orodnik | z oromiama |",sklanjanje,sklanjatev_po_stevilu,train
6510,premlatiti,Izpiši Sedanjik glagola premlatiti po osebah.,"Sedanjik glagola **premlatiti**:

| Oseba | Ednina | Dvojina | Množina |
|---|---|---|---|
| 1. oseba | premlatim | premlativa | premlatimo |
| 2. oseba | premlatiš | premlatita | premlatite |
| 3. oseba | premlati | premlatita | premlatijo |",spreganje,spreganje_v_casu,train
611549,jarenini,V kakšni obliki je orodnik množine pri besedi jarenini?,6. Orodnik (orodnik) množine besede **jarenini** se glasi: **z jareniniji**.,sklanjanje,posamezen_sklon,train
48908,belež,Prikaži sklanjatev besede belež za dvojino.,"Sklanjatvene oblike besede **belež** v dvojini:

| Sklon | Dvojina |
|---|---|
| 1. Imenovalnik | / |
| 2. Rodilnik | / |
| 3. Dajalnik | / |
| 4. Tožilnik | / |
| 5. Mestnik | / |
| 6. Orodnik | / |",sklanjanje,sklanjatev_po_stevilu,train
523136,breceljnik,Katere sklone ima beseda breceljnik v dvojini?,"Sklanjatvene oblike besede **breceljnik** v dvojini:

| Sklon | Dvojina |
|---|---|
| 1. Imenovalnik | breceljnika |
| 2. Rodilnik | breceljnikov |
| 3. Dajalnik | breceljnikoma |
| 4. Tožilnik | breceljnika |
| 5. Mestnik | pri breceljnikih |
| 6. Orodnik | z breceljnikoma |",sklanjanje,sklanjatev_po_stevilu,train
626072,nižinski,Izpiši soznačilne besede za nižinski.,"Sopomenke besede **nižinski** so:
- iz doline",sopomenke,navedi_sopomenke,train
513828,spumpati,Prikaži nedoločniški in namenilniški obliki glagola spumpati.,"Neosebne in posebne oblike glagola **spumpati**:
- Nedoločnik: **spumpati**
- Namenilnik: **spumpat**
",spreganje,neosebne_oblike,train
1567,izjasniti,Izpiši neosebne oblike glagola izjasniti.,"Neosebne in posebne oblike glagola **izjasniti**:
- Nedoločnik: **izjasniti**
- Namenilnik: **izjasnit**
",spreganje,neosebne_oblike,train
10305,zgrinjati,Katere so neosebne ter posebne oblike glagola zgrinjati?,"Neosebne in posebne oblike glagola **zgrinjati**:
- Nedoločnik: **zgrinjati**
- Namenilnik: **zgrinjat**
",spreganje,neosebne_oblike,train
515029,zaudariti,Kateri vid izraža glagol zaudariti?,Beseda **zaudariti** je dovršni glagol.,besedna_vrsta,vrsta_in_vid_glagola,train
78089,pisoar,Prikaži primere rabe besede pisoar.,"Primeri uporabe besede **pisoar** v povedih:
- *V nadstropju je stranišče s tremi pisoarji in dvema umivalnikoma s toplo in hladno vodo.*",primeri_uporabe,povedi_z_besedo,train
57444,giljotina,"Slovnično analiziraj besedo giljotina v povedi 'Danes bo marsikaj drugače, saj se bo giljotina grozeče zibala nad košarkarji obeh moštev.'.","V povedi *""Danes bo marsikaj drugače, saj se bo giljotina grozeče zibala nad košarkarji obeh moštev.""* nastopa beseda **giljotina** kot pregibna oblika (MSD: Sozei) besede *giljotina*.",primeri_uporabe,analiza_oblike_v_povedi,train
690494,lampredi,"Razloži, v katerem sklonu in številu je oblika lampredija besede lampredi.","Oblika **lampredija** pri besedi *lampredi* izraža:
- 1. Imenovalnik (dvojine)",sklanjanje,analiza_oblike,train
601814,fabbian,Izpiši 1. Imenovalnik sklon ednine besede fabbian.,1. Imenovalnik (imenovalnik) ednine besede **fabbian** se glasi: **fabbian**.,sklanjanje,posamezen_sklon,train
51711,čir,Opiši pomen besede čir.,"Beseda **čir** ima naslednje pomene:
- Čir je boleč del na koži ali v notranjosti telesa; včasih krvavi.",pomen,razlaga_pomena,train
90238,sopomenka,Opiši pomen besede sopomenka.,"Beseda **sopomenka** ima naslednje pomene:
- Sopomenka je beseda ali izraz, ki ima enak pomen kot neka druga beseda ali izraz.",pomen,razlaga_pomena,train
483018,malo,Koliko leksikalnih pomenov vsebuje beseda malo?,"Beseda **malo** ima registrirana 16 pomenov:
1. izraža majhno stopnjo
2. izraža majhno količino ali mer
3. izraža prav majhno količino
4. izraža nezadostno stopnjo
5. izraža močno zanikanje
6. izraža veliko mero, stopnjo
7. izraža nedoločeno omejitev povedanega
8. Malo pomeni malo časa.
9. Malo pomeni v majhnem obsegu ali stopnji.
10. Če nekaj počnemo malo, to počnemo za kratek čas.
11. Malo uporabljamo za izražanje majhnega števila stvari ali oseb.
12. Z besedo malo povemo, da je število stvari ali oseb manjše, kot je zaželeno ali pričakovano.
13. Izraz malo uporabljamo, ko želimo poudariti, da je nekaj v majhni količini.
14. Malo pomeni ne zelo pogosto ali samo v majhni meri.
15. Malo nečesa je majhna količina tega.
16. Malo ali <FV>malo</FV> pomeni v majhni meri ali nizki stopnji.",pomen,stevilka_pomenov,train
452349,listinjenje,Katere so sopomenke besede listinjenje?,"Sopomenke besede **listinjenje** so:
- sekuritizacija
- vrednostničenje",sopomenke,navedi_sopomenke,train
67305,linorez,V kateri obliki nastopa beseda linorez v povedi: 'Med grafičnimi tehnikami so spoznali linorez in suho iglo.'?,"V povedi *""Med grafičnimi tehnikami so spoznali linorez in suho iglo.""* nastopa beseda **linorez** kot pregibna oblika (MSD: Somei) besede *linorez*.",primeri_uporabe,analiza_oblike_v_povedi,train
22185,krvoželjen,Navedi primere uporabe besede krvoželjen v povedih.,"Primeri uporabe besede **krvoželjen** v povedih:
- *Mar res ni bilo že dovolj klanja za te krvoželjne naciste?*
- *Moj brat ni krvoželjen, vendar takisto že šestnajst let ni zatisnil očesa.*
- *Če so se tudi drugi počutili tako krvoželjne, nikakor niso bili zmožni razumnega odločanja.*
- *Ker besedilo odraža takratno tipično ozračje, nabito s krvoželjno nestrpnostjo, si ga natančneje poglejmo.*
- *To je bilo popolno življenje princese iz pravljice, ki pa ga je tragično prekinila krvoželjna revolucija.*",primeri_uporabe,povedi_z_besedo,train
492587,hurgadi,Navedi slovnične značilnosti za lemo hurgadi.,Beseda **hurgadi** je samostalnik. Beseda je lastno ime in je moškega spola.,besedna_vrsta,osnovne_lastnosti,train
55419,emancipacija,Katere sopomenke obstajajo za izraz emancipacija?,"Sopomenke besede **emancipacija** so:
- emancipiranost
- osvoboditev
- osvobojenost",sopomenke,navedi_sopomenke,train
69809,mišelovka,Katere so najbolj znane kolokacije besede mišelovka?,"Tipične kolokacije z besedo **mišelovka**:
- ujeti se v mišelovko
- biti v mišelovki
- nastaviti mišelovko
- manjše mišelovke
- Mišelovka Agathe",kolokacije,navedi_kolokacije,train
65140,kosišče,Izpiši 4. Tožilnik sklon dvojine besede kosišče.,4. Tožilnik (tožilnik) dvojine besede **kosišče** se glasi: **kosišči**.,sklanjanje,posamezen_sklon,train
2817,namestiti,Izpiši celotno spreganje glagola namestiti.,"Spreganje glagola **namestiti**:

### Sedanjik
| Oseba | Ednina | Dvojina | Množina |
|---|---|---|---|
| 1. oseba | namestim | namestiva | namestimo |
| 2. oseba | namestiš | namestita | namestite |
| 3. oseba | namesti | namestita | namestijo |

### Preteklik
| Oseba | Ednina | Dvojina | Množina |
|---|---|---|---|
| 1. oseba | sem namestil / sem namestila | sva namestila / sva namestili | smo namestili / smo namestile |
| 2. oseba | si namestil / si namestila | sta namestila / sta namestili | ste namestili / ste namestile |
| 3. oseba | je namestil / je namestila | sta namestila / sta namestili | so namestili / so namestile |",spreganje,celotno_spreganje,train
3319,obnoviti,Kako se po osebah sprega glagol obnoviti v sedanjiku?,"Sedanjik glagola **obnoviti**:

| Oseba | Ednina | Dvojina | Množina |
|---|---|---|---|
| 1. oseba | obnovim | obnoviva | obnovimo |
| 2. oseba | obnoviš | obnovita | obnovite |
| 3. oseba | obnovi | obnovita | obnovijo |",spreganje,spreganje_v_casu,train
77858,pihalec,"Izpiši nekaj povedi, ki vsebujejo besedo pihalec.","Primeri uporabe besede **pihalec** v povedih:
- *Slovenskih pihalcev stekla praktično ni več, povpraševanje presega ponudbo tudi med stavbnimi steklarji.*
- *Najprej trije mladi pihalci prinesejo kroglico staljenega stekla iz peči in jo izmenično oblikujejo.*",primeri_uporabe,povedi_z_besedo,train
48082,atonalist,Katere sklone ima beseda atonalist v dvojini?,"Sklanjatvene oblike besede **atonalist** v dvojini:

| Sklon | Dvojina |
|---|---|
| 1. Imenovalnik | atonalista |
| 2. Rodilnik | atonalistov |
| 3. Dajalnik | atonalistoma |
| 4. Tožilnik | atonalista |
| 5. Mestnik | pri atonalistih |
| 6. Orodnik | z atonalistoma |",sklanjanje,sklanjatev_po_stevilu,train
29516,poprečen,Prikaži seznam pogostih kolokacij z besedo poprečen.,"Tipične kolokacije z besedo **poprečen**:
- poprečna plača
- poprečna cena
- poprečna starost
- poprečne temperature
- poprečni rating
- poprečna stopnja
- Poprečna hitrost
- Poprečna mlečnost
- poprečni dobiček
- poprečna poraba",kolokacije,navedi_kolokacije,train
24877,narodnjakov,Navedi kolokativne zveze za lemo narodnjakov.,"Tipične kolokacije z besedo **narodnjakov**:
- Narodnjakovo dekle",kolokacije,navedi_kolokacije,train
68639,maska,Katero obliko ima rodilnik množine samostalnika maska?,2. Rodilnik (rodilnik) množine besede **maska** se glasi: **mask**.,sklanjanje,posamezen_sklon,train
456876,sproščeno,Katere besede imajo podoben pomen kot sproščeno?,"Sopomenke besede **sproščeno** so:
- brezbrižno
- ravnodušno
- živahno
- prijateljsko
- nonšalantno
- po domače
- familiarno
- lahkotno
- nesramežljivo
- brez sramu
- ležerno
- nebrzdano
- neobrzdano
- mirno
- praznično
- brez predsodkov
- brez zadržkov
- neuradno
- vedro
- družno
- umirjeno
- kot doma
- domače
- neprisiljeno
- nezadržano
- prijetno
- brezskrbno
- neformalno
- prisrčno
- neobremenjeno
- veselo
- razigrano",sopomenke,navedi_sopomenke,train
71127,naivnost,Napiši obrazložitev pomena besede naivnost.,"Beseda **naivnost** ima naslednje pomene:
- Naivnost je vedenje, ki kaže, da človek verjame, da so stvari veliko manj zahtevne, kot so v resnici.",pomen,razlaga_pomena,train
496408,tangce,"Sklanjaj besedo tangce v ednini, dvojini in množini.","Sklanjatvena tabela za samostalnik **tangce**:

| Sklon | Ednina | Dvojina | Množina |
|---|---|---|---|
| 1. Imenovalnik | tangca | tangci | tangce |
| 2. Rodilnik | tangce | tangc | tangc |
| 3. Dajalnik | tangci | tangcama | tangcam |
| 4. Tožilnik | tangco | tangci | tangce |
| 5. Mestnik | pri tangci | pri tangcah | pri tangcah |
| 6. Orodnik | s tangco | s tangcama | s tangcami |",sklanjanje,celotna_sklanjatev,train
1789,izrivati,Opiši posebne glagolske oblike za izrivati.,"Neosebne in posebne oblike glagola **izrivati**:
- Nedoločnik: **izrivati**
- Namenilnik: **izrivat**
",spreganje,neosebne_oblike,train
446633,bakanalski,Kateri je imenovalnik ednine za obliko bakanalskimi?,Osnovna oblika (lema) besede **bakanalskimi** je **bakanalski** (pridevnik).,sklanjanje,osnovna_oblika_leme,train
100050,zpiz,Katere so najbolj znane kolokacije besede zpiz?,"Tipične kolokacije z besedo **zpiz**:
- ZPIZ izplačuje
- ZPIZ se zadolži
- transferji v ZPIZ
- obvestilo ZPIZ-a
- ZPIZ odmeri
- delež na Zpiz
- upokojiti se po ZPIZ
- ureditev v ZPIZ",kolokacije,navedi_kolokacije,train
19730,italijanski,"Določi slovnične lastnosti besede Italijanska v stavku 'Italijanska književnost je bogata in raznolika, s svojimi koreninami sega nazaj v antično Rimsko imperijo. Od takrat naprej je italijanska književnost doživela šte'.","V povedi *""Italijanska književnost je bogata in raznolika, s svojimi koreninami sega nazaj v antično Rimsko imperijo. Od takrat naprej je italijanska književnost doživela šte""* nastopa beseda **Italijanska** kot pregibna oblika (MSD: Ppnsmt) besede *italijanski*.",primeri_uporabe,analiza_oblike_v_povedi,train
17158,elektrokemijski,Katere so sopomenke besede elektrokemijski?,"Sopomenke besede **elektrokemijski** so:
- elektrokemičen",sopomenke,navedi_sopomenke,train
3757,odpotovati,Kako se po osebah sprega glagol odpotovati v sedanjiku?,"Sedanjik glagola **odpotovati**:

| Oseba | Ednina | Dvojina | Množina |
|---|---|---|---|
| 1. oseba | odpotujem | odpotujeva | odpotujemo |
| 2. oseba | odpotuješ | odpotujeta | odpotujete |
| 3. oseba | odpotuje | odpotujeta | odpotujejo |",spreganje,spreganje_v_casu,train
34311,sodast,Prikaži seznam pogostih kolokacij z besedo sodast.,"Tipične kolokacije z besedo **sodast**:
- sodasto popačenje
- sodaste spužve
- sodasta oblika",kolokacije,navedi_kolokacije,train
682458,ingvarsson,Navedi imenovalniško obliko besede ingvarssona.,Osnovna oblika (lema) besede **ingvarssona** je **ingvarsson** (samostalnik).,sklanjanje,osnovna_oblika_leme,train
36190,tostranski,Stopnjuj besedo tostranski.,"Stopnjevanje besede **tostranski**:

| Stopnja | Oblika |
|---|---|
| 1. Osnovnik (Pozitiv) | tostranskega / tostranskemu / tostransko / tostranskem / tostranskim / tostranski / tostranskih / tostranskima / tostranska / tostranskimi / tostranske |
| 2. Primernik (Komparativ) | tostranski |
| 3. Presežnik (Superlativ) | tostranski |",stopnjevanje,vse_stopnje,train
579152,waddell,Kateri spol ima beseda waddell?,Samostalnik **waddell** je moškega spola.,besedna_vrsta,spol_samostalnika,train
456681,sintesajzer,Izpiši vse sklanjatvene oblike besede sintesajzer v ednini.,"Sklanjatvene oblike besede **sintesajzer** v ednini:

| Sklon | Ednina |
|---|---|
| 1. Imenovalnik | sintesajzer |
| 2. Rodilnik | sintesajzerja |
| 3. Dajalnik | sintesajzerju |
| 4. Tožilnik | sintesajzerja / sintesajzer |
| 5. Mestnik | pri sintesajzerju |
| 6. Orodnik | s sintesajzerjem |",sklanjanje,sklanjatev_po_stevilu,train
802,dezertirati,Prikaži številčni seznam 8 kolokacij besede dezertirati.,"Izpis 8 kolokacij za besedo **dezertirati**:
1. množično dezertirati
2. dezertirati med vojno
3. dezertirati iz armade
4. borec dezertira
5. častnik dezertira
6. dezertirati z bojišča
7. vojak dezertira
8. dezertirati iz vojske",kolokacije,stevilsko_opredeljene_kolokacije,train
6655,prepojiti,Prikaži pregled spreganja za glagol prepojiti.,"Spreganje glagola **prepojiti**:

### Sedanjik
| Oseba | Ednina | Dvojina | Množina |
|---|---|---|---|
| 1. oseba | prepojim | prepojiva | prepojimo |
| 2. oseba | prepojiš | prepojita | prepojite |
| 3. oseba | prepoji | prepojita | prepojijo |

### Preteklik
| Oseba | Ednina | Dvojina | Množina |
|---|---|---|---|
| 1. oseba | sem prepojilo / sem prepojil | sva prepojili / sva prepojila | smo prepojile / smo prepojila |
| 2. oseba | si prepojilo / si prepojil | sta prepojili / sta prepojila | ste prepojile / ste prepojila |
| 3. oseba | je prepojilo / je prepojil | sta prepojili / sta prepojila | so prepojile / so prepojila |",spreganje,celotno_spreganje,test
728582,zato,Opiši pomen besede zato.,"Beseda **zato** ima naslednje pomene:
- Zato pomeni zaradi pravkar omenjenega razloga.
- Z izrazom zato uvedemo rezultat okoliščin, ki smo jih pravkar omenili.
- Z izrazom zato uvedemo sklep.
- Z besedo zato uvedemo posledice ali sklep tistega, kar smo pravkar rekli.
- Z izrazom zato povemo, da se ena stvar zgodi takoj za drugo in je navadno njena posledica.",pomen,razlaga_pomena,test
1152,frikati,Kako se glasi velelnik glagola frikati?,"Neosebne in posebne oblike glagola **frikati**:
- Nedoločnik: **frikati**
- Namenilnik: **frikat**
",spreganje,neosebne_oblike,test
27709,otežkočen,Kateri sklon in število izraža oblika otežkočeni pri besedi otežkočen?,"Oblika **otežkočeni** pri besedi *otežkočen* izraža:
- pregibna oblika",sklanjanje,analiza_oblike,test
594,čeljustati,Opiši vid in vrsto glagola čeljustati.,Beseda **čeljustati** je nedovršni glagol.,besedna_vrsta,vrsta_in_vid_glagola,test
464743,flensburg,V kakšni obliki je orodnik ednine pri besedi flensburg?,6. Orodnik (orodnik) ednine besede **flensburg** se glasi: **s flensburgom**.,sklanjanje,posamezen_sklon,test
512469,pripikati,Kakšna sta nedoločnik in namenilnik glagola pripikati?,"Neosebne in posebne oblike glagola **pripikati**:
- Nedoločnik: **pripikati**
- Namenilnik: **pripikat**
",spreganje,neosebne_oblike,test
7033,prikolovratiti,Katere so 3 tipične kolokacije z besedo prikolovratiti?,"Izpis 3 kolokacij za besedo **prikolovratiti**:
1. prikolovratiti domov
2. prikolovratiti pijan
3. prikolovratiti mimo",kolokacije,stevilsko_opredeljene_kolokacije,test
1443,investirati,Prikaži uporabo besede investirati v dejanskih povedih.,"Primeri uporabe besede **investirati** v povedih:
- *Hkrati je izdelek namenjen trgu in občinstvu, kar ima v intenzivnih delovnih in ustvarjalnih procesih, ko človek dejansko v izdelek investira sebe, tudi dramatičen učinek.*",primeri_uporabe,povedi_z_besedo,test
61943,jazbec,"Razloži, kaj označuje beseda jazbec.","Beseda **jazbec** ima naslednje pomene:
- Jazbec je divja žival z belo glavo in dvema širokima črnima progama na njej, ki živi v brlogu.",pomen,razlaga_pomena,test
477661,nesvetloben,Prikaži vse tri stopnje besede nesvetloben.,"Stopnjevanje besede **nesvetloben**:

| Stopnja | Oblika |
|---|---|
| 1. Osnovnik (Pozitiv) | nesvetlobnih / nesvetlobnim / nesvetlobni / nesvetlobnega / nesvetlobnimi / nesvetlobnima / nesvetlobna / nesvetlobno / nesvetlobne / nesvetloben / nesvetlobnemu / nesvetlobnem |
| 2. Primernik (Komparativ) | nesvetloben |
| 3. Presežnik (Superlativ) | nesvetloben |",stopnjevanje,vse_stopnje,test
3884,odtemniti,Prikaži nedoločniški in namenilniški obliki glagola odtemniti.,"Neosebne in posebne oblike glagola **odtemniti**:
- Nedoločnik: **odtemniti**
- Namenilnik: **odtemnit**
",spreganje,neosebne_oblike,test
671941,essarokh,Navedi spol za samostalnik essarokh.,Samostalnik **essarokh** je moškega spola.,besedna_vrsta,spol_samostalnika,test
23835,metrojski,Prikaži stopnjevanje pridevnika metrojski.,"Stopnjevanje besede **metrojski**:

| Stopnja | Oblika |
|---|---|
| 1. Osnovnik (Pozitiv) | metrojska / metrojskih / metrojskim / metrojskimi / metrojski / metrojskega / metrojskemu / metrojskem / metrojskima / metrojske / metrojsko |
| 2. Primernik (Komparativ) | metrojski |
| 3. Presežnik (Superlativ) | metrojski |",stopnjevanje,vse_stopnje,test
503719,fluvialen,V katero vrsto besed uvrščamo besedo fluvialen?,Beseda **fluvialen** je pridevnik.,besedna_vrsta,osnovne_lastnosti,test
26551,obilen,Kako poteka stopnjevanje besede obilen?,"Stopnjevanje besede **obilen**:

| Stopnja | Oblika |
|---|---|
| 1. Osnovnik (Pozitiv) | obilnemu / obilno / obilnem / obilnim / obilni / obilnih / obilnima / obilna / obilnimi / obilen / obilnega / obilne |
| 2. Primernik (Komparativ) | obilen |
| 3. Presežnik (Superlativ) | najobilnejši / najobilnejšega / najobilnejšemu / najobilnejšem / najobilnejšim / najobilnejša / najobilnejših / najobilnejšima / najobilnejše / najobilnejšimi / najobilnejšo |",stopnjevanje,vse_stopnje,train
75020,okostnjak,Naštej pomene besede okostnjak.,"Pomeni besede **okostnjak** so:
- v pomenu: okostje
- v pomenu: presuh človek
- v pomenu: skrivnost
- raba zastarelosti",pomen,nastevanje_pomenov,train
7602,razpolavljati,Ali je glagol razpolavljati dovršni ali nedovršni?,Beseda **razpolavljati** je nedovršni glagol.,besedna_vrsta,vrsta_in_vid_glagola,train
14183,berljiv,Ali je beseda berljiv enopomenska ali večpomenska?,"Beseda **berljiv** ima registrirana 5 pomenov:
1. raba zahtevnosti in prijetnosti
2. raba vizualnosti, čitljivosti
3. raba načinu branja podatkov
4. Pisava, ki je berljiva, je dovolj razločna, da jo lahko beremo.
5. Knjiga ali članek, ki je berljiv, je zanimiv in vreden branja.",pomen,stevilka_pomenov,train
86679,romanopisec,Navedi tipične kolokacije z besedo romanopisec.,"Tipične kolokacije z besedo **romanopisec**:
- francoski romanopisec
- britanski romanopisec
- pesnik in romanopisec
- romanopisec in dramatik
- angleški romanopisec
- znani romanopisec
- sodobni romanopisec
- dramatik in romanopisec
- romanopisec in pesnik
- romanopisec in esejist",kolokacije,navedi_kolokacije,train
1085,eruirati,"Kako glasi spreganje glagola eruirati v sedanjiku, pretekliku in prihodniku?","Spreganje glagola **eruirati**:

### Sedanjik
| Oseba | Ednina | Dvojina | Množina |
|---|---|---|---|
| 1. oseba | eruiram | eruirava | eruiramo |
| 2. oseba | eruiraš | eruirata | eruirate |
| 3. oseba | eruira | eruirata | eruirajo |

### Preteklik
| Oseba | Ednina | Dvojina | Množina |
|---|---|---|---|
| 1. oseba | sem eruiral / sem eruirala | sva eruirala / sva eruirali | smo eruirali / smo eruirale |
| 2. oseba | si eruiral / si eruirala | sta eruirala / sta eruirali | ste eruirali / ste eruirale |
| 3. oseba | je eruiral / je eruirala | sta eruirala / sta eruirali | so eruirali / so eruirale |",spreganje,celotno_spreganje,train
8935,upodobiti,Izpiši število pomenov besede upodobiti.,"Beseda **upodobiti** ima registrirana 3 pomene:
1. Kadar človek upodobi razpoloženje ali kakovost nečesa, to uspešno predstavi v sliki, glasbi ali besedi.
2. Upodobiti pomeni nekoga ali nekaj narisati na sliki ali risbi.
3. Kadar igralec ali igralka upodobi neko osebo, jo igra v gledališki igri ali filmu.",pomen,stevilka_pomenov,train
739879,moretonski,Katero sklanjatveno obliko predstavlja beseda moretonskih pri lemi moretonski?,"Oblika **moretonskih** pri besedi *moretonski* izraža:
- pregibna oblika",sklanjanje,analiza_oblike,train
29942,poziven,Prikaži stopnjevanje pridevnika poziven.,"Stopnjevanje besede **poziven**:

| Stopnja | Oblika |
|---|---|
| 1. Osnovnik (Pozitiv) | pozivnimi / pozivno / pozivnega / pozivnemu / pozivnem / pozivnim / pozivni / pozivnih / pozivnima / pozivna / pozivne / poziven |
| 2. Primernik (Komparativ) | poziven |
| 3. Presežnik (Superlativ) | poziven |",stopnjevanje,vse_stopnje,train
654070,žbevnica,Kateri je imenovalnik ednine besede žbevnica?,1. Imenovalnik (imenovalnik) ednine besede **žbevnica** se glasi: **žbevnica / žbevnica**.,sklanjanje,posamezen_sklon,train
622695,mizš,Izpiši sklanjatveno tabelo samostalnika mizš.,"Sklanjatvena tabela za samostalnik **mizš**:

| Sklon | Ednina | Dvojina | Množina |
|---|---|---|---|
| 1. Imenovalnik | mizš | mizš-ja | mizš-ji |
| 2. Rodilnik | mizš-ja | mizš-jev | mizš-jev |
| 3. Dajalnik | mizš-ju | mizš-jema | mizš-jem |
| 4. Tožilnik | mizš | mizš-ja | mizš-je |
| 5. Mestnik | pri mizš-ju | pri mizš-jih | pri mizš-jih |
| 6. Orodnik | z mizš-jem | z mizš-jema | z mizš-ji |",sklanjanje,celotna_sklanjatev,train
5524,poodrati,Prikaži nedoločniški in namenilniški obliki glagola poodrati.,"Neosebne in posebne oblike glagola **poodrati**:
- Nedoločnik: **poodrati**
- Namenilnik: **poodrat**
",spreganje,neosebne_oblike,train
6852,pretrgati,Navedi različne pomene besede pretrgati.,"Pomeni besede **pretrgati** so:
- Pretrgati pomeni ne imeti več stikov z neko skupino ljudi.
- Pretrgati pomeni ločiti kraj ali osebo od tistega, s čimer sta navadno povezana.
- Če je dobava nečesa pretrgana, to neha biti zagotovljeno.
- Pretrgati pomeni prekiniti telefonsko zvezo, kadar se nekdo pogovarja po telefonu.
- Pretrgati pomeni popolnoma končati odnos ali stike z nekom.
- Kadar se nekaj pretrga, se neha dogajati, preden je dokončano.",pomen,nastevanje_pomenov,train
54179,doumetje,Navedi soznačice za besedo doumetje.,"Sopomenke besede **doumetje** so:
- razumevanje
- ostroumnost
- prodornost",sopomenke,navedi_sopomenke,train
61369,izračun,Prikaži seznam pomenov za besedo izračun.,"Pomeni besede **izračun** so:
- Izračun je nekaj, o čemer razmišljamo, in kar matematično izračunamo.
- Izračun pomeni izvajanje matematičnih operacij za pridobitev rezultata.",pomen,nastevanje_pomenov,train
623285,mosh,"Ali je samostalnik mosh moškega, ženskega ali srednjega spola?",Samostalnik **mosh** je moškega spola.,besedna_vrsta,spol_samostalnika,train
655850,andalsnes,Kateri je dajalnik ednine besede andalsnes?,3. Dajalnik (dajalnik) ednine besede **andalsnes** se glasi: **andalsnesu**.,sklanjanje,posamezen_sklon,train
513246,raztrančirati,Kako se glasijo neosebne oblike pri glagolu raztrančirati?,"Neosebne in posebne oblike glagola **raztrančirati**:
- Nedoločnik: **raztrančirati**
- Namenilnik: **raztrančirat**
",spreganje,neosebne_oblike,train
9875,zapretiti,"Kako glasi spreganje glagola zapretiti v sedanjiku, pretekliku in prihodniku?","Spreganje glagola **zapretiti**:

### Sedanjik
| Oseba | Ednina | Dvojina | Množina |
|---|---|---|---|
| 1. oseba | zapretim | zapretiva | zapretimo |
| 2. oseba | zapretiš | zapretita | zapretite |
| 3. oseba | zapreti | zapretita | zapretijo |

### Preteklik
| Oseba | Ednina | Dvojina | Množina |
|---|---|---|---|
| 1. oseba | sem zapretil / sem zapretila | sva zapretila / sva zapretili | smo zapretili / smo zapretile |
| 2. oseba | si zapretil / si zapretila | sta zapretila / sta zapretili | ste zapretili / ste zapretile |
| 3. oseba | je zapretil / je zapretila | sta zapretila / sta zapretili | so zapretili / so zapretile |",spreganje,celotno_spreganje,train
616488,konte,Poišči osnovno imeno obliko za besedo kontami.,Osnovna oblika (lema) besede **kontami** je **konte** (samostalnik).,sklanjanje,osnovna_oblika_leme,train
514201,trijančiti,Navedi vse osebe in čase za glagol trijančiti.,"Spreganje glagola **trijančiti**:

### Sedanjik
| Oseba | Ednina | Dvojina | Množina |
|---|---|---|---|
| 1. oseba | trijančim | trijančiva | trijančimo |
| 2. oseba | trijančiš | trijančita | trijančite |
| 3. oseba | trijanči | trijančita | trijančijo |

### Preteklik
| Oseba | Ednina | Dvojina | Množina |
|---|---|---|---|
| 1. oseba | sem trijančilo / sem trijančila | sva trijančili / sva trijančila | smo trijančili / smo trijančile |
| 2. oseba | si trijančilo / si trijančila | sta trijančili / sta trijančila | ste trijančili / ste trijančile |
| 3. oseba | je trijančilo / je trijančila | sta trijančili / sta trijančila | so trijančili / so trijančile |",spreganje,celotno_spreganje,train
473323,gamm,Navedi slovnične značilnosti za lemo gamm.,Beseda **gamm** je samostalnik. Beseda je lastno ime in je moškega spola.,besedna_vrsta,osnovne_lastnosti,train
40252,dobro,Podaj razlago pomena za besedo dobro.,"Beseda **dobro** ima naslednje pomene:
- Kadar je človek dobro, je zdrav, nepoškodovan ali na varnem.
- Kar je dobro, je zadovoljivo ali sprejemljivo.
- Z izrazom dobro opišemo, da se dobro počutimo in smo povsem zadovoljni.
- Dobro je moralna in verska primernost.
- Z besedo dobro lahko sogovorniku pokažemo, da želimo govoriti o nečem drugem ali delati nekaj drugega.
- Izraz dobro dodamo za nikalnico, da zmanjšamo njeno težo in da izrazimo negotovost ali vljudnost.
- Kdor nekaj naredi dobro, tisto naredi kakovostno.
- Dobro pomeni temeljito ali v zelo veliki meri.
- Kadar stvari potekajo <FH>dobro</FH>, so okoliščine zadovoljive.",pomen,razlaga_pomena,train
466369,alpinum,Iz katere osnovne oblike izvira oblika alpinumoma?,Osnovna oblika (lema) besede **alpinumoma** je **alpinum** (samostalnik).,sklanjanje,osnovna_oblika_leme,train
483770,telovski,"Navedi sklon in število, ki ga izraža telovskima pri besedi telovski.","Oblika **telovskima** pri besedi *telovski* izraža:
- 3. Dajalnik (množine)",sklanjanje,analiza_oblike,train
551456,majak,Kako zapišemo tožilnik ednine besede majak?,4. Tožilnik (tožilnik) ednine besede **majak** se glasi: **majaka**.,sklanjanje,posamezen_sklon,train
3374,obrzdati,Kateri vid in katero vrsto glagola predstavlja obrzdati?,Beseda **obrzdati** je dovršni glagol.,besedna_vrsta,vrsta_in_vid_glagola,train
27771,ovlažen,Prikaži seznam pogostih kolokacij z besedo ovlažen.,"Tipične kolokacije z besedo **ovlažen**:
- ovlažen z vodo",kolokacije,navedi_kolokacije,train
710118,resurfacing,Kateri je rodilnik množine besede resurfacing?,2. Rodilnik (rodilnik) množine besede **resurfacing** se glasi: **resurfacingov**.,sklanjanje,posamezen_sklon,train
477241,neizzvan,"Razloži, kaj označuje beseda neizzvan.","Beseda **neizzvan** ima naslednje pomene:
- Če izvedemo neizzvan napad, napademo nekoga, ki nam ni naredil nič slabega.",pomen,razlaga_pomena,train
7422,razgaliti,Kateri vid izraža glagol razgaliti?,Beseda **razgaliti** je dovršni glagol.,besedna_vrsta,vrsta_in_vid_glagola,train
547799,kolodvorska,Kakšnega spola je samostalnik kolodvorska?,Samostalnik **kolodvorska** je ženskega spola.,besedna_vrsta,spol_samostalnika,train
41991,meseno,Navedi primernik in presežnik za pridevnik/prislov meseno.,"Stopnjevanje besede **meseno**:

| Stopnja | Oblika |
|---|---|
| 1. Osnovnik (Pozitiv) | meseno |
| 2. Primernik (Komparativ) | meseno |
| 3. Presežnik (Superlativ) | meseno |",stopnjevanje,vse_stopnje,train
9342,vstekleničiti,"Ali je vstekleničiti dovršni, nedovršni ali dvovidski glagol?",Beseda **vstekleničiti** je dovršni glagol.,besedna_vrsta,vrsta_in_vid_glagola,train
661105,boock,Navedi vse sklone za množino besede boock.,"Sklanjatvene oblike besede **boock** v množini:

| Sklon | Množina |
|---|---|
| 1. Imenovalnik | boocki |
| 2. Rodilnik | boockov |
| 3. Dajalnik | boockom |
| 4. Tožilnik | boocke |
| 5. Mestnik | pri boockih |
| 6. Orodnik | z boocki |",sklanjanje,sklanjatev_po_stevilu,train
559894,panke,Kateri spol ima beseda panke?,Samostalnik **panke** je moškega spola.,besedna_vrsta,spol_samostalnika,train
50423,brezvestnež,Katere besedne zveze so pogoste z besedo brezvestnež?,"Tipične kolokacije z besedo **brezvestnež**:
- neznani brezvestnež
- brezvestneži odlagajo
- brezvestneži mečejo",kolokacije,navedi_kolokacije,train
584130,acaba,Navedi vse sklone besede acaba.,"Sklanjatvena tabela za samostalnik **acaba**:

| Sklon | Ednina | Dvojina | Množina |
|---|---|---|---|
| 1. Imenovalnik | acaba | acabi / acaba | acabe / acabi |
| 2. Rodilnik | acabe / acaba | acab / acabov | acabov / acab |
| 3. Dajalnik | acabu / acabi | acaboma / acabama | acabom / acabam |
| 4. Tožilnik | acaba / acabo | acabi / acaba | acabe |
| 5. Mestnik | pri acabi / pri acabu | pri acabah / pri acabih | pri acabih / pri acabah |
| 6. Orodnik | z acabom / z acabo | z acabama / z acaboma | z acabi / z acabami |",sklanjanje,celotna_sklanjatev,train
7213,pritrjevati,Izpiši vse glagolske oblike za pritrjevati.,"Spreganje glagola **pritrjevati**:

### Sedanjik
| Oseba | Ednina | Dvojina | Množina |
|---|---|---|---|
| 1. oseba | pritrjujem | pritrjujeva | pritrjujemo |
| 2. oseba | pritrjuješ | pritrjujeta | pritrjujete |
| 3. oseba | pritrjuje | pritrjujeta | pritrjujejo |

### Preteklik
| Oseba | Ednina | Dvojina | Množina |
|---|---|---|---|
| 1. oseba | sem pritrjeval / sem pritrjevala | sva pritrjevala / sva pritrjevali | smo pritrjevali / smo pritrjevale |
| 2. oseba | si pritrjeval / si pritrjevala | sta pritrjevala / sta pritrjevali | ste pritrjevali / ste pritrjevale |
| 3. oseba | je pritrjeval / je pritrjevala | sta pritrjevala / sta pritrjevali | so pritrjevali / so pritrjevale |",spreganje,celotno_spreganje,train
465406,enometrski,Kako poteka stopnjevanje besede enometrski?,"Stopnjevanje besede **enometrski**:

| Stopnja | Oblika |
|---|---|
| 1. Osnovnik (Pozitiv) | enometrsko / enometrski / enometrskim / enometrskih / enometrskima / enometrskimi / enometrskega / enometrska / enometrske / enometrskem / enometrskemu |
| 2. Primernik (Komparativ) | enometrski |
| 3. Presežnik (Superlativ) | enometrski |",stopnjevanje,vse_stopnje,train
1255,grešiti,Napiši obrazložitev pomena besede grešiti.,"Beseda **grešiti** ima naslednje pomene:
- Grešiti pomeni narediti nekaj, kar velja za slabo in nespodobno.",pomen,razlaga_pomena,train
482990,prekristaljen,Kako poteka stopnjevanje besede prekristaljen?,"Stopnjevanje besede **prekristaljen**:

| Stopnja | Oblika |
|---|---|
| 1. Osnovnik (Pozitiv) | prekristaljene / prekristaljenih / prekristaljenima / prekristaljenem / prekristaljenimi / prekristaljenemu / prekristaljena / prekristaljeni / prekristaljenega / prekristaljenim / prekristaljen / prekristaljeno |
| 2. Primernik (Komparativ) | prekristaljen |
| 3. Presežnik (Superlativ) | prekristaljen |",stopnjevanje,vse_stopnje,train
24462,multivitaminski,Navedi primerne kolokacije za samostalnik/besedo multivitaminski.,"Tipične kolokacije z besedo **multivitaminski**:
- multivitaminski pripravki
- multivitaminske tablete
- multivitaminski dodatek
- multivitaminski sokovi
- multivitaminski napitki
- multivitaminski preparati
- multivitaminski in mineralen
- multivitaminski nadomestki
- multivitaminski in multimineralen
- multivitaminska pijača",kolokacije,navedi_kolokacije,train
99698,zlobnež,Kakšen je pomen besede zlobnež?,"Beseda **zlobnež** ima naslednje pomene:
- Zlobnež rečemo človeku, ki je zelo hudoben ali krut.",pomen,razlaga_pomena,train
18214,glasben,"Določi slovnične lastnosti besede glasbeno v stavku 'Ta skladba je odlično glasbeno delo, ki se izkaže z izjemno kakovostjo in izvedbo.'.","V povedi *""Ta skladba je odlično glasbeno delo, ki se izkaže z izjemno kakovostjo in izvedbo.""* nastopa beseda **glasbeno** kot pregibna oblika (MSD: Ppnset) besede *glasben*.",primeri_uporabe,analiza_oblike_v_povedi,train
72838,nesramnost,Katere so sopomenke besede nesramnost?,"Sopomenke besede **nesramnost** so:
- žaljivost
- izzivalnost
- neolikanost
- nevljudnost
- jasnost
- eklatantnost
- očitnost
- drznost
- nadutost
- nagajivost
- samozavestnost
- neprijaznost
- nesramnosti
- zajedljivost
- neresnost
- zafrkljivost
- podlost
- krutost
- brezsramnost
- koketnost
- jezikanje
- nezaslišanost
- sramotnost
- škandaloznost
- lahkomiselnost
- šokantnost
- predrznost
- pogum
- pretirana samozavest
- osornost
- zoprnost",sopomenke,navedi_sopomenke,train
513656,skončati,Izpiši velelnik ter nedoločnik glagola skončati.,"Neosebne in posebne oblike glagola **skončati**:
- Nedoločnik: **skončati**
- Namenilnik: **skončat**
",spreganje,neosebne_oblike,train
22324,kvaren,Izpiši število pomenov besede kvaren.,"Beseda **kvaren** ima registrirana 1 pomen:
1. Kar je kvarno, na nekoga ali nekaj slabo vpliva.",pomen,stevilka_pomenov,train
492213,zvezica,"Ali je samostalnik zvezica moškega, ženskega ali srednjega spola?",Samostalnik **zvezica** je ženskega spola.,besedna_vrsta,spol_samostalnika,train
624478,mesija,Izpiši soznačilne besede za mesija.,"Sopomenke besede **mesija** so:
- odrešenik
- rešenik",sopomenke,navedi_sopomenke,train
510582,kristaliti,Kakšne vrste in vida je glagol kristaliti?,Beseda **kristaliti** je nedovršni glagol.,besedna_vrsta,vrsta_in_vid_glagola,train
8621,švistniti,Izpiši število pomenov besede švistniti.,"Beseda **švistniti** ima registrirana 1 pomen:
1. Kadar nekaj švistne nekam, se hitro ali nenadoma premakne tja.",pomen,stevilka_pomenov,train
62782,kamnitost,Katere besede imajo podoben pomen kot kamnitost?,"Sopomenke besede **kamnitost** so:
- skalnatost",sopomenke,navedi_sopomenke,train
3408,obsvetljevati,Navedi spreganje glagola obsvetljevati v sedanjiku.,"Sedanjik glagola **obsvetljevati**:

| Oseba | Ednina | Dvojina | Množina |
|---|---|---|---|
| 1. oseba | obsvetljujem | obsvetljujeva | obsvetljujemo |
| 2. oseba | obsvetljuješ | obsvetljujeta | obsvetljujete |
| 3. oseba | obsvetljuje | obsvetljujeta | obsvetljujejo |",spreganje,spreganje_v_casu,train
495464,gincham,Izpiši vse sklanjatvene oblike besede gincham v množini.,"Sklanjatvene oblike besede **gincham** v množini:

| Sklon | Množina |
|---|---|
| 1. Imenovalnik | ginchami |
| 2. Rodilnik | ginchamov |
| 3. Dajalnik | ginchamom |
| 4. Tožilnik | ginchame |
| 5. Mestnik | pri ginchamih |
| 6. Orodnik | z ginchami |",sklanjanje,sklanjatev_po_stevilu,train
3828,odškrniti,Kako se glasijo neosebne oblike pri glagolu odškrniti?,"Neosebne in posebne oblike glagola **odškrniti**:
- Nedoločnik: **odškrniti**
- Namenilnik: **odškrnit**
",spreganje,neosebne_oblike,train
7534,razmešati,Kako se sprega glagol razmešati?,"Spreganje glagola **razmešati**:

### Sedanjik
| Oseba | Ednina | Dvojina | Množina |
|---|---|---|---|
| 1. oseba | razmešam | razmešava | razmešamo |
| 2. oseba | razmešaš | razmešata | razmešate |
| 3. oseba | razmeša | razmešata | razmešajo |

### Preteklik
| Oseba | Ednina | Dvojina | Množina |
|---|---|---|---|
| 1. oseba | sem razmešal / sem razmešala | sva razmešala / sva razmešali | smo razmešali / smo razmešale |
| 2. oseba | si razmešal / si razmešala | sta razmešala / sta razmešali | ste razmešali / ste razmešale |
| 3. oseba | je razmešal / je razmešala | sta razmešala / sta razmešali | so razmešali / so razmešale |",spreganje,celotno_spreganje,train
70440,moto,Kako se beseda moto uporablja v stavkih?,"Primeri uporabe besede **moto** v povedih:
- *Njegov moto je bil vse do smrti delo, delo in še enkrat delo.*
- *Njihov moto je zagotoviti kakovosten izdelek še tako zahtevnemu kupcu.*
- *Sledim motu, da je naša preteklost naša prihodnost.*
- *Letos so organizatorji sledili motu, da noben založnik ne sme ostati brez razstavnega prostora.*
- *Naj vaš življenjski moto postane: ""Živi počasi!""*",primeri_uporabe,povedi_z_besedo,train
51746,čistilka,Prikaži uporabo besede čistilka v dejanskih povedih.,"Primeri uporabe besede **čistilka** v povedih:
- *Mama je samohranilka, zato samo s plačo čistilke v družini ne bi shajali.*",primeri_uporabe,povedi_z_besedo,train
2880,napivati,Kateri vid in katero vrsto glagola predstavlja napivati?,Beseda **napivati** je nedovršni glagol.,besedna_vrsta,vrsta_in_vid_glagola,train
43375,okoli,Izpiši primere iz korpusa za besedo okoli.,"Primeri uporabe besede **okoli** v povedih:
- *Okoli se je obrnil in se ozrl naokoli.*
- *Okoli se klatiti, potepati in potikati pomeni, da se nekdo premika ali raziskuje okolico brez določenega cilja ali namena.*
- *Oseba, ki stoji na mestu, se nenadoma zavrti okoli sebe, tako da se njeno telo vrti v krogu.*
- *Okoli se zavrteti pomeni, da se oseba ali predmet hitro in vrtoglavo zavrti okoli svoje osi.*
- *Okoli stoji vrsta stebrov, ki tvorijo nekakšno ograjo ali podporo.*",primeri_uporabe,povedi_z_besedo,train
31248,prodekanov,Zapiši lemo (osnovno obliko) za besedo prodekanovim.,Osnovna oblika (lema) besede **prodekanovim** je **prodekanov** (pridevnik).,sklanjanje,osnovna_oblika_leme,train
58716,gruda,Navedi število pomenov za besedo gruda.,"Beseda **gruda** ima registrirana 2 pomene:
1. Gruda je velik sprimek prsti.
2. Gruda je čvrst kos nečesa.",pomen,stevilka_pomenov,train
451720,kongregacionističen,Katere so sopomenke besede kongregacionističen?,"Sopomenke besede **kongregacionističen** so:
- kongregacionalističen",sopomenke,navedi_sopomenke,train
658042,argenitina,Kateri je imenovalnik ednine za obliko argenitinam?,Osnovna oblika (lema) besede **argenitinam** je **argenitina** (samostalnik).,sklanjanje,osnovna_oblika_leme,train
47382,anemičnost,Zapiši primere stavkov z besedo anemičnost.,"Primeri uporabe besede **anemičnost** v povedih:
- *Zelo zmanjšana raven železa v krvi povzroča anemičnost in ogroža imunski sistem, s tem pa postane telo dojemljivo za okužbe.*
- *Profesorica dokaj prizadeto govori o mlačnosti, anemičnosti in nedejavnosti sodobne mladine.*",primeri_uporabe,povedi_z_besedo,train
4133,omavčiti,Prikaži nedoločniški in namenilniški obliki glagola omavčiti.,"Neosebne in posebne oblike glagola **omavčiti**:
- Nedoločnik: **omavčiti**
- Namenilnik: **omavčit**
",spreganje,neosebne_oblike,train
737986,gastropoda,Izpiši vse registrirane pomene besede gastropoda.,"Pomeni besede **gastropoda** so:
- mehkužci z nesomerno zgradbo telesa",pomen,nastevanje_pomenov,train
515265,zostriti,Prikaži celotno spreganje glagola zostriti.,"Spreganje glagola **zostriti**:

### Sedanjik
| Oseba | Ednina | Dvojina | Množina |
|---|---|---|---|
| 1. oseba | zostrim | zostriva | zostrimo |
| 2. oseba | zostriš | zostrita | zostrite |
| 3. oseba | zostri | zostrita | zostrijo |

### Preteklik
| Oseba | Ednina | Dvojina | Množina |
|---|---|---|---|
| 1. oseba | sem zostrilo / sem zostril | sva zostrili / sva zostrila | smo zostrile / smo zostrila |
| 2. oseba | si zostrilo / si zostril | sta zostrili / sta zostrila | ste zostrile / ste zostrila |
| 3. oseba | je zostrilo / je zostril | sta zostrili / sta zostrila | so zostrile / so zostrila |",spreganje,celotno_spreganje,train
35720,tarifen,S katerimi izrazi se kolocira beseda tarifen?,"Tipične kolokacije z besedo **tarifen**:
- tarifni razred
- tarifni sistem
- tarifne številke
- tarifni del
- tarifna priloga
- tarifna skupina
- tarifni odjemalci
- tarifno delo
- tarifne postavke
- tarifna oznaka",kolokacije,navedi_kolokacije,train
720422,testaferrat,Katera beseda v osnovni obliki predstavlja obliko testaferratov?,Osnovna oblika (lema) besede **testaferratov** je **testaferrat** (samostalnik).,sklanjanje,osnovna_oblika_leme,train
44934,siromašno,Katere besede imajo podoben pomen kot siromašno?,"Sopomenke besede **siromašno** so:
- revno
- skromno",sopomenke,navedi_sopomenke,train
74127,obutev,Kakšen je pomen besede obutev?,"Beseda **obutev** ima naslednje pomene:
- Z besedo obutev označujemo čevlje, škornje in sandale.",pomen,razlaga_pomena,train
479883,paladijevski,Izpiši stopnjevalni vzorec za besedo paladijevski.,"Stopnjevanje besede **paladijevski**:

| Stopnja | Oblika |
|---|---|
| 1. Osnovnik (Pozitiv) | paladijevskih / paladijevskim / paladijevskimi / paladijevsko / paladijevskima / paladijevskemu / paladijevskem / paladijevske / paladijevska / paladijevski / paladijevskega |
| 2. Primernik (Komparativ) | paladijevski |
| 3. Presežnik (Superlativ) | paladijevski |",stopnjevanje,vse_stopnje,train
24622,naduren,Navedi primernik in presežnik za pridevnik/prislov naduren.,"Stopnjevanje besede **naduren**:

| Stopnja | Oblika |
|---|---|
| 1. Osnovnik (Pozitiv) | nadurnih / nadurnima / nadurni / nadurne / nadurnim / nadurnimi / nadurno / nadurnega / nadurnemu / nadurnem / nadurna / naduren |
| 2. Primernik (Komparativ) | naduren |
| 3. Presežnik (Superlativ) | naduren |",stopnjevanje,vse_stopnje,train
52769,dekolte,"Izpiši nekaj povedi, ki vsebujejo besedo dekolte.","Primeri uporabe besede **dekolte** v povedih:
- *Gibi pri masaži naj bodo krožni v obliki osmic, kožo na dekolteju pa masirajte v smeri od dojk proti vratu.*
- *Vsaj enkrat na teden očistimo kožo na dekolteju s pilingom, vsak dan pa jo namažimo s posebno kremo za ta del kože.*
- *Za razliko od klasičnega razkazovanja dekolteja se to poletje odločite raje za razgaljen hrbet.*
- *Oblači se v seksi minice, nosi globoke dekolteje in visoke pete, kar še dodatno podžiga moške.*
- *Oblečena je bila v usnjene hlače in rožnato majico z dekoltejem.*",primeri_uporabe,povedi_z_besedo,train
565376,refugees,Navedi spol za samostalnik refugees.,Samostalnik **refugees** je moškega spola.,besedna_vrsta,spol_samostalnika,train
515394,zapasati,Kako se po osebah sprega glagol zapasati v sedanjiku?,"Sedanjik glagola **zapasati**:

| Oseba | Ednina | Dvojina | Množina |
|---|---|---|---|
| 1. oseba | zapasam | zapasava | zapasamo |
| 2. oseba | zapasaš | zapasata | zapasate |
| 3. oseba | zapasa | zapasata | zapasajo |",spreganje,spreganje_v_casu,train
88690,sinusitis,Prikaži primere rabe besede sinusitis.,"Primeri uporabe besede **sinusitis** v povedih:
- *Včasih sinusitis nastane tudi brez predhodnega vnetja nosne sluznice.*
- *Preprečevanje sinusitisa ni možno, ker je vnetje največkrat posledica prehlada.*
- *Nezdravljen sinusitis lahko privede do trajnega kroničnega vnetja.*
- *Akutni sinusitis traja do mesec dni, kronični pa več kot tri mesece.*",primeri_uporabe,povedi_z_besedo,train
88707,sipina,Kako se beseda sipina pojavlja v besedilnem kontekstu?,"Primeri uporabe besede **sipina** v povedih:
- *Konec januarja, ko so se visoke trave nekoliko posušile, je spet začelo goreti na zapuščenih sipinah nekdanjega rudnika.*
- *Šli smo čez nevarne sipine, ki se niso več podirale, in med potjo doživljali vso strahovitost tega potresa.*
- *Danes na koncu mogoče ni bilo najbolje startati, naredila se je sipina od tiste soli, ki so jo posuli.*
- *V nekaj dneh bo prišla vojska in s sipinami zravnala vse, kar bo ostalo od hiš.*",primeri_uporabe,povedi_z_besedo,train
5421,pomladiti,Ali je beseda pomladiti enopomenska ali večpomenska?,"Beseda **pomladiti** ima registrirana 2 pomene:
1. Kadar nekaj pomladi nekoga, se ta oseba zaradi tistega počuti mlado ali je videti mlada.
2. Pomladiti organizacijo ali sistem pomeni izvesti ukrepe, da postaneta bolj živahna in učinkovita.",pomen,stevilka_pomenov,train
2203,kovati,Navedi stavčne primere za besedo kovati.,"Primeri uporabe besede **kovati** v povedih:
- *Teroristi še vedno kujejo zarote, zbirajo denar in iščejo priložnosti za izpeljavo svojih podlih dejanj.*
- *Kuje zaroto, da bi se dokopal do prestola.*
- *Obtožil ga je, da kuje zaroto; ukazal ga je vreči v ječo in obsodil na smrt.*
- *Jezen kot ris, še najbolj, ker je bil osramočen pred dekletom, je koval maščevanje.*
- *Stari je s starejšima bratoma koval maščevanje.*",primeri_uporabe,povedi_z_besedo,train
668922,djebar,Izpiši celotno sklanjatev za samostalnik djebar.,"Sklanjatvena tabela za samostalnik **djebar**:

| Sklon | Ednina | Dvojina | Množina |
|---|---|---|---|
| 1. Imenovalnik | djebar | / | djebarji |
| 2. Rodilnik | djebarja | djebarjev | djebarjev |
| 3. Dajalnik | djebarju | djebarjema | djebarjem |
| 4. Tožilnik | djebarja | djebarja | / |
| 5. Mestnik | / | pri djebarjih | pri djebarjih |
| 6. Orodnik | z djebarjem | z djebarjema | z djebarji |",sklanjanje,celotna_sklanjatev,train
77445,perihelij,Prikaži številčni seznam 4 kolokacij besede perihelij.,"Izpis 4 kolokacij za besedo **perihelij**:
1. biti v periheliju
2. Merkurjev perihelij
3. biti blizu perihelija
4. perihelij pravi",kolokacije,stevilsko_opredeljene_kolokacije,train
98453,zarotnik,Katere pomene ima beseda zarotnik?,"Pomeni besede **zarotnik** so:
- Zarotnik je oseba, ki sodeluje pri zaroti.",pomen,nastevanje_pomenov,train
738834,achomawi,Kako se beseda achomawi sklanja v dvojini?,"Sklanjatvene oblike besede **achomawi** v dvojini:

| Sklon | Dvojina |
|---|---|
| 1. Imenovalnik | achomawija |
| 2. Rodilnik | achomawijev |
| 3. Dajalnik | achomawijema |
| 4. Tožilnik | achomawija |
| 5. Mestnik | pri achomawijih |
| 6. Orodnik | z achomawijema |",sklanjanje,sklanjatev_po_stevilu,test
462672,fd,Katero sklanjatveno obliko predstavlja beseda fd-ja pri lemi fd?,"Oblika **fd-ja** pri besedi *fd* izraža:
- 1. Imenovalnik (dvojine)",sklanjanje,analiza_oblike,test
65676,kretnica,Koliko pomenov ima beseda kretnica?,"Beseda **kretnica** ima registrirana 1 pomen:
1. Na železniški progi so kretnice vzvodi in tračnice, ki vlaku omogočajo prehod z enega tira na drugega.",pomen,stevilka_pomenov,test
727052,wika,Prikaži pregled sklanjatvenih oblik besede wika.,"Sklanjatvena tabela za samostalnik **wika**:

| Sklon | Ednina | Dvojina | Množina |
|---|---|---|---|
| 1. Imenovalnik | wika | wiki / wika | wike / wiki |
| 2. Rodilnik | wika / wike | wikov / wik | wikov / wik |
| 3. Dajalnik | wiku / wiki | wikama / wikoma | wikam / wikom |
| 4. Tožilnik | wika / wiko | wika / wiki | wike |
| 5. Mestnik | pri wiku / pri wiki | pri wikih / pri wikah | pri wikih / pri wikah |
| 6. Orodnik | z wikom / z wiko | z wikama / z wikoma | z wikami / z wiki |",sklanjanje,celotna_sklanjatev,test
43215,občutno,Razloži oblikoslovno vlogo besede Občutno v stavku 'Občutno se je podražilo tudi ogrevanje stanovanja v bloku.'.,"V povedi *""Občutno se je podražilo tudi ogrevanje stanovanja v bloku.""* nastopa beseda **Občutno** kot pregibna oblika (MSD: Rsn) besede *občutno*.",primeri_uporabe,analiza_oblike_v_povedi,test
517129,alvanos,Kako se v slovenščini glasi mestnik množine besede alvanos?,5. Mestnik (mestnik) množine besede **alvanos** se glasi: **pri alvanosih**.,sklanjanje,posamezen_sklon,test
81591,prav,"Analiziraj rabo besede prav v povedi: 'Po mojem mnenju ni prav, da puščaš otroka samega, saj je to lahko nevarno in se lahko zgodi karkoli nepredvidljivega.'.","V povedi *""Po mojem mnenju ni prav, da puščaš otroka samega, saj je to lahko nevarno in se lahko zgodi karkoli nepredvidljivega.""* nastopa beseda **prav** kot pregibna oblika (MSD: Somer) besede *prav*.",primeri_uporabe,analiza_oblike_v_povedi,test
4768,plunkati,Kakšne vrste in vida je glagol plunkati?,Beseda **plunkati** je nedovršni glagol.,besedna_vrsta,vrsta_in_vid_glagola,test
72524,nepotešenost,Prikaži 3 pogostih kolokacij z besedo nepotešenost.,"Izpis 3 kolokacij za besedo **nepotešenost**:
1. spolna nepotešenost
2. Občutek nepotešenosti
3. Čustvena nepotešenost",kolokacije,stevilsko_opredeljene_kolokacije,test
71189,naključje,Podaj razlago pomena za besedo naključje.,"Beseda **naključje** ima naslednje pomene:
- Naključje je dogodek, ki se zgodi povsem po naključju.
- Naključje je dogodek, ko se dve ali več stvari nepredvideno zgodi ob istem času.
- Naključje je nenavaden dogodek, ki ga težko razložimo.",pomen,razlaga_pomena,test
55968,evolucija,Določi slovnične lastnosti besede evolucije v stavku 'V procesu evolucije je zaradi naravnih dogodkov izumrlo na milijone vrst.'.,"V povedi *""V procesu evolucije je zaradi naravnih dogodkov izumrlo na milijone vrst.""* nastopa beseda **evolucije** kot pregibna oblika (MSD: Sozmt) besede *evolucija*.",primeri_uporabe,analiza_oblike_v_povedi,test
6992,prigoljufati,Navedi soznačice za besedo prigoljufati.,"Sopomenke besede **prigoljufati** so:
- naslepariti
- prislepariti",sopomenke,navedi_sopomenke,test
51217,čeljust,Preveri večpomenskost besede čeljust.,"Beseda **čeljust** ima registrirana 1 pomen:
1. Čeljust je del obraza pod usti. Kadar jemo, se premika navzgor in navzdol.",pomen,stevilka_pomenov,test
9180,vibrirati,Določi glagolski vid za besedo vibrirati.,Beseda **vibrirati** je nedovršni glagol.,besedna_vrsta,vrsta_in_vid_glagola,test
21913,kramljajoč,Navedi soznačice za besedo kramljajoč.,"Sopomenke besede **kramljajoč** so:
- lahkoten
- pogovoren",sopomenke,navedi_sopomenke,test
535492,ganga,"Povej, kakšnega spola je beseda ganga.",Samostalnik **ganga** je moškega spola.,besedna_vrsta,spol_samostalnika,train
624105,marchiola,Prikaži celotno sklanjatev za besedo marchiola.,"Sklanjatvena tabela za samostalnik **marchiola**:

| Sklon | Ednina | Dvojina | Množina |
|---|---|---|---|
| 1. Imenovalnik | marchiola | marchioli | marchiole |
| 2. Rodilnik | marchiole | marchiol | marchiol |
| 3. Dajalnik | marchioli | marchiolama | marchiolam |
| 4. Tožilnik | marchiolo | marchioli | marchiole |
| 5. Mestnik | pri marchioli | pri marchiolah | pri marchiolah |
| 6. Orodnik | / | z marchiolama | z marchiolami |",sklanjanje,celotna_sklanjatev,train
442976,kikboks,"Razloži, v katerem sklonu in številu je oblika kikboksu besede kikboks.","Oblika **kikboksu** pri besedi *kikboks* izraža:
- 3. Dajalnik (ednine)",sklanjanje,analiza_oblike,train
672055,eufic,Katere sklone ima beseda eufic v množini?,"Sklanjatvene oblike besede **eufic** v množini:

| Sklon | Množina |
|---|---|
| 1. Imenovalnik | eufici |
| 2. Rodilnik | euficev |
| 3. Dajalnik | / |
| 4. Tožilnik | eufice |
| 5. Mestnik | pri euficih |
| 6. Orodnik | z eufici |",sklanjanje,sklanjatev_po_stevilu,train
75741,orkan,Izpiši točno 12 kolokacij besede orkan.,"Izpis 12 kolokacij za besedo **orkan**:
1. orkan stopnje
2. orkan Katrina
3. orkan prizadene
4. posledice orkana
5. divjanje orkana
6. center za orkane
7. uničujoči orkan
8. žrtev orkana
9. orkan kategorije
10. najmočnejši orkan
11. okrepiti se v orkan
12. najhujši orkan",kolokacije,stevilsko_opredeljene_kolokacije,train
88117,senzacionalizem,"Katero slovnično obliko izraža beseda senzacionalizmu v stavku: 'Soočenja na televizijah so večinoma prazna in ostajajo na površini vtisov, tu in tam se v želji po medijskem senzacionalizmu spreminjajo v cenene gladiatorske igre.'?","V povedi *""Soočenja na televizijah so večinoma prazna in ostajajo na površini vtisov, tu in tam se v želji po medijskem senzacionalizmu spreminjajo v cenene gladiatorske igre.""* nastopa beseda **senzacionalizmu** kot pregibna oblika (MSD: Somed) besede *senzacionalizem*.",primeri_uporabe,analiza_oblike_v_povedi,train
586802,avdio,Preveri število registriranih pomenov besede avdio.,"Beseda **avdio** ima registrirana 1 pomen:
1. Avdio oprema se uporablja za snemanje in predvajanje zvoka.",pomen,stevilka_pomenov,train
72994,nevernik,Navedi tipične kolokacije z besedo nevernik.,"Tipične kolokacije z besedo **nevernik**:
- verniki in neverniki
- boj proti nevernikom
- vojna proti nevernikom
- ubiti nevernike
- imeti za nevernike
- neverniki živijo
- ubijanje nevernikov
- napadi na nevernike
- ubijati nevernike
- pobijanje nevernikov",kolokacije,navedi_kolokacije,train
63009,karbid,Kaj pomeni beseda karbid?,"Beseda **karbid** ima naslednje pomene:
- binarne spojine ogljika s kovinami ali z nekaterimi polkovinami",pomen,razlaga_pomena,train
6313,pregrizovati,Izpiši oblike po osebah in številu za Sedanjik glagola pregrizovati.,"Sedanjik glagola **pregrizovati**:

| Oseba | Ednina | Dvojina | Množina |
|---|---|---|---|
| 1. oseba | pregrizujem | pregrizujeva | pregrizujemo |
| 2. oseba | pregrizuješ | pregrizujeta | pregrizujete |
| 3. oseba | pregrizuje | pregrizujeta | pregrizujejo |",spreganje,spreganje_v_casu,train
686907,kirchdorf,Navedi vse sklone za množino besede kirchdorf.,"Sklanjatvene oblike besede **kirchdorf** v množini:

| Sklon | Množina |
|---|---|
| 1. Imenovalnik | kirchdorfi |
| 2. Rodilnik | kirchdorfov |
| 3. Dajalnik | kirchdorfom |
| 4. Tožilnik | kirchdorfe |
| 5. Mestnik | pri kirchdorfih |
| 6. Orodnik | s kirchdorfi |",sklanjanje,sklanjatev_po_stevilu,train
3616,odkleti,"Kako glasi spreganje glagola odkleti v sedanjiku, pretekliku in prihodniku?","Spreganje glagola **odkleti**:

### Sedanjik
| Oseba | Ednina | Dvojina | Množina |
|---|---|---|---|
| 1. oseba | odkolnem | odkolneva | odkolnemo |
| 2. oseba | odkolneš | odkolneta | odkolnete |
| 3. oseba | odkolne | odkolneta | odkolnejo |

### Preteklik
| Oseba | Ednina | Dvojina | Množina |
|---|---|---|---|
| 1. oseba | sem odklel / sem odklela | sva odklela / sva odkleli | smo odkleli / smo odklele |
| 2. oseba | si odklel / si odklela | sta odklela / sta odkleli | ste odkleli / ste odklele |
| 3. oseba | je odklel / je odklela | sta odklela / sta odkleli | so odkleli / so odklele |",spreganje,celotno_spreganje,train
67890,luska,Katere so 10 tipične kolokacije z besedo luska?,"Izpis 10 kolokacij za besedo **luska**:
1. pokrit z luskami
2. prekrit z luskami
3. drobne luske
4. ribje luske
5. imeti luske
6. Luske so majhne
7. srebrne luske
8. Luske so velike
9. odstraniti luske
10. kožne luske",kolokacije,stevilsko_opredeljene_kolokacije,train
445491,tedium,Katere sopomenke obstajajo za izraz tedium?,"Sopomenke besede **tedium** so:
- Te Deum",sopomenke,navedi_sopomenke,train
97337,vzdevek,Navedi število pomenov za besedo vzdevek.,"Beseda **vzdevek** ima registrirana 1 pomen:
1. Vzdevek je človekovo neuradno ime.",pomen,stevilka_pomenov,train
512602,prišepetati,Opiši vid in vrsto glagola prišepetati.,Beseda **prišepetati** je dovršni glagol.,besedna_vrsta,vrsta_in_vid_glagola,train
8994,usmerjati,Kako se glasi Sedanjik glagola usmerjati?,"Sedanjik glagola **usmerjati**:

| Oseba | Ednina | Dvojina | Množina |
|---|---|---|---|
| 1. oseba | usmerjam | usmerjava | usmerjamo |
| 2. oseba | usmerjaš | usmerjata | usmerjate |
| 3. oseba | usmerja | usmerjata | usmerjajo |",spreganje,spreganje_v_casu,train
61953,jazz,Naštej leksikalne pomene za besedo jazz.,"Pomeni besede **jazz** so:
- v pomenu: glasbena zvrst
- Jazz je glasbeni slog, ki ga navadno igrajo na bobne, saksofone in trobente.",pomen,nastevanje_pomenov,train
62791,kamnotisk,Izpiši sklanjatveno tabelo samostalnika kamnotisk.,"Sklanjatvena tabela za samostalnik **kamnotisk**:

| Sklon | Ednina | Dvojina | Množina |
|---|---|---|---|
| 1. Imenovalnik | kamnotisk | kamnotiska | kamnotiski |
| 2. Rodilnik | kamnotiska | kamnotiskov | kamnotiskov |
| 3. Dajalnik | kamnotisku | kamnotiskoma | kamnotiskom |
| 4. Tožilnik | / | kamnotiska | kamnotiske |
| 5. Mestnik | pri kamnotisku | pri kamnotiskih | pri kamnotiskih |
| 6. Orodnik | s kamnotiskom | s kamnotiskoma | s kamnotiski |",sklanjanje,celotna_sklanjatev,train
481624,livingstonov,Katero sklanjatveno obliko predstavlja beseda livingstonova pri lemi livingstonov?,"Oblika **livingstonova** pri besedi *livingstonov* izraža:
- pregibna oblika",sklanjanje,analiza_oblike,train
36733,ukrotljiv,Kaj po besedni vrsti pomeni ukrotljiv?,Beseda **ukrotljiv** je pridevnik.,besedna_vrsta,osnovne_lastnosti,train
49927,bonitiranje,Katere so 3 tipične kolokacije z besedo bonitiranje?,"Izpis 3 kolokacij za besedo **bonitiranje**:
1. izpit za bonitiranje
2. bonitiranje zemljišč
3. pooblastilo za bonitiranje",kolokacije,stevilsko_opredeljene_kolokacije,train
74423,odljudnost,Izpiši soznačilne besede za odljudnost.,"Sopomenke besede **odljudnost** so:
- samotarstvo
- nedružabnost",sopomenke,navedi_sopomenke,train
86268,rezus,S katerimi sinonimi opisujemo besedo rezus?,"Sopomenke besede **rezus** so:
- makak",sopomenke,navedi_sopomenke,train
513909,samoobnavljati,Kako se sprega glagol samoobnavljati?,"Spreganje glagola **samoobnavljati**:

### Sedanjik
| Oseba | Ednina | Dvojina | Množina |
|---|---|---|---|
| 1. oseba | samoobnavljam | samoobnavljava | samoobnavljamo |
| 2. oseba | samoobnavljaš | samoobnavljata | samoobnavljate |
| 3. oseba | samoobnavlja | samoobnavljata | samoobnavljajo |

### Preteklik
| Oseba | Ednina | Dvojina | Množina |
|---|---|---|---|
| 1. oseba | sem samoobnavljal / sem samoobnavljala | sva samoobnavljali / sva samoobnavljala | smo samoobnavljali / smo samoobnavljala |
| 2. oseba | si samoobnavljal / si samoobnavljala | sta samoobnavljali / sta samoobnavljala | ste samoobnavljali / ste samoobnavljala |
| 3. oseba | je samoobnavljal / je samoobnavljala | sta samoobnavljali / sta samoobnavljala | so samoobnavljali / so samoobnavljala |",spreganje,celotno_spreganje,train
72548,nepravnomočnost,S katerimi besedami se najpogosteje povezuje beseda nepravnomočnost?,"Tipične kolokacije z besedo **nepravnomočnost**:
- Nepravnomočnost sklepa
- nepravnomočnost odločbe
- zaznamba nepravnomočnosti
- izbris nepravnomočnosti
- nepravnomočnost zaznambe
- nepravnomočnost sodbe",kolokacije,navedi_kolokacije,train
1025,drobencljati,Kateri vid izraža glagol drobencljati?,Beseda **drobencljati** je nedovršni glagol.,besedna_vrsta,vrsta_in_vid_glagola,train
697586,morto,Kakšnega spola je samostalnik morto?,Samostalnik **morto** je moškega spola.,besedna_vrsta,spol_samostalnika,train
41833,lojalno,Katere besede imajo podoben pomen kot lojalno?,"Sopomenke besede **lojalno** so:
- zvesto",sopomenke,navedi_sopomenke,train
731984,kavkazid,"Povej, kakšnega spola je beseda kavkazid.",Samostalnik **kavkazid** je moškega spola.,besedna_vrsta,spol_samostalnika,train
92972,telo,"Kaj izraža oblika telesa v kontekstu povedi 'Pri bioresonančni metodi s posebnimi elektroprevodnimi elektrodami izločijo nihanja iz obolelega telesa in to informacijo po elektrodnem kablu pripeljejo v napravo, ki poljubno spreminja nihanja.'?","V povedi *""Pri bioresonančni metodi s posebnimi elektroprevodnimi elektrodami izločijo nihanja iz obolelega telesa in to informacijo po elektrodnem kablu pripeljejo v napravo, ki poljubno spreminja nihanja.""* nastopa beseda **telesa** kot pregibna oblika (MSD: Soser) besede *telo*.",primeri_uporabe,analiza_oblike_v_povedi,train
494864,hekuba,Navedi slovnične značilnosti za lemo hekuba.,Beseda **hekuba** je samostalnik. Beseda je lastno ime in je ženskega spola.,besedna_vrsta,osnovne_lastnosti,train
87794,sečišče,Navedi sinonime za besedo sečišče.,"Sopomenke besede **sečišče** so:
- presečišče
- presek",sopomenke,navedi_sopomenke,train
962,dostaviti,Kateri so pomeni besede dostaviti?,"Pomeni besede **dostaviti** so:
- Dostaviti pomeni nekaj nesti k nekomu domov ali v službo.
- Kadar so dobrine dostavljene, so dobavljene trgovinam ali podjetjem, ki jih uporabljajo ali prodajajo.
- Kadar sodišče dostavi pravno odredbo nekomu, mu jo pošlje.",pomen,nastevanje_pomenov,train
64716,konsekvenca,Kateri je imenovalnik ednine za obliko konsekvencam?,Osnovna oblika (lema) besede **konsekvencam** je **konsekvenca** (samostalnik).,sklanjanje,osnovna_oblika_leme,train
16059,destiliran,Izpiši točno 3 kolokacij besede destiliran.,"Izpis 3 kolokacij za besedo **destiliran**:
1. destilirana vodica
2. dvakrat destiliran
3. sveže destiliran",kolokacije,stevilsko_opredeljene_kolokacije,train
42419,nedolžno,Prikaži stopnjevanje pridevnika nedolžno.,"Stopnjevanje besede **nedolžno**:

| Stopnja | Oblika |
|---|---|
| 1. Osnovnik (Pozitiv) | nedolžno |
| 2. Primernik (Komparativ) | nedolžno |
| 3. Presežnik (Superlativ) | nedolžno |",stopnjevanje,vse_stopnje,train
498519,majsko,Sestavi tabelo stopnjevanja za besedo majsko.,"Stopnjevanje besede **majsko**:

| Stopnja | Oblika |
|---|---|
| 1. Osnovnik (Pozitiv) | majsko |
| 2. Primernik (Komparativ) | majsko |
| 3. Presežnik (Superlativ) | majsko |",stopnjevanje,vse_stopnje,train
65537,krava,Poišči in naštej pomene leme krava.,"Pomeni besede **krava** so:
- v pomenu: žival
- v pomenu: neuglajena, nespametna ženska
- Krava je odrasla samica goveda; na kmetijah jo imajo zaradi mleka.",pomen,nastevanje_pomenov,train
1946,javkati,Katere besedne zveze so pogoste z besedo javkati?,"Tipične kolokacije z besedo **javkati**:
- začeti javkati
- nehati javkati
- zdaj javkati
- tako javkati
- potem javkati",kolokacije,navedi_kolokacije,train
443618,beneluks,Iz katere osnovne oblike izvira oblika beneluksih?,Osnovna oblika (lema) besede **beneluksih** je **beneluks** (samostalnik).,sklanjanje,osnovna_oblika_leme,train
46967,albatros,Koliko ločenih pomenov ima lema albatros?,"Beseda **albatros** ima registrirana 1 pomen:
1. Albatros je zelo velika, bela morska ptica.",pomen,stevilka_pomenov,train
37290,vegast,S katerimi besedami lahko nadomestimo besedo vegast?,"Sopomenke besede **vegast** so:
- luknjast
- kotanjast
- jamast
- neraven
- razpadajoč
- kriv
- razdrapan",sopomenke,navedi_sopomenke,train
29397,pomorski,Preveri večpomenskost besede pomorski.,"Beseda **pomorski** ima registrirana 2 pomene:
1. Pomorski pomeni povezan z morjem in ladjami.
2. Osebe in stvari, ki so pomorske, so povezane z ladjami.",pomen,stevilka_pomenov,train
645527,tautou,Izpiši obliko: orodnik množine za tautou.,6. Orodnik (orodnik) množine besede **tautou** se glasi: **s tautou**.,sklanjanje,posamezen_sklon,train
476509,pojava,Katere so sopomenke besede pojava?,"Sopomenke besede **pojava** so:
- podoba
- figura
- lik
- posebnica
- original
- čudak
- posebnež
- patron
- tip
- čudakinja
- bitje
- človek
- kreatura
- stvar
- stvarca
- primer
- primerek
- slika",sopomenke,navedi_sopomenke,train
453465,nareziti,Kateri vid in katero vrsto glagola predstavlja nareziti?,Beseda **nareziti** je dovršni glagol.,besedna_vrsta,vrsta_in_vid_glagola,train
92595,tabla,Kakšen je pomen besede tabla?,"Beseda **tabla** ima naslednje pomene:
- Tabla je temno obarvana deska, na katero učitelj piše s kredo.
- Tabla je ploščat kos lesa, ki ga uporabljamo v določen namen.
- Beseda tabla je kratko poimenovanje za črno tablo, šahovnico ali oglasno desko.",pomen,razlaga_pomena,train
530545,durakovič,"Ali spada durakovič med samostalnike moškega, ženskega ali srednjega spola?",Samostalnik **durakovič** je moškega spola.,besedna_vrsta,spol_samostalnika,train
67466,ljubljančan,Poišči pogoste kolokacije za besedo ljubljančan.,"Tipične kolokacije z besedo **ljubljančan**:
- čakati Ljubljančane
- Ljubljančani povedejo
- prijeti Ljubljančana
- zmaga Ljubljančanov
- Ljubljančani si priigrajo
- Ljubljančani se približajo
- rojeni Ljubljančan
- ovaditi Ljubljančana
- Ljubljančani izenačijo
- Ljubljančani zapravijo",kolokacije,navedi_kolokacije,train
1450,iskoristiti,Spregaj glagol iskoristiti v sedanjiku.,"Sedanjik glagola **iskoristiti**:

| Oseba | Ednina | Dvojina | Množina |
|---|---|---|---|
| 1. oseba | iskoristim | iskoristiva | iskoristimo |
| 2. oseba | iskoristiš | iskoristita | iskoristite |
| 3. oseba | iskoristi | iskoristita | iskoristijo |",spreganje,spreganje_v_casu,train
544652,katalinič,Ali je beseda katalinič samostalnik ali druga besedna vrsta?,Beseda **katalinič** je samostalnik. Beseda je lastno ime in je moškega spola.,besedna_vrsta,osnovne_lastnosti,train
68976,megapika,Katere besedne zveze so pogoste z besedo megapika?,"Tipične kolokacije z besedo **megapika**:
- megapike ločljivosti
- ločljivost megapik
- fotoaparati z megapikami
- število megapik
- megapike in zum
- tipalo z megapikami
- modeli z megapikami
- Megapike nimajo
- megapike na tipalu
- več megapik",kolokacije,navedi_kolokacije,train
9850,zapoditi,Kako se glasijo neosebne oblike pri glagolu zapoditi?,"Neosebne in posebne oblike glagola **zapoditi**:
- Nedoločnik: **zapoditi**
- Namenilnik: **zapodit**
",spreganje,neosebne_oblike,train
40335,dovolj,"Analiziraj rabo besede dovolj v povedi: 'Oseba je izrazila, da ima vsega dovolj.'.","V povedi *""Oseba je izrazila, da ima vsega dovolj.""* nastopa beseda **dovolj** kot pregibna oblika (MSD: Rsn) besede *dovolj*.",primeri_uporabe,analiza_oblike_v_povedi,train
624388,medvodčanka,Prikaži sklanjatev besede medvodčanka za množino.,"Sklanjatvene oblike besede **medvodčanka** v množini:

| Sklon | Množina |
|---|---|
| 1. Imenovalnik | medvodčanke |
| 2. Rodilnik | medvodčank |
| 3. Dajalnik | medvodčankam |
| 4. Tožilnik | medvodčanke |
| 5. Mestnik | pri medvodčankah |
| 6. Orodnik | z medvodčankami |",sklanjanje,sklanjatev_po_stevilu,train
692907,lanjuan,Katere sklone ima beseda lanjuan v dvojini?,"Sklanjatvene oblike besede **lanjuan** v dvojini:

| Sklon | Dvojina |
|---|---|
| 1. Imenovalnik | / |
| 2. Rodilnik | lanjuan |
| 3. Dajalnik | lanjuan |
| 4. Tožilnik | lanjuan |
| 5. Mestnik | pri lanjuan |
| 6. Orodnik | z lanjuan |",sklanjanje,sklanjatev_po_stevilu,train
572421,symposium,Kako se sklanja beseda symposium?,"Sklanjatvena tabela za samostalnik **symposium**:

| Sklon | Ednina | Dvojina | Množina |
|---|---|---|---|
| 1. Imenovalnik | / | symposiuma | symposiumi |
| 2. Rodilnik | symposiuma | symposiumov | symposiumov |
| 3. Dajalnik | symposiumu | symposiumoma | symposiumom |
| 4. Tožilnik | symposiuma | symposiuma | symposiume |
| 5. Mestnik | pri symposiumu | pri symposiumih | pri symposiumih |
| 6. Orodnik | s symposiumom | s symposiumoma | s symposiumi |",sklanjanje,celotna_sklanjatev,train
37952,vrl,Sestavi seznam 8 kolokacij z besedo vrl.,"Izpis 8 kolokacij za besedo **vrl**:
1. vrli možje
2. vrli poslanci
3. vrli politiki
4. vrli Slovenci
5. vrli gasilci
6. vrli sosed
7. vrli organizatorji
8. vrli parlamentarci",kolokacije,stevilsko_opredeljene_kolokacije,train
461267,karamaz,Kakšna je osnovna oblika besede karamazi?,Osnovna oblika (lema) besede **karamazi** je **karamaz** (samostalnik).,sklanjanje,osnovna_oblika_leme,train
667733,dancelab,Izpiši vse sklanjatvene oblike besede dancelab v ednini.,"Sklanjatvene oblike besede **dancelab** v ednini:

| Sklon | Ednina |
|---|---|
| 1. Imenovalnik | dancelab |
| 2. Rodilnik | dancelaba |
| 3. Dajalnik | dancelabu |
| 4. Tožilnik | dancelaba |
| 5. Mestnik | pri dancelabu |
| 6. Orodnik | z dancelabom |",sklanjanje,sklanjatev_po_stevilu,train
96431,vitraj,"Navedi sklon in število, ki ga izraža vitrajem pri besedi vitraj.","Oblika **vitrajem** pri besedi *vitraj* izraža:
- 6. Orodnik (ednine)",sklanjanje,analiza_oblike,train
52612,december,Katero slovnično obliko izraža beseda decembra v stavku: 'Prijave za ta izlet je treba oddati do konca decembra.'?,"V povedi *""Prijave za ta izlet je treba oddati do konca decembra.""* nastopa beseda **decembra** kot pregibna oblika (MSD: Somer) besede *december*.",primeri_uporabe,analiza_oblike_v_povedi,train
28412,pianističen,Analiziraj rabo besede pianistično v povedi: 'Stanič je po Vatovčevih besedah najbolj obetavno slovensko pianistično ime.'.,"V povedi *""Stanič je po Vatovčevih besedah najbolj obetavno slovensko pianistično ime.""* nastopa beseda **pianistično** kot pregibna oblika (MSD: Ppnzeo) besede *pianističen*.",primeri_uporabe,analiza_oblike_v_povedi,train
635080,romanek,Poišči osnovno imeno obliko za besedo romankih.,Osnovna oblika (lema) besede **romankih** je **romanek** (samostalnik).,sklanjanje,osnovna_oblika_leme,train
16584,dosleden,Izpiši število pomenov besede dosleden.,"Beseda **dosleden** ima registrirana 1 pomen:
1. Kdor je dosleden, se vede ali odziva vedno enako.",pomen,stevilka_pomenov,train
652831,šetkus,Slovnično opredeli besedo šetkus.,Beseda **šetkus** je samostalnik. Beseda je lastno ime in je moškega spola.,besedna_vrsta,osnovne_lastnosti,train
95104,uresničitev,Prikaži številčni seznam 10 kolokacij besede uresničitev.,"Izpis 10 kolokacij za besedo **uresničitev**:
1. uresničitev ciljev
2. uresničitev projekta
3. uresničitev načrtov
4. uresničitev sanj
5. uresničitev želja
6. uresničitev ideje
7. uresničitev zamisli
8. uresničitev zahtev
9. potrebovati za uresničitev
10. možnosti za uresničitev",kolokacije,stevilsko_opredeljene_kolokacije,train
9056,utrditi,Prikaži seznam pogostih kolokacij z besedo utrditi.,"Tipične kolokacije z besedo **utrditi**:
- utrditi položaj
- utrditi se na mestu
- bolj utrditi
- utrditi si položaj
- dodatno utrditi
- utrditi se z zmago
- bolj si utrditi
- želeti utrditi
- utrditi se na vrhu
- utrditi v prepričanju",kolokacije,navedi_kolokacije,train
617842,lepizig,Katero sklanjatveno obliko predstavlja beseda lepizige pri lemi lepizig?,"Oblika **lepizige** pri besedi *lepizig* izraža:
- 4. Tožilnik (množine)",sklanjanje,analiza_oblike,train
36758,umaknjen,Zapiši 8 kolokativnih primerov za besedo umaknjen.,"Izpis 8 kolokacij za besedo **umaknjen**:
1. predlog je umaknjen
2. točka je umaknjena
3. tožba je umaknjena
4. obtožba je umaknjena
5. obtožnica je umaknjena
6. bolj umaknjen
7. umaknjen z reda
8. živeti umaknjeno",kolokacije,stevilsko_opredeljene_kolokacije,train
45863,vedno,"Katero slovnično obliko izraža beseda Vedno v stavku: 'Vedno in povsod, kamor so se obrnili, so bili uspešni.'?","V povedi *""Vedno in povsod, kamor so se obrnili, so bili uspešni.""* nastopa beseda **Vedno** kot pregibna oblika (MSD: Rsn) besede *vedno*.",primeri_uporabe,analiza_oblike_v_povedi,train
678877,hackmann,Kako poteka sklanjatev besede hackmann za ednino?,"Sklanjatvene oblike besede **hackmann** v ednini:

| Sklon | Ednina |
|---|---|
| 1. Imenovalnik | hackmann |
| 2. Rodilnik | hackmanna |
| 3. Dajalnik | hackmannu |
| 4. Tožilnik | hackmanna |
| 5. Mestnik | pri hackmannu |
| 6. Orodnik | s hackmannom |",sklanjanje,sklanjatev_po_stevilu,train
716317,sportalov,Kako poteka sklanjatev besede sportalov za množino?,"Sklanjatvene oblike besede **sportalov** v množini:

| Sklon | Množina |
|---|---|
| 1. Imenovalnik | sportalovi |
| 2. Rodilnik | sportalovov |
| 3. Dajalnik | sportalovom |
| 4. Tožilnik | sportalove |
| 5. Mestnik | pri sportalovih |
| 6. Orodnik | s sportalovi |",sklanjanje,sklanjatev_po_stevilu,train
498093,kdovezakaj,"Izpiši osnovnik, primernik in presežnik za kdovezakaj.","Stopnjevanje besede **kdovezakaj**:

| Stopnja | Oblika |
|---|---|
| 1. Osnovnik (Pozitiv) | kdovezakaj |
| 2. Primernik (Komparativ) | kdovezakaj |
| 3. Presežnik (Superlativ) | kdovezakaj |",stopnjevanje,vse_stopnje,train
734903,sovjetskost,Kako se v slovenščini glasi tožilnik dvojine besede sovjetskost?,4. Tožilnik (tožilnik) dvojine besede **sovjetskost** se glasi: **sovjetskosti**.,sklanjanje,posamezen_sklon,train
443985,na,Koliko ločenih pomenov ima lema na?,"Beseda **na** ima registrirana 34 pomenov:
1. izraža opozorilo na to, kar se da, daje
2. izraža podkrepitev trditve
3. izraža presenečenje
4. Pri izražanju tarif, cen in merskih enot lahko uporabimo na, da povemo, koliko enot od celote smo izmerili.
5. Ko rečemo, da je določena lastnost na nekom ali nečem, mislimo, da ta oseba ali stvar to lastnost premore.
6. Z besedo na povemo, kje se nekaj zgodi ali leži.
7. Kadar nekaj storimo na ukaz ali vabilo nekoga, je to storjeno kot posledica tega.
8. Besedo na uporabimo tedaj, kadar navedemo drug del v razmerju.
9. Kadar je nekaj na nekem kraju, je tam.
10. Kadar je nekaj na sliki, lahko to vidimo tam.
11. Če si na dirki ali kakšni drugi dejavnosti, si ena od sodelujočih oseb.
12. Kadar stojimo ali počivamo na čem, je tista stvar pod nami in podpira našo težo.
13. Kdor je na avtobusu, vlaku ali letalu, se pelje z njim.
14. Kadar je nekaj na površini ali predmetu, se drži določene površine ali predmeta ali je pritrjeno nanj.
15. Kadar je nekaj na kosu papirja, je tam napisano ali natisnjeno.
16. Stavba, ki je na cesti, stoji tik ob njej.
17. Besedo na uporabljamo, ko govorimo o površini, na kateri nekdo dela ali živi. Na primer, nekdo lahko dela na kmetiji ali gradbišču, ali živi na stanovanjskem območju.
18. Kadar se poškodujemo na čem, se poškodujemo tako, da z delom telesa po nesreči udarimo ob to.
19. Kadar se nekaj zgodi na določen dan ali datum, se to zgodi tistega dne ali na tisti datum.
20. Kadar nekaj naredimo na inštrumentu, stroju ali sistemu, tisto naredimo tako, da uporabimo tisti inštrument, stroj ali sistem.
21. Knjige, razprave, pripombe ali misli na določeno temo se nanašajo na to temo.
22. Kadar nekaj učinkuje na nekoga, na nekoga vpliva ali deluje.
23. Davek ali dobiček, ki se pridobi od nečesa, se imenuje davek ali dobiček na to.
24. Besedo na uporabljamo z nekaterimi glagoli, ko omenjamo dodatno vpletenost v dejanje, zlasti pri dejanjih, kot so napad, zanašanje ali uporaba.
25. Kadar je nekdo ali nekaj postavljen na neki predmet, je ta predmet pod osebo ali stvarjo in ju podpira.
26. Če eno stvar pritrdite na drugo, pritrdite prvo stvar na drugo.
27. Kadar okno gleda na določen kos zemlje, skozenj vidimo ta kos zemlje.
28. Z besedo na izražamo razmerja in mere. Na primer, če nekaj stane 50 funtov na leto, moramo za to vsako leto plačati 50 funtov. Če vozilo vozi s hitrostjo 40 milj na uro, v eni uri prevozi 40 milj.
29. Besedo na uporabimo pred krajem ali predmetom, proti kateremu se nekdo ali nekaj premika ali nanj kaže.
30. Beseda na izraža položaj nečesa v prostoru. Na primer, če je predmet na vaši levi, je bližje levi strani telesa kot desni.
31. Beseda na se uporablja, ko označujemo človekov odziv na nekaj.
32. Besedo na uporabljamo v izrazih za razmerja in primerjalne količine.
33. Kadar je nekaj na nekom, pomeni, da je dolžnost te osebe, da tisto naredi.
34. Kadar je ena stvar na drugi, je na njej.",pomen,stevilka_pomenov,train
53557,distorzija,Navedi tipične kolokacije z besedo distorzija.,"Tipične kolokacije z besedo **distorzija**:
- tržne distorzije
- distorzije na trgu
- učinek distorzije
- kitarska distorzija
- zvočne distorzije
- povzročati distorzije
- Distorzija Dušana",kolokacije,navedi_kolokacije,train
514530,vstisniti,Sestavi tabelo za Sedanjik glagola vstisniti.,"Sedanjik glagola **vstisniti**:

| Oseba | Ednina | Dvojina | Množina |
|---|---|---|---|
| 1. oseba | vstisnem | vstisneva | vstisnemo |
| 2. oseba | vstisneš | vstisneta | vstisnete |
| 3. oseba | vstisne | vstisneta | vstisnejo |",spreganje,spreganje_v_casu,train
533661,ferlan,Navedi spol za samostalnik ferlan.,Samostalnik **ferlan** je moškega spola.,besedna_vrsta,spol_samostalnika,train
11588,6500,Opiši osnovne gramatične lastnosti besede 6500.,Beseda **6500** je števnik.,besedna_vrsta,osnovne_lastnosti,train
2271,krvaveti,Kako se beseda krvaveti pojavlja v besedilnem kontekstu?,"Primeri uporabe besede **krvaveti** v povedih:
- *Včasih se pretrga šele pri prvi spolni združitvi med spolnim odnosom in ženska lahko tudi nekoliko krvavi.*
- *Če ženska močno krvavi, ima hude bolečine ali nenadne težave v nosečnosti, lahko pride na pregled na urgentno službo pri bolnišnicah.*
- *Ker je tako aktiven pri športu in plesu, se mu večkrat zgodi, tudi med spanjem, da krvavi iz nosa.*
- *Od takrat skoraj vsak dan krvavim iz nosu, zlasti zjutraj, ko se useknem in si obrišem nos.*
- *Slednji je ob tem z glavo udaril v ploščo pod televizorjem in začel krvaveti iz rane na glavi.*",primeri_uporabe,povedi_z_besedo,train
706,cviliti,"Kako glasi spreganje glagola cviliti v sedanjiku, pretekliku in prihodniku?","Spreganje glagola **cviliti**:

### Sedanjik
| Oseba | Ednina | Dvojina | Množina |
|---|---|---|---|
| 1. oseba | cvilim | cviliva | cvilimo |
| 2. oseba | cviliš | cvilita | cvilite |
| 3. oseba | cvili | cvilita | cvilijo |

### Preteklik
| Oseba | Ednina | Dvojina | Množina |
|---|---|---|---|
| 1. oseba | sem cvilil / sem cvilila | sva cvilila / sva cvilili | smo cvilili / smo cvilile |
| 2. oseba | si cvilil / si cvilila | sta cvilila / sta cvilili | ste cvilili / ste cvilile |
| 3. oseba | je cvilil / je cvilila | sta cvilila / sta cvilili | so cvilili / so cvilile |",spreganje,celotno_spreganje,train
90587,špijon,Izpiši točno 8 kolokacij besede špijon.,"Izpis 8 kolokacij za besedo **špijon**:
1. Balkanski špijon
2. Slovenski špijoni
3. atomski špijon
4. ruski špijon
5. špijoni in SOE
6. špijon Dušana
7. imeti za špijona
8. Kovačevićev špijon",kolokacije,stevilsko_opredeljene_kolokacije,train
6803,prestradati,Opredeli glagolski vid besede prestradati.,Beseda **prestradati** je dovršni glagol.,besedna_vrsta,vrsta_in_vid_glagola,train
59356,hipertenzija,V katerem sklonu/obliki je beseda hipertenzije v povedi 'V drugi študiji so strokovnjaki tri mesece spremljali 78 pacientov z blago obliko hipertenzije.'?,"V povedi *""V drugi študiji so strokovnjaki tri mesece spremljali 78 pacientov z blago obliko hipertenzije.""* nastopa beseda **hipertenzije** kot pregibna oblika (MSD: Sozer) besede *hipertenzija*.",primeri_uporabe,analiza_oblike_v_povedi,test
469563,izgrajevalen,Sestavi tabelo stopnjevanja za besedo izgrajevalen.,"Stopnjevanje besede **izgrajevalen**:

| Stopnja | Oblika |
|---|---|
| 1. Osnovnik (Pozitiv) | izgrajevalna / izgrajevalni / izgrajevalnih / izgrajevalnimi / izgrajevalnega / izgrajevalnim / izgrajevalnemu / izgrajevalnima / izgrajevalen / izgrajevalnem / izgrajevalne / izgrajevalno |
| 2. Primernik (Komparativ) | izgrajevalen |
| 3. Presežnik (Superlativ) | izgrajevalen |",stopnjevanje,vse_stopnje,test
40646,fejst,Navedi primere uporabe besede fejst v povedih.,"Primeri uporabe besede **fejst** v povedih:
- *Ona nikoli ne vpije, prava dama je, ampak tokrat je bila fejst razjarjena.*",primeri_uporabe,povedi_z_besedo,test
687823,koreodrami,Kakšna je osnovna oblika besede koreodramija?,Osnovna oblika (lema) besede **koreodramija** je **koreodrami** (samostalnik).,sklanjanje,osnovna_oblika_leme,test
53396,dimljenje,Sestavi seznam 3 kolokacij z besedo dimljenje.,"Izpis 3 kolokacij za besedo **dimljenje**:
1. dimljenje mesa
2. točke dimljenja
3. Dimljenje in sušenje",kolokacije,stevilsko_opredeljene_kolokacije,test
462491,lazović,Kateri sklon in število izraža oblika lazovićev pri besedi lazović?,"Oblika **lazovićev** pri besedi *lazović* izraža:
- 2. Rodilnik (dvojine)",sklanjanje,analiza_oblike,test
20550,kabareten,V katerem sklonu/obliki je beseda kabaretna v povedi 'Leta 1937 je postala francoska državljanka in najbolje plačana kabaretna plesalka.'?,"V povedi *""Leta 1937 je postala francoska državljanka in najbolje plačana kabaretna plesalka.""* nastopa beseda **kabaretna** kot pregibna oblika (MSD: Ppnsmt) besede *kabareten*.",primeri_uporabe,analiza_oblike_v_povedi,test
514578,vezovati,Kako se po osebah sprega glagol vezovati v sedanjiku?,"Sedanjik glagola **vezovati**:

| Oseba | Ednina | Dvojina | Množina |
|---|---|---|---|
| 1. oseba | vezujem | vezujeva | vezujemo |
| 2. oseba | vezuješ | vezujeta | vezujete |
| 3. oseba | vezuje | vezujeta | vezujejo |",spreganje,spreganje_v_casu,test
50485,briologija,Kateri spol ima beseda briologija?,Samostalnik **briologija** je ženskega spola.,besedna_vrsta,spol_samostalnika,test
61591,izvor,Kako v praksi uporabimo besedo izvor?,"Primeri uporabe besede **izvor** v povedih:
- *Pri navajanju izvora besede je pomembno upoštevati, da izvor besede predstavlja njeno etimologijo oziroma zgodovino in izvor.*
- *Ko navajamo izvor besede, se sklicujemo na njen izvor ali etimologijo.*
- *Biti najrazličnejšega narodnostnega izvora pomeni, da ima oseba korenine in dediščino iz različnih etničnih skupin in narodov.*
- *Ko navajamo izvor besede, se sklicujemo na njeno etimologijo, kar pomeni, da raziskujemo njeno poreklo in sledimo njeni poti nazaj v zgodovino.*
- *Ta rastlina, ki je po izvoru iz osrednje Afrike, je znana po svoji izjemni odpornosti na sušo in visoke temperature.*",primeri_uporabe,povedi_z_besedo,test
609917,icertias,Sklanjaj besedo icertias samo v ednini.,"Sklanjatvene oblike besede **icertias** v ednini:

| Sklon | Ednina |
|---|---|
| 1. Imenovalnik | icertias |
| 2. Rodilnik | icertiasa |
| 3. Dajalnik | icertiasu |
| 4. Tožilnik | icertiasa |
| 5. Mestnik | pri icertiasu |
| 6. Orodnik | z icertiasom |",sklanjanje,sklanjatev_po_stevilu,test
659678,benichou,Kako se sklanja beseda benichou?,"Sklanjatvena tabela za samostalnik **benichou**:

| Sklon | Ednina | Dvojina | Množina |
|---|---|---|---|
| 1. Imenovalnik | benichou | benichouja | benichouji |
| 2. Rodilnik | benichouja | benichoujev | benichoujev |
| 3. Dajalnik | benichouju | benichoujema | benichoujem |
| 4. Tožilnik | benichouja | benichouja | benichouje |
| 5. Mestnik | pri benichouju | pri benichoujih | pri benichoujih |
| 6. Orodnik | z benichoujem | z benichoujema | z benichouji |",sklanjanje,celotna_sklanjatev,test
93397,tiskanina,Katere so 3 tipične kolokacije z besedo tiskanina?,"Izpis 3 kolokacij za besedo **tiskanina**:
1. biti na tiskanini
2. modra tiskanina
3. tiskanina kartice",kolokacije,stevilsko_opredeljene_kolokacije,test
53025,dermatologinja,Izpiši 3 kolokacij besede dermatologinja.,"Izpis 3 kolokacij za besedo **dermatologinja**:
1. dermatologinja pravi
2. dermatologinja opozarja
3. dermatologinja pove",kolokacije,stevilsko_opredeljene_kolokacije,test
732281,negodujoč,Kako se stopnjuje beseda negodujoč?,"Stopnjevanje besede **negodujoč**:

| Stopnja | Oblika |
|---|---|
| 1. Osnovnik (Pozitiv) | negodujoč |
| 2. Primernik (Komparativ) | negodujoč |
| 3. Presežnik (Superlativ) | negodujoč |",stopnjevanje,vse_stopnje,test
474843,maršev,Prikaži vse tri stopnje besede maršev.,"Stopnjevanje besede **maršev**:

| Stopnja | Oblika |
|---|---|
| 1. Osnovnik (Pozitiv) | marševima / marševimi / maršev / marševo / marševa / marševih / marševega / marševim / marševi / marševem / marševe / marševemu |
| 2. Primernik (Komparativ) | maršev |
| 3. Presežnik (Superlativ) | maršev |",stopnjevanje,vse_stopnje,train
544601,kasem,Sklanjaj besedo kasem samo v ednini.,"Sklanjatvene oblike besede **kasem** v ednini:

| Sklon | Ednina |
|---|---|
| 1. Imenovalnik | kasem |
| 2. Rodilnik | kasma |
| 3. Dajalnik | kasmu |
| 4. Tožilnik | kasem |
| 5. Mestnik | pri kasmu |
| 6. Orodnik | s kasmom |",sklanjanje,sklanjatev_po_stevilu,train
515807,sfajtati,"Kako glasi spreganje glagola sfajtati v sedanjiku, pretekliku in prihodniku?","Spreganje glagola **sfajtati**:

### Sedanjik
| Oseba | Ednina | Dvojina | Množina |
|---|---|---|---|
| 1. oseba | sfajtam | sfajtava | sfajtamo |
| 2. oseba | sfajtaš | sfajtata | sfajtate |
| 3. oseba | sfajta | sfajtata | sfajtajo |

### Preteklik
| Oseba | Ednina | Dvojina | Množina |
|---|---|---|---|
| 1. oseba | sem sfajtal / sem sfajtala | sva sfajtali / sva sfajtala | smo sfajtala / smo sfajtali |
| 2. oseba | si sfajtal / si sfajtala | sta sfajtali / sta sfajtala | ste sfajtala / ste sfajtali |
| 3. oseba | je sfajtal / je sfajtala | sta sfajtali / sta sfajtala | so sfajtala / so sfajtali |",spreganje,celotno_spreganje,train
70897,nadbesedilo,Navedi število in kratek opis pomenov besede nadbesedilo.,"Beseda **nadbesedilo** ima registrirana 1 pomen:
1. način označevanja besedila ali grafičnih elementov, ki omogočajo povezavo na drugi del besedila ali večpredstavni element. Navzkrižno sklicevanje je uporabljeno v vsaki enciklopediji",pomen,stevilka_pomenov,train
60552,intelekt,Poišči sopomenke za intelekt.,"Sopomenke besede **intelekt** so:
- inteligenca
- duh
- um
- razum
- nous
- nus",sopomenke,navedi_sopomenke,train
469685,izolirnost,Izpiši vse sklone in števila za besedo izolirnost.,"Sklanjatvena tabela za samostalnik **izolirnost**:

| Sklon | Ednina | Dvojina | Množina |
|---|---|---|---|
| 1. Imenovalnik | izolirnost | izolirnosti | izolirnosti |
| 2. Rodilnik | izolirnosti | izolirnosti | izolirnosti |
| 3. Dajalnik | izolirnosti | izolirnostma | izolirnostim |
| 4. Tožilnik | izolirnost | izolirnosti | izolirnosti |
| 5. Mestnik | / | pri izolirnostih | pri izolirnostih |
| 6. Orodnik | z izolirnostjo | z izolirnostma | z izolirnostmi |",sklanjanje,celotna_sklanjatev,train
4127,omahovati,Razloži pomen besede omahovati.,"Beseda **omahovati** ima naslednje pomene:
- Kadar ljudje omahujejo, si vedno znova premislijo, kaj bodo storili.
- Kadar nekaj omahuje, postane šibkejše ali počasnejše in se bo morda povsem ustavilo ali prenehalo.
- Omahovati pomeni oklevati in postati negotov ali omahljiv.
- Omahovati pomeni oklevati pri nečem, kar bi želeli storiti, ker se ne moremo odločiti.
- Kadar človek omahuje, se ne more odločiti, ali bi tisto naredil ali ne.
- Omahovati pomeni, da se ne moreš odločiti med dvema možnostima ali izbirama in neprestano spreminjaš svoje mnenje.
- Omahovati pomeni, da so naša prepričanja ali nameni postali manj trdni.",pomen,razlaga_pomena,train
8778,ublaževati,Kako se sprega glagol ublaževati?,"Spreganje glagola **ublaževati**:

### Sedanjik
| Oseba | Ednina | Dvojina | Množina |
|---|---|---|---|
| 1. oseba | ublažujem | ublažujeva | ublažujemo |
| 2. oseba | ublažuješ | ublažujeta | ublažujete |
| 3. oseba | ublažuje | ublažujeta | ublažujejo |

### Preteklik
| Oseba | Ednina | Dvojina | Množina |
|---|---|---|---|
| 1. oseba | sem ublaževalo / sem ublaževal | sva ublaževali / sva ublaževala | smo ublaževale / smo ublaževala |
| 2. oseba | si ublaževalo / si ublaževal | sta ublaževali / sta ublaževala | ste ublaževale / ste ublaževala |
| 3. oseba | je ublaževalo / je ublaževal | sta ublaževali / sta ublaževala | so ublaževale / so ublaževala |",spreganje,celotno_spreganje,train
95293,utaja,Katero slovnično obliko izraža beseda utaje v stavku: 'Najuspešnejši ruski nogometni klub se bo zaradi domnevne davčne utaje moral zagovarjati pred sodiščem.'?,"V povedi *""Najuspešnejši ruski nogometni klub se bo zaradi domnevne davčne utaje moral zagovarjati pred sodiščem.""* nastopa beseda **utaje** kot pregibna oblika (MSD: Sozmi) besede *utaja*.",primeri_uporabe,analiza_oblike_v_povedi,train
54282,dramatiziranje,S katerimi besedami se najpogosteje povezuje beseda dramatiziranje?,"Tipične kolokacije z besedo **dramatiziranje**:
- nagnjen k dramatiziranju
- pretirano dramatiziranje
- nepotrebno dramatiziranje
- posvariti pred dramatiziranjem
- Razlog za dramatiziranje
- potreba po dramatiziranju
- dramatiziranje položaja
- nagnjenje k dramatiziranju
- dramatiziranje razmer
- dramatiziranje se zdi",kolokacije,navedi_kolokacije,train
37763,vojaški,"V katerem sklonu/obliki je beseda Vojaški v povedi 'Vojaški poklic je delovno področje, ki se nanaša na službovanje in delo v vojaških silah.'?","V povedi *""Vojaški poklic je delovno področje, ki se nanaša na službovanje in delo v vojaških silah.""* nastopa beseda **Vojaški** kot pregibna oblika (MSD: Ppnmetd) besede *vojaški*.",primeri_uporabe,analiza_oblike_v_povedi,train
530232,drive,Katero slovnično funkcijo ima driveje v sklanjatvenem vzorcu drive?,"Oblika **driveje** pri besedi *drive* izraža:
- 4. Tožilnik (množine)",sklanjanje,analiza_oblike,train
84379,purist,Navedi vse sklone besede purist.,"Sklanjatvena tabela za samostalnik **purist**:

| Sklon | Ednina | Dvojina | Množina |
|---|---|---|---|
| 1. Imenovalnik | purist | purista | puristi |
| 2. Rodilnik | purista | puristov | puristov |
| 3. Dajalnik | puristu | puristoma | puristom |
| 4. Tožilnik | purista | purista | puriste |
| 5. Mestnik | pri puristu | pri puristih | pri puristih |
| 6. Orodnik | s puristom | s puristoma | s puristi |",sklanjanje,celotna_sklanjatev,train
47487,anorak,Razvrsti in naštej pomene besede anorak.,"Pomeni besede **anorak** so:
- vremensko obstojen jopič s kapuco",pomen,nastevanje_pomenov,train
696286,mihaič,"Sklanjaj besedo mihaič v ednini, dvojini in množini.","Sklanjatvena tabela za samostalnik **mihaič**:

| Sklon | Ednina | Dvojina | Množina |
|---|---|---|---|
| 1. Imenovalnik | mihaič | mihaiča | mihaiči |
| 2. Rodilnik | mihaiča | mihaičev | mihaičev |
| 3. Dajalnik | mihaiču | mihaičema | mihaičem |
| 4. Tožilnik | mihaiča | mihaiča | mihaiče |
| 5. Mestnik | pri mihaiču | pri mihaičih | pri mihaičih |
| 6. Orodnik | z mihaičem | z mihaičema | z mihaiči |",sklanjanje,celotna_sklanjatev,train
514669,voluntirati,Izpiši velelnik ter nedoločnik glagola voluntirati.,"Neosebne in posebne oblike glagola **voluntirati**:
- Nedoločnik: **voluntirati**
- Namenilnik: **voluntirat**
",spreganje,neosebne_oblike,train
21107,klavstrofobičen,Naštej leksikalne pomene za besedo klavstrofobičen.,"Pomeni besede **klavstrofobičen** so:
- Kadar se človek počuti klavstrofobičen, čuti nelagodje ali živčnost, kadar je v majhnem ali zaprtem prostoru.
- Kraj ali položaj, ki je klavstrofobičen, v nas povzroča občutek omejenosti, nas dela živčne ali nesrečne.",pomen,nastevanje_pomenov,train
7853,rotirati,Opredeli glagolski vid besede rotirati.,Beseda **rotirati** je dvovidski glagol.,besedna_vrsta,vrsta_in_vid_glagola,train
520667,beato,Izpiši vse sklanjatvene oblike besede beato v dvojini.,"Sklanjatvene oblike besede **beato** v dvojini:

| Sklon | Dvojina |
|---|---|
| 1. Imenovalnik | beata |
| 2. Rodilnik | beatov |
| 3. Dajalnik | beatoma |
| 4. Tožilnik | beata |
| 5. Mestnik | pri beatih |
| 6. Orodnik | z beatoma |",sklanjanje,sklanjatev_po_stevilu,train
666256,courbeta,Izpiši sklanjatveno tabelo samostalnika courbeta.,"Sklanjatvena tabela za samostalnik **courbeta**:

| Sklon | Ednina | Dvojina | Množina |
|---|---|---|---|
| 1. Imenovalnik | courbeta | courbeti / courbeta | courbeti / courbete |
| 2. Rodilnik | courbete / courbeta | courbetov / courbet | courbetov / courbet |
| 3. Dajalnik | courbeti / courbetu | courbetoma | courbetom / courbetam |
| 4. Tožilnik | courbeta / courbeto | courbeti / courbeta | courbete |
| 5. Mestnik | pri courbeti / pri courbetu | pri courbetih / pri courbetah | pri courbetih / pri courbetah |
| 6. Orodnik | s courbeto / s courbetom | s courbetama / s courbetoma | s courbetami / s courbeti |",sklanjanje,celotna_sklanjatev,train
88690,sinusitis,Določi sklon in število besede sinusitis v povedi 'Včasih sinusitis nastane tudi brez predhodnega vnetja nosne sluznice.'.,"V povedi *""Včasih sinusitis nastane tudi brez predhodnega vnetja nosne sluznice.""* nastopa beseda **sinusitis** kot pregibna oblika (MSD: Somei) besede *sinusitis*.",primeri_uporabe,analiza_oblike_v_povedi,train
46297,zelo,Izpiši primere iz korpusa za besedo zelo.,"Primeri uporabe besede **zelo** v povedih:
- *Budimpešta - Leto 2000, v katerem je Madžarska poleg drugega praznovala svojo tisočletnico, ocenjujejo državljani, politične stranke in mednarodne institucije na moč različno.*
- *Rana je tako huda, da zelo močno krvavi.*
- *Ali naj takoj pride, ali pa se mu ne mudi tako zelo.*
- *Zelo sem vesel, da sva se spoznala in imam občutek, da bova imela čudovito prijateljstvo.*
- *Zeblo jo je, toda ne zelo, saj je bila oblečena v topli pulover in nosila debel šal.*",primeri_uporabe,povedi_z_besedo,train
20536,južnoevropski,Kako se beseda južnoevropski uporablja v stavkih?,"Primeri uporabe besede **južnoevropski** v povedih:
- *Celo manj razvite južnoevropske članice Unije s širitvijo ne bodo posebno prizadete, kajti študija ni odkrila nobenega elementa, ki bi dokazoval, da se je zaradi razmaha trgovine s kandidatkami zmanjšal njihov izvoz v druge pripadnice skupnosti.*
- *Proizvodnja industrijskih izdelkov se že nekaj časa seli iz razvitih industrijskih držav v vzhodno- in južnoevropske države.*
- *Razkošni bisernik je južnoevropska vrsta metulja, ki pa občasno prileti tudi v Slovenijo.*
- *Na južnoevropskih trgih so prodali 19 odst. vse prodaje.*",primeri_uporabe,povedi_z_besedo,train
515464,zažvenkljati,Kako se glasi velelnik glagola zažvenkljati?,"Neosebne in posebne oblike glagola **zažvenkljati**:
- Nedoločnik: **zažvenkljati**
- Namenilnik: **zažvenkljat**
",spreganje,neosebne_oblike,train
16569,dorasel,Naštej leksikalne pomene za besedo dorasel.,"Pomeni besede **dorasel** so:
- Kar je doraslo, je zraslo do konca in se ne bo več povečevalo.",pomen,nastevanje_pomenov,train
8093,skomercializirati,Kako se glasi Sedanjik glagola skomercializirati?,"Sedanjik glagola **skomercializirati**:

| Oseba | Ednina | Dvojina | Množina |
|---|---|---|---|
| 1. oseba | skomercializiram | skomercializirava | skomercializiramo |
| 2. oseba | skomercializiraš | skomercializirata | skomercializirate |
| 3. oseba | skomercializira | skomercializirata | skomercializirajo |",spreganje,spreganje_v_casu,train
8560,streljati,Koliko ločenih pomenov ima lema streljati?,"Beseda **streljati** ima registrirana 1 pomen:
1. Streljati pomeni pritisniti na sprožilec pri puški ali pištoli, da iz nje odleti naboj.",pomen,stevilka_pomenov,train
8415,sprazniti,Kateri vid izraža glagol sprazniti?,Beseda **sprazniti** je dovršni glagol.,besedna_vrsta,vrsta_in_vid_glagola,train
30279,pregorel,Kateri besedni vrsti pripada beseda pregorel?,Beseda **pregorel** je pridevnik.,besedna_vrsta,osnovne_lastnosti,train
4598,parafirati,Kateri so pomeni besede parafirati?,"Pomeni besede **parafirati** so:
- Parafirati pomeni zapisati svoje začetnice na listino in s tem pokazati, da smo jo videli ali jo uradno potrdili.",pomen,nastevanje_pomenov,train
42905,nerazumljivo,Izpiši 5 kolokacij besede nerazumljivo.,"Izpis 5 kolokacij za besedo **nerazumljivo**:
1. nerazumljivo popustiti
2. nerazumljivo se zdeti
3. povsem nerazumljivo
4. nerazumljivo dolgo
5. nerazumljivo visok",kolokacije,stevilsko_opredeljene_kolokacije,train
584871,aldine,Izpiši vse sklone in števila za besedo aldine.,"Sklanjatvena tabela za samostalnik **aldine**:

| Sklon | Ednina | Dvojina | Množina |
|---|---|---|---|
| 1. Imenovalnik | aldine | aldineja | aldineji |
| 2. Rodilnik | aldineja | aldinejev | aldinejev |
| 3. Dajalnik | aldineju | aldinejema | / |
| 4. Tožilnik | aldineja | aldineja | aldineje |
| 5. Mestnik | pri aldineju | pri aldinejih | pri aldinejih |
| 6. Orodnik | z aldinejem | z aldinejema | z aldineji |",sklanjanje,celotna_sklanjatev,train
1832,izstrgati,Spregaj glagol izstrgati v sedanjiku.,"Sedanjik glagola **izstrgati**:

| Oseba | Ednina | Dvojina | Množina |
|---|---|---|---|
| 1. oseba | izstrgam | izstrgava | izstrgamo |
| 2. oseba | izstrgaš | izstrgata | izstrgate |
| 3. oseba | izstrga | izstrgata | izstrgajo |",spreganje,spreganje_v_casu,train
6483,premalati,Opredeli glagolski vid besede premalati.,Beseda **premalati** je dovršni glagol.,besedna_vrsta,vrsta_in_vid_glagola,train
5693,poščegetati,"Ali je poščegetati dovršni, nedovršni ali dvovidski glagol?",Beseda **poščegetati** je dovršni glagol.,besedna_vrsta,vrsta_in_vid_glagola,train
675750,gebruder,Izpiši vse sklone in števila za besedo gebruder.,"Sklanjatvena tabela za samostalnik **gebruder**:

| Sklon | Ednina | Dvojina | Množina |
|---|---|---|---|
| 1. Imenovalnik | gebruder | gebruderja | gebruderji |
| 2. Rodilnik | gebruderja | gebruderjev | gebruderjev |
| 3. Dajalnik | gebruderju | gebruderjema | gebruderjem |
| 4. Tožilnik | gebruderja | gebruderja | gebruderje |
| 5. Mestnik | pri gebruderju | pri gebruderjih | pri gebruderjih |
| 6. Orodnik | z gebruderjem | z gebruderjema | z gebruderji |",sklanjanje,celotna_sklanjatev,train
13684,atavističen,Prikaži seznam sopomenk za besedo atavističen.,"Sopomenke besede **atavističen** so:
- primaren",sopomenke,navedi_sopomenke,train
39544,aforistično,V katero vrsto besed uvrščamo besedo aforistično?,Beseda **aforistično** je prislov.,besedna_vrsta,osnovne_lastnosti,train
10303,zgrbiti,Poišči sopomenke za zgrbiti.,"Sopomenke besede **zgrbiti** so:
- sključiti
- pokrčiti
- skrčiti
- usločiti",sopomenke,navedi_sopomenke,train
470140,jedrarna,Kateri sklon in število izraža oblika jedrarnah pri besedi jedrarna?,"Oblika **jedrarnah** pri besedi *jedrarna* izraža:
- 5. Mestnik (dvojine)",sklanjanje,analiza_oblike,train
489087,lm,Sklanjaj besedo lm samo v množini.,"Sklanjatvene oblike besede **lm** v množini:

| Sklon | Množina |
|---|---|
| 1. Imenovalnik | lmi |
| 2. Rodilnik | lmov |
| 3. Dajalnik | lmom |
| 4. Tožilnik | lme |
| 5. Mestnik | pri lmih |
| 6. Orodnik | z lmi |",sklanjanje,sklanjatev_po_stevilu,train
670448,doa,Prikaži sklanjatvene oblike v dvojini za besedo doa.,"Sklanjatvene oblike besede **doa** v dvojini:

| Sklon | Dvojina |
|---|---|
| 1. Imenovalnik | doi |
| 2. Rodilnik | do |
| 3. Dajalnik | doama |
| 4. Tožilnik | doi |
| 5. Mestnik | pri doah |
| 6. Orodnik | z doama |",sklanjanje,sklanjatev_po_stevilu,train
3333,obrabiti,"Kako glasi spreganje glagola obrabiti v sedanjiku, pretekliku in prihodniku?","Spreganje glagola **obrabiti**:

### Sedanjik
| Oseba | Ednina | Dvojina | Množina |
|---|---|---|---|
| 1. oseba | obrabim | obrabiva | obrabimo |
| 2. oseba | obrabiš | obrabita | obrabite |
| 3. oseba | obrabi | obrabita | obrabijo |

### Preteklik
| Oseba | Ednina | Dvojina | Množina |
|---|---|---|---|
| 1. oseba | sem obrabil / sem obrabila | sva obrabila / sva obrabili | smo obrabili / smo obrabile |
| 2. oseba | si obrabil / si obrabila | sta obrabila / sta obrabili | ste obrabili / ste obrabile |
| 3. oseba | je obrabil / je obrabila | sta obrabila / sta obrabili | so obrabili / so obrabile |",spreganje,celotno_spreganje,train
38491,Žalgirisov,Poišči 7 tipičnih besednih zvez za besedo Žalgirisov.,"Izpis 7 kolokacij za besedo **Žalgirisov**:
1. Žalgirisov trener
2. Žalgirisov center
3. Žalgirisova obramba
4. Žalgirisov kapetan
5. Žalgirisov Američan
6. Žalgirisovo moštvo
7. Žalgirisova dvorana",kolokacije,stevilsko_opredeljene_kolokacije,train
459201,asfaltacija,Katere slovnične lastnosti nosi oblika asfaltacijam besede asfaltacija?,"Oblika **asfaltacijam** pri besedi *asfaltacija* izraža:
- 3. Dajalnik (množine)",sklanjanje,analiza_oblike,train
15364,Charlottin,Izpiši točno 6 kolokacij besede Charlottin.,"Izpis 6 kolokacij za besedo **Charlottin**:
1. Charlottino življenje
2. Charlottin brat
3. Charlottin glas
4. Charlottina pripoved
5. Charlottina smrt
6. Charlottina mama",kolokacije,stevilsko_opredeljene_kolokacije,train
15868,dejaven,Kaj v slovenščini pomeni izraz dejaven?,"Beseda **dejaven** ima naslednje pomene:
- Kdor je dejaven, je poln moči.",pomen,razlaga_pomena,train
26704,obsežen,"Kaj izraža oblika obsežen v kontekstu povedi 'Razgled s te gore je izjemno obsežen, saj se s vrha razprostira panoramski pogled na številne doline, hribe in jezera v okolici.'?","V povedi *""Razgled s te gore je izjemno obsežen, saj se s vrha razprostira panoramski pogled na številne doline, hribe in jezera v okolici.""* nastopa beseda **obsežen** kot pregibna oblika (MSD: Ppnmetn) besede *obsežen*.",primeri_uporabe,analiza_oblike_v_povedi,train
67708,losjon,Kakšna je leksikalna definicija besede losjon?,"Beseda **losjon** ima naslednje pomene:
- Losjon je tekočina, namenjena negi kože ali las.",pomen,razlaga_pomena,train
478253,ramotswe,Navedi imenovalniško obliko besede ramotswejem.,Osnovna oblika (lema) besede **ramotswejem** je **ramotswe** (samostalnik).,sklanjanje,osnovna_oblika_leme,train
587863,babaji,Kakšne so slovnične lastnosti besede babaji?,Beseda **babaji** je samostalnik. Beseda je lastno ime in je moškega spola.,besedna_vrsta,osnovne_lastnosti,train
16360,dobršen,Zapiši primere stavkov z besedo dobršen.,"Primeri uporabe besede **dobršen** v povedih:
- *Kasneje smo skupaj prepotovali dobršen del sveta.*
- *Dobršen del enoletne pustolovščine sta preživela na novozelandskih kmetijah.*
- *Najprej bi poudaril, da se zgodovina v dobršni meri navezuje na številke.*
- *K sreči imam tajnico, ki mi odvzame dobršen del administrativnih bremen.*
- *Mednarodne finančne institucije so se na namero odzvale z dobršno mero kritik.*",primeri_uporabe,povedi_z_besedo,train
498429,lepopisno,V katero vrsto besed uvrščamo besedo lepopisno?,Beseda **lepopisno** je prislov.,besedna_vrsta,osnovne_lastnosti,train
25613,neorganiziran,Prikaži stopnjevanje pridevnika neorganiziran.,"Stopnjevanje besede **neorganiziran**:

| Stopnja | Oblika |
|---|---|
| 1. Osnovnik (Pozitiv) | neorganizirano / neorganiziranega / neorganiziranemu / neorganiziranem / neorganiziranim / neorganizirani / neorganiziranih / neorganiziranima / neorganizirana / neorganiziranimi / neorganiziran / neorganizirane |
| 2. Primernik (Komparativ) | neorganiziran |
| 3. Presežnik (Superlativ) | neorganiziran |",stopnjevanje,vse_stopnje,train
710692,rockland,"Ali je samostalnik rockland moškega, ženskega ali srednjega spola?",Samostalnik **rockland** je moškega spola.,besedna_vrsta,spol_samostalnika,train
583,čebelariti,"Analiziraj rabo besede čebelariti v povedi: 'Preden so pred desetletji začeli čebelariti s kranjsko čebelo, so redili italijansko čebelo.'.","V povedi *""Preden so pred desetletji začeli čebelariti s kranjsko čebelo, so redili italijansko čebelo.""* nastopa beseda **čebelariti** kot pregibna oblika (MSD: Ggvn) besede *čebelariti*.",primeri_uporabe,analiza_oblike_v_povedi,train
486740,ložnic,Opiši oblikoslovno vlogo besede ložnicu pri samostalniku ložnic.,"Oblika **ložnicu** pri besedi *ložnic* izraža:
- 3. Dajalnik (ednine)",sklanjanje,analiza_oblike,train
48528,balvan,Navedi primerne kolokacije za samostalnik/besedo balvan.,"Tipične kolokacije z besedo **balvan**:
- pokal v balvanih
- veliki balvani
- težavnost in balvani
- biti v balvanih
- zadnji balvan
- balvani in težavnost
- ledeniški balvani
- prvakinja v balvanih
- skalni balvani
- preplezati balvan",kolokacije,navedi_kolokacije,train
695885,merimee,Prikaži celotno sklanjatev za besedo merimee.,"Sklanjatvena tabela za samostalnik **merimee**:

| Sklon | Ednina | Dvojina | Množina |
|---|---|---|---|
| 1. Imenovalnik | merimee | / | merimeeji |
| 2. Rodilnik | merimeeja | merimeejev | merimeejev |
| 3. Dajalnik | merimeeju | merimeejema | merimeejem |
| 4. Tožilnik | merimeeja | merimeeja | / |
| 5. Mestnik | pri merimeeju | pri merimeejih | pri merimeejih |
| 6. Orodnik | z merimeejem | / | z merimeeji |",sklanjanje,celotna_sklanjatev,train
55864,estrih,Katere so 3 tipične kolokacije z besedo estrih?,"Izpis 3 kolokacij za besedo **estrih**:
1. suhi estrih
2. izdelava estrihov
3. betonski estrihi",kolokacije,stevilsko_opredeljene_kolokacije,train
639960,stanfield,Zapiši lemo (osnovno obliko) za besedo stanfieldoma.,Osnovna oblika (lema) besede **stanfieldoma** je **stanfield** (samostalnik).,sklanjanje,osnovna_oblika_leme,train
41832,logistično,Sestavi tabelo stopnjevanja za besedo logistično.,"Stopnjevanje besede **logistično**:

| Stopnja | Oblika |
|---|---|
| 1. Osnovnik (Pozitiv) | logistično |
| 2. Primernik (Komparativ) | logistično |
| 3. Presežnik (Superlativ) | logistično |",stopnjevanje,vse_stopnje,train
31084,pripovedovan,Izpiši stopnjevalni vzorec za besedo pripovedovan.,"Stopnjevanje besede **pripovedovan**:

| Stopnja | Oblika |
|---|---|
| 1. Osnovnik (Pozitiv) | pripovedovan / pripovedovani / pripovedovanega / pripovedovanemu / pripovedovanem / pripovedovanim / pripovedovana / pripovedovanih / pripovedovanima / pripovedovane / pripovedovanimi / pripovedovano |
| 2. Primernik (Komparativ) | pripovedovan |
| 3. Presežnik (Superlativ) | pripovedovan |",stopnjevanje,vse_stopnje,train
12090,enajsti,Kakšna je leksikalna definicija besede enajsti?,"Beseda **enajsti** ima naslednje pomene:
- Enajsti predmet v zaporedju je tisti, ki ga štejemo kot številko enajst.",pomen,razlaga_pomena,train
651,cmariti,Izpiši vse glagolske oblike za cmariti.,"Spreganje glagola **cmariti**:

### Sedanjik
| Oseba | Ednina | Dvojina | Množina |
|---|---|---|---|
| 1. oseba | cmarim | cmariva | cmarimo |
| 2. oseba | cmariš | cmarita | cmarite |
| 3. oseba | cmari | cmarita | cmarijo |

### Preteklik
| Oseba | Ednina | Dvojina | Množina |
|---|---|---|---|
| 1. oseba | sem cmaril / sem cmarila | sva cmarila / sva cmarili | smo cmarili / smo cmarile |
| 2. oseba | si cmaril / si cmarila | sta cmarila / sta cmarili | ste cmarili / ste cmarile |
| 3. oseba | je cmaril / je cmarila | sta cmarila / sta cmarili | so cmarili / so cmarile |",spreganje,celotno_spreganje,train
582747,šiškin,Slovnično opredeli besedo šiškin.,Beseda **šiškin** je samostalnik. Beseda je lastno ime in je moškega spola.,besedna_vrsta,osnovne_lastnosti,train
513220,razrolati,Kakšnega vida je glagol razrolati?,Beseda **razrolati** je dovršni glagol.,besedna_vrsta,vrsta_in_vid_glagola,train
494255,megawatt,Kakšna je osnovna oblika besede megawatti?,Osnovna oblika (lema) besede **megawatti** je **megawatt** (samostalnik).,sklanjanje,osnovna_oblika_leme,train
459112,arkanist,Kako zapišemo tožilnik ednine besede arkanist?,4. Tožilnik (tožilnik) ednine besede **arkanist** se glasi: **arkanista**.,sklanjanje,posamezen_sklon,train
612424,jülich,Kakšnega spola je samostalnik jülich?,Samostalnik **jülich** je moškega spola.,besedna_vrsta,spol_samostalnika,train
669062,dodean,"Razloži, v katerem sklonu in številu je oblika dodeanoma besede dodean.","Oblika **dodeanoma** pri besedi *dodean* izraža:
- 3. Dajalnik (dvojine)",sklanjanje,analiza_oblike,train
696708,misailović,Navedi vse sklone besede misailović.,"Sklanjatvena tabela za samostalnik **misailović**:

| Sklon | Ednina | Dvojina | Množina |
|---|---|---|---|
| 1. Imenovalnik | misailović | misailovića | misailovići |
| 2. Rodilnik | misailovića | misailovićev | misailovićev |
| 3. Dajalnik | misailoviću | misailovićema | misailovićem |
| 4. Tožilnik | misailovića | misailovića | misailoviće |
| 5. Mestnik | pri misailoviću | pri misailovićih | pri misailovićih |
| 6. Orodnik | z misailovićem | z misailovićema | z misailovići |",sklanjanje,celotna_sklanjatev,train
4246,opleti,Poišči sopomenke za opleti.,"Sopomenke besede **opleti** so:
- populiti plevel
- okopati
- poruvati plevel
- populiti ščavje
- nasankati
- odklenkati",sopomenke,navedi_sopomenke,train
21374,koloiden,Navedi vse stopnje za koloiden.,"Stopnjevanje besede **koloiden**:

| Stopnja | Oblika |
|---|---|
| 1. Osnovnik (Pozitiv) | koloidna / koloidnih / koloidnim / koloidnimi / koloiden / koloidni / koloidnega / koloidnemu / koloidnem / koloidnima / koloidne / koloidno |
| 2. Primernik (Komparativ) | koloiden |
| 3. Presežnik (Superlativ) | koloiden |",stopnjevanje,vse_stopnje,train
9241,vohati,Prikaži spreganje v sedanjiku za glagol vohati.,"Sedanjik glagola **vohati**:

| Oseba | Ednina | Dvojina | Množina |
|---|---|---|---|
| 1. oseba | voham | vohava | vohamo |
| 2. oseba | vohaš | vohata | vohate |
| 3. oseba | voha | vohata | vohajo |",spreganje,spreganje_v_casu,train
527765,curry,Katere pomene ima beseda curry?,"Pomeni besede **curry** so:
- Curry je indijska jed, pripravljena s pekočimi začimbami.",pomen,nastevanje_pomenov,train
469756,izvozen,Navedi vse stopnje za izvozen.,"Stopnjevanje besede **izvozen**:

| Stopnja | Oblika |
|---|---|
| 1. Osnovnik (Pozitiv) | izvozno / izvozen |
| 2. Primernik (Komparativ) | izvozen |
| 3. Presežnik (Superlativ) | izvozen |",stopnjevanje,vse_stopnje,train
75139,oledenelost,"Razloži, v katerem sklonu in številu je oblika oledenelostmi besede oledenelost.","Oblika **oledenelostmi** pri besedi *oledenelost* izraža:
- 6. Orodnik (množine)",sklanjanje,analiza_oblike,train
59497,hlastač,Poišči 1 tipičnih besednih zvez za besedo hlastač.,"Izpis 1 kolokacij za besedo **hlastač**:
1. Rdeči hlastač",kolokacije,stevilsko_opredeljene_kolokacije,train
91174,standardizacija,Katere so 5 tipične kolokacije z besedo standardizacija?,"Izpis 5 kolokacij za besedo **standardizacija**:
1. Urad za standardizacijo
2. standardizacija in meroslovje
3. inštitut za standardizacijo
4. organizacija za standardizacijo
5. zakon o standardizaciji",kolokacije,stevilsko_opredeljene_kolokacije,train
717987,szecsi,Navedi vse sklone za ednino besede szecsi.,"Sklanjatvene oblike besede **szecsi** v ednini:

| Sklon | Ednina |
|---|---|
| 1. Imenovalnik | szecsi |
| 2. Rodilnik | szecsija |
| 3. Dajalnik | szecsiju |
| 4. Tožilnik | szecsija |
| 5. Mestnik | pri szecsiju |
| 6. Orodnik | s szecsijem |",sklanjanje,sklanjatev_po_stevilu,train
594330,chemik,Določi spol samostalnika chemik.,Samostalnik **chemik** je moškega spola.,besedna_vrsta,spol_samostalnika,train
2180,korajžiti,Prikaži celotno spreganje glagola korajžiti.,"Spreganje glagola **korajžiti**:

### Sedanjik
| Oseba | Ednina | Dvojina | Množina |
|---|---|---|---|
| 1. oseba | korajžim | korajživa | korajžimo |
| 2. oseba | korajžiš | korajžita | korajžite |
| 3. oseba | korajži | korajžita | korajžijo |

### Preteklik
| Oseba | Ednina | Dvojina | Množina |
|---|---|---|---|
| 1. oseba | sem korajžil / sem korajžila | sva korajžila / sva korajžili | smo korajžili / smo korajžile |
| 2. oseba | si korajžil / si korajžila | sta korajžila / sta korajžili | ste korajžili / ste korajžile |
| 3. oseba | je korajžil / je korajžila | sta korajžila / sta korajžili | so korajžili / so korajžile |",spreganje,celotno_spreganje,train
727945,yannic,Navedi vse sklone besede yannic.,"Sklanjatvena tabela za samostalnik **yannic**:

| Sklon | Ednina | Dvojina | Množina |
|---|---|---|---|
| 1. Imenovalnik | yannic | yannica | yannici |
| 2. Rodilnik | yannica | yannicev | yannicev |
| 3. Dajalnik | yannicu | yannicema | / |
| 4. Tožilnik | yannica | yannica | yannice |
| 5. Mestnik | pri yannicu | pri yannicih | pri yannicih |
| 6. Orodnik | / | z yannicema | z yannici |",sklanjanje,celotna_sklanjatev,train
10092,zatrzati,Kako se glasi velelnik glagola zatrzati?,"Neosebne in posebne oblike glagola **zatrzati**:
- Nedoločnik: **zatrzati**
- Namenilnik: **zatrzat**
",spreganje,neosebne_oblike,train
89090,skorja,Kateri so pomeni besede skorja?,"Pomeni besede **skorja** so:
- Skorja je trda snov, ki pokriva zunanjo plast drevesa.
- Na hlebcu kruha je skorja njegova trda, hrustljava zunanja plast.
- Skorja je trda zgornja plast nečesa.
- Skorja Zemlje je njena zunanja plast.
- Skorja sira ali šunke je trda zunanja plast.
- Skorja je precej trd sloj, ki se naredi na površini tekočine.",pomen,nastevanje_pomenov,test
1145,frazariti,Navedi spreganje glagola frazariti v sedanjiku.,"Sedanjik glagola **frazariti**:

| Oseba | Ednina | Dvojina | Množina |
|---|---|---|---|
| 1. oseba | frazarim | frazariva | frazarimo |
| 2. oseba | frazariš | frazarita | frazarite |
| 3. oseba | frazari | frazarita | frazarijo |",spreganje,spreganje_v_casu,test
2561,mreti,Izpiši točno 1 kolokacij besede mreti.,"Izpis 1 kolokacij za besedo **mreti**:
1. ljudje mrejo",kolokacije,stevilsko_opredeljene_kolokacije,test
511641,osiromaševati,Kako se glasijo neosebne oblike pri glagolu osiromaševati?,"Neosebne in posebne oblike glagola **osiromaševati**:
- Nedoločnik: **osiromaševati**
- Namenilnik: **osiromaševat**
",spreganje,neosebne_oblike,test
43931,pozorno,Ali ima beseda pozorno več pomenov?,"Beseda **pozorno** ima registrirana 1 pomen:
1. Pozorno gledati ali poslušati pomeni gledati ali poslušati z veliko zbranostjo.",pomen,stevilka_pomenov,test
718314,savjalova,Prikaži pregled sklanjatvenih oblik besede savjalova.,"Sklanjatvena tabela za samostalnik **savjalova**:

| Sklon | Ednina | Dvojina | Množina |
|---|---|---|---|
| 1. Imenovalnik | savjalova | savjalovi | savjalove |
| 2. Rodilnik | savjalove | savjalov | savjalov |
| 3. Dajalnik | savjalovi | savjalovama | savjalovam |
| 4. Tožilnik | savjalovo | savjalovi | / |
| 5. Mestnik | pri savjalovi | pri savjalovah | pri savjalovah |
| 6. Orodnik | s savjalovo | s savjalovama | s savjalovami |",sklanjanje,celotna_sklanjatev,test
546485,kounellis,Opiši oblikoslovno vlogo besede kounellise pri samostalniku kounellis.,"Oblika **kounellise** pri besedi *kounellis* izraža:
- 4. Tožilnik (množine)",sklanjanje,analiza_oblike,test
87981,selekcioniranje,Katere slovnične lastnosti nosi oblika selekcioniranji besede selekcioniranje?,"Oblika **selekcioniranji** pri besedi *selekcioniranje* izraža:
- 6. Orodnik (množine)",sklanjanje,analiza_oblike,test
714042,seron,Katero besedno vrsto predstavlja seron?,Beseda **seron** je samostalnik. Beseda je lastno ime in je moškega spola.,besedna_vrsta,osnovne_lastnosti,test
22076,križevski,Izpiši stopnjevalni vzorec za besedo križevski.,"Stopnjevanje besede **križevski**:

| Stopnja | Oblika |
|---|---|
| 1. Osnovnik (Pozitiv) | križevski / križevskega / križevskemu / križevskem / križevskim / križevska / križevskih / križevskima / križevske / križevskimi / križevsko |
| 2. Primernik (Komparativ) | križevski |
| 3. Presežnik (Superlativ) | križevski |",stopnjevanje,vse_stopnje,test
61654,jabolko,S katerimi sinonimi opisujemo besedo jabolko?,"Sopomenke besede **jabolko** so:
- jablana",sopomenke,navedi_sopomenke,test
474494,pruškovski,Slovnično opredeli besedo pruškovski.,Beseda **pruškovski** je pridevnik.,besedna_vrsta,osnovne_lastnosti,test
547440,kušer,Navedi vse sklone besede kušer.,"Sklanjatvena tabela za samostalnik **kušer**:

| Sklon | Ednina | Dvojina | Množina |
|---|---|---|---|
| 1. Imenovalnik | kušer | kušerja | kušerji |
| 2. Rodilnik | kušerja | / | / |
| 3. Dajalnik | kušerju | kušerjema | kušerjem |
| 4. Tožilnik | kušerja | kušerja | kušerje |
| 5. Mestnik | pri kušerju | pri kušerjih | pri kušerjih |
| 6. Orodnik | s kušerjem | s kušerjema | s kušerji |",sklanjanje,celotna_sklanjatev,test
83343,priložnost,Kakšnega spola je samostalnik priložnost?,Samostalnik **priložnost** je ženskega spola.,besedna_vrsta,spol_samostalnika,test
92154,substitut,Katere besede imajo podoben pomen kot substitut?,"Sopomenke besede **substitut** so:
- nadomestek
- nadomestilo",sopomenke,navedi_sopomenke,test
23389,markerjev,Katera beseda v osnovni obliki predstavlja obliko markerjevih?,Osnovna oblika (lema) besede **markerjevih** je **markerjev** (pridevnik).,sklanjanje,osnovna_oblika_leme,train
5630,porahljati,Prikaži 3 pogostih kolokacij z besedo porahljati.,"Izpis 3 kolokacij za besedo **porahljati**:
1. Bibi porahljajte
2. porahljati prepir
3. kako porahljati",kolokacije,stevilsko_opredeljene_kolokacije,train
47816,arhiv,Kako se beseda arhiv pojavlja v besedilnem kontekstu?,"Primeri uporabe besede **arhiv** v povedih:
- *Mariborski nadškofijski arhiv je vodnik po svojih matičnih knjigah izdal že leta 1999.*
- *Velik del družinskega arhiva nastaja na dopustu.*
- *Elektronski arhivi predstavljajo varen in zanesljiv način hrambe dokumentarnega in arhivskega gradiva.*
- *Podatke lahko le shranimo v arhiv ali pa jih stisnemo in tako pridobimo nekaj prostora na disku.*",primeri_uporabe,povedi_z_besedo,train
65884,krohot,Preveri število registriranih pomenov besede krohot.,"Beseda **krohot** ima registrirana 2 pomene:
1. Krohot je zelo glasen smeh.
2. Krohot je dolg, glasen niz zvokov pri smejanju ali grmenju.",pomen,stevilka_pomenov,train
540879,hardrok,Izpiši vse sklanjatvene oblike besede hardrok v dvojini.,"Sklanjatvene oblike besede **hardrok** v dvojini:

| Sklon | Dvojina |
|---|---|
| 1. Imenovalnik | hardroka |
| 2. Rodilnik | hardrokov |
| 3. Dajalnik | hardrokoma |
| 4. Tožilnik | hardroka |
| 5. Mestnik | pri hardrokih |
| 6. Orodnik | s hardrokoma |",sklanjanje,sklanjatev_po_stevilu,train
8758,trpinčiti,Spregaj glagol trpinčiti v sedanjiku.,"Sedanjik glagola **trpinčiti**:

| Oseba | Ednina | Dvojina | Množina |
|---|---|---|---|
| 1. oseba | trpinčim | trpinčiva | trpinčimo |
| 2. oseba | trpinčiš | trpinčita | trpinčite |
| 3. oseba | trpinči | trpinčita | trpinčijo |",spreganje,spreganje_v_casu,train
9264,vpisati,Sestavi spreganje glagola vpisati po časih in osebah.,"Spreganje glagola **vpisati**:

### Sedanjik
| Oseba | Ednina | Dvojina | Množina |
|---|---|---|---|
| 1. oseba | vpišem | vpiševa | vpišemo |
| 2. oseba | vpišeš | vpišeta | vpišete |
| 3. oseba | vpiše | vpišeta | vpišejo |

### Preteklik
| Oseba | Ednina | Dvojina | Množina |
|---|---|---|---|
| 1. oseba | sem vpisal / sem vpisala | sva vpisala / sva vpisali | smo vpisali / smo vpisale |
| 2. oseba | si vpisal / si vpisala | sta vpisala / sta vpisali | ste vpisali / ste vpisale |
| 3. oseba | je vpisal / je vpisala | sta vpisala / sta vpisali | so vpisali / so vpisale |",spreganje,celotno_spreganje,train
87629,savna,Prikaži sklanjatvene oblike v dvojini za besedo savna.,"Sklanjatvene oblike besede **savna** v dvojini:

| Sklon | Dvojina |
|---|---|
| 1. Imenovalnik | savni |
| 2. Rodilnik | savn |
| 3. Dajalnik | savnama |
| 4. Tožilnik | savni |
| 5. Mestnik | pri savnah |
| 6. Orodnik | s savnama |",sklanjanje,sklanjatev_po_stevilu,train
514455,vcveteti,Kako se po osebah sprega glagol vcveteti v sedanjiku?,"Sedanjik glagola **vcveteti**:

| Oseba | Ednina | Dvojina | Množina |
|---|---|---|---|
| 1. oseba | vcvetim | vcvetiva | vcvetimo |
| 2. oseba | vcvetiš | vcvetita | vcvetite |
| 3. oseba | vcveti | vcvetita | vcvetijo |",spreganje,spreganje_v_casu,train
477561,neratifikacija,Navedi 3. Dajalnik sklon za dvojino besede neratifikacija.,3. Dajalnik (dajalnik) dvojine besede **neratifikacija** se glasi: **neratifikacijama**.,sklanjanje,posamezen_sklon,train
448224,diližansa,Izpiši vse sklanjatvene oblike besede diližansa v ednini.,"Sklanjatvene oblike besede **diližansa** v ednini:

| Sklon | Ednina |
|---|---|
| 1. Imenovalnik | diližansa |
| 2. Rodilnik | diližanse |
| 3. Dajalnik | diližansi |
| 4. Tožilnik | / |
| 5. Mestnik | pri diližansi |
| 6. Orodnik | / |",sklanjanje,sklanjatev_po_stevilu,train
597136,declare,Izpiši obliko: orodnik ednine za declare.,6. Orodnik (orodnik) ednine besede **declare** se glasi: **z declarejem**.,sklanjanje,posamezen_sklon,train
38952,združen,Zapiši primere stavkov z besedo združen.,"Primeri uporabe besede **združen** v povedih:
- *Opoldne so imeli združni počitek, ko so se vsi zaposleni v podjetju odločili, da si bodo vzeli nekaj časa za sprostitev in oddih.*
- *Opoldne so imeli združni počitek, ko so se vsi zaposleni v podjetju odločili, da si vzamejo nekaj časa za oddih in sprostitev.*
- *Opoldne, po napornem dopoldanskem delu, so se vsi zaposleni odločili, da si bodo privoščili združni počitek.*
- *Opoldne, vsi so imeli združni počitek.*
- *Opoldne so imeli vsi zaposleni v podjetju združni počitek.*",primeri_uporabe,povedi_z_besedo,train
9112,vasovati,S katerimi izrazi se kolocira beseda vasovati?,"Tipične kolokacije z besedo **vasovati**:
- hoditi vasovat
- fantje vasujejo
- vasovati pod oknom
- iti vasovat
- vasovati pri dekletih
- tako vasovati
- spet vasovati
- vasovati s podokničarjem
- priti vasovat
- odpraviti vasovat se",kolokacije,navedi_kolokacije,train
473892,mentonski,"Izpiši osnovnik, primernik in presežnik za mentonski.","Stopnjevanje besede **mentonski**:

| Stopnja | Oblika |
|---|---|
| 1. Osnovnik (Pozitiv) | mentonskim / mentonsko / mentonskih / mentonskimi / mentonskega / mentonska / mentonski / mentonske / mentonskima / mentonskem / mentonskemu |
| 2. Primernik (Komparativ) | mentonski |
| 3. Presežnik (Superlativ) | mentonski |",stopnjevanje,vse_stopnje,train
57522,glasilka,Kaj pomeni beseda glasilka?,"Beseda **glasilka** ima naslednje pomene:
- Glasilke so organ v grlu, ki ga lahko spravimo v nihanje, ko izdihnemo zrak. Tako tvorimo glasove, potrebne za govorjenje.",pomen,razlaga_pomena,train
612406,južnoafričanka,Izpiši obliko: mestnik množine za južnoafričanka.,5. Mestnik (mestnik) množine besede **južnoafričanka** se glasi: **pri južnoafričankah / južnoafričankih**.,sklanjanje,posamezen_sklon,train
996,dramatizirati,Ali ima beseda dramatizirati več pomenov?,"Beseda **dramatizirati** ima registrirana 1 pomen:
1. Dramatizirati dogodek ali situacijo pomeni poskusiti jih prikazati resnejše ali bolj vznemirljive, kot so v resnici.",pomen,stevilka_pomenov,train
446957,bistroumnica,S katerimi besedami lahko nadomestimo besedo bistroumnica?,"Sopomenke besede **bistroumnica** so:
- pametnjakovička
- talent",sopomenke,navedi_sopomenke,train
2402,magnetizirati,Prikaži spreganje po osebah za glagol magnetizirati.,"Spreganje glagola **magnetizirati**:

### Sedanjik
| Oseba | Ednina | Dvojina | Množina |
|---|---|---|---|
| 1. oseba | magnetiziram | magnetizirava | magnetiziramo |
| 2. oseba | magnetiziraš | magnetizirata | magnetizirate |
| 3. oseba | magnetizira | magnetizirata | magnetizirajo |

### Preteklik
| Oseba | Ednina | Dvojina | Množina |
|---|---|---|---|
| 1. oseba | sem magnetiziral / sem magnetizirala | sva magnetizirala / sva magnetizirali | smo magnetizirali / smo magnetizirale |
| 2. oseba | si magnetiziral / si magnetizirala | sta magnetizirala / sta magnetizirali | ste magnetizirali / ste magnetizirale |
| 3. oseba | je magnetiziral / je magnetizirala | sta magnetizirala / sta magnetizirali | so magnetizirali / so magnetizirale |",spreganje,celotno_spreganje,train
7980,sestreliti,Opiši pomen besede sestreliti.,"Beseda **sestreliti** ima naslednje pomene:
- Sestreliti pomeni streljati na letalo ali helikopter in ga zadeti, tako da se zruši na tla.",pomen,razlaga_pomena,train
732093,inkubus,Prikaži tabelo sklanjatve besede inkubus v dvojini.,"Sklanjatvene oblike besede **inkubus** v dvojini:

| Sklon | Dvojina |
|---|---|
| 1. Imenovalnik | inkubusa |
| 2. Rodilnik | inkubusov |
| 3. Dajalnik | inkubusoma |
| 4. Tožilnik | inkubusa |
| 5. Mestnik | pri inkubusih |
| 6. Orodnik | z inkubusoma |",sklanjanje,sklanjatev_po_stevilu,train
443202,športati,Izpiši vse glagolske oblike za športati.,"Spreganje glagola **športati**:

### Sedanjik
| Oseba | Ednina | Dvojina | Množina |
|---|---|---|---|
| 1. oseba | športam | športava | športamo |
| 2. oseba | športaš | športata | športate |
| 3. oseba | športa | športata | športajo |

### Preteklik
| Oseba | Ednina | Dvojina | Množina |
|---|---|---|---|
| 1. oseba | sem športala / sem športalo | sva športali / sva športala | smo športali / smo športale |
| 2. oseba | si športala / si športalo | sta športali / sta športala | ste športali / ste športale |
| 3. oseba | je športala / je športalo | sta športali / sta športala | so športali / so športale |",spreganje,celotno_spreganje,train
5900,potemnevati,Ali spada glagol potemnevati med dovršne ali nedovršne glagole?,Beseda **potemnevati** je dvovidski glagol.,besedna_vrsta,vrsta_in_vid_glagola,train
6272,preformulirati,Ali je glagol preformulirati dovršni ali nedovršni?,Beseda **preformulirati** je dovršni glagol.,besedna_vrsta,vrsta_in_vid_glagola,train
510463,kolenčiti,Izpiši velelnik ter nedoločnik glagola kolenčiti.,"Neosebne in posebne oblike glagola **kolenčiti**:
- Nedoločnik: **kolenčiti**
- Namenilnik: **kolenčit**
",spreganje,neosebne_oblike,train
734636,instalajkati,Navedi spreganje glagola instalajkati v sedanjiku.,"Sedanjik glagola **instalajkati**:

| Oseba | Ednina | Dvojina | Množina |
|---|---|---|---|
| 1. oseba | instalajkam | instalajkava | instalajkamo |
| 2. oseba | instalajkaš | instalajkata | instalajkate |
| 3. oseba | instalajka | instalajkata | instalajkajo |",spreganje,spreganje_v_casu,train
504336,jadralčev,Katero slovnično funkcijo ima jadralčevih v sklanjatvenem vzorcu jadralčev?,"Oblika **jadralčevih** pri besedi *jadralčev* izraža:
- pregibna oblika",sklanjanje,analiza_oblike,train
511925,poskakljati,Določi glagolski vid za besedo poskakljati.,Beseda **poskakljati** je dovršni glagol.,besedna_vrsta,vrsta_in_vid_glagola,train
99369,zgrešenost,Navedi 10 kolokativnih zvez za besedo zgrešenost.,"Izpis 10 kolokacij za besedo **zgrešenost**:
1. zgrešenost politike
2. zgrešenost uboja
3. opozarjati na zgrešenost
4. opozoriti na zgrešenost
5. popolna zgrešenost
6. zgrešenost koncepta
7. Zgrešenost sistema
8. dokazovati zgrešenost
9. zgrešenost odločitve
10. dokazati zgrešenost",kolokacije,stevilsko_opredeljene_kolokacije,train
74343,odišavljenje,Prikaži številčni seznam 8 kolokacij besede odišavljenje.,"Izpis 8 kolokacij za besedo **odišavljenje**:
1. odišavljenje prostorov
2. uporabljati za odišavljenje
3. primeren za odišavljenje
4. uporabiti za odišavljenje
5. odišavljenje pijač
6. rastlina za odišavljenje
7. odišavljenje kisa
8. odišavljenje jedi",kolokacije,stevilsko_opredeljene_kolokacije,train
2779,nalepiti,Opiši pomen besede nalepiti.,"Beseda **nalepiti** ima naslednje pomene:
- Nalepiti pomeni pritrditi plakat ali obvestilo na steno ali desko.",pomen,razlaga_pomena,train
41858,mačkasto,Kako poteka stopnjevanje besede mačkasto?,"Stopnjevanje besede **mačkasto**:

| Stopnja | Oblika |
|---|---|
| 1. Osnovnik (Pozitiv) | mačkasto |
| 2. Primernik (Komparativ) | mačkasto |
| 3. Presežnik (Superlativ) | mačkasto |",stopnjevanje,vse_stopnje,train
690467,lambro,Kaj pomeni oblika lambri pri besedi lambro?,"Oblika **lambri** pri besedi *lambro* izraža:
- 1. Imenovalnik (množine)",sklanjanje,analiza_oblike,train
49200,bibavica,Kako se beseda bibavica uporablja v stavkih?,"Primeri uporabe besede **bibavica** v povedih:
- *Večina legvanov, predvsem samice in mladiči, se hrani v pasu bibavice ali na izpostavljenih čereh blizu obrežja.*
- *Gravitacijska sila Lune povzroča na oceanih cikle bibavice dvakrat na lunarni dan.*
- *Plimovanje ali bibavica je kolebanje morske gladine zaradi težnostne privlačnosti Lune in Sonca.*
- *Razlika med plimo in oseko je včasih višja od štirih metrov, zato je zaradi bibavice morski tok zelo močan.*",primeri_uporabe,povedi_z_besedo,train
1057,ekonomizirati,Katere so neosebne ter posebne oblike glagola ekonomizirati?,"Neosebne in posebne oblike glagola **ekonomizirati**:
- Nedoločnik: **ekonomizirati**
- Namenilnik: **ekonomizirat**
",spreganje,neosebne_oblike,train
83348,primanjkljaj,Prikaži seznam pomenov za besedo primanjkljaj.,"Pomeni besede **primanjkljaj** so:
- Primanjkljaj je denarna razlika med tistim zneskom, ki ga neka država ali organizacija prejme, in zneskom, ki ga potroši.",pomen,nastevanje_pomenov,train
582919,šneberger,Navedi slovnične značilnosti za lemo šneberger.,Beseda **šneberger** je samostalnik. Beseda je lastno ime in je moškega spola.,besedna_vrsta,osnovne_lastnosti,train
514333,uplinjevati,Kakšna sta nedoločnik in namenilnik glagola uplinjevati?,"Neosebne in posebne oblike glagola **uplinjevati**:
- Nedoločnik: **uplinjevati**
- Namenilnik: **uplinjevat**
",spreganje,neosebne_oblike,train
63261,kavč,"V kateri obliki nastopa beseda kavč v povedi: 'Večina se zlekne na kavč pred televizijo, spet drugi se pridno učijo.'?","V povedi *""Večina se zlekne na kavč pred televizijo, spet drugi se pridno učijo.""* nastopa beseda **kavč** kot pregibna oblika (MSD: Somei) besede *kavč*.",primeri_uporabe,analiza_oblike_v_povedi,train
46628,adrenalin,Kako se beseda adrenalin pojavlja v besedilnem kontekstu?,"Primeri uporabe besede **adrenalin** v povedih:
- *Strokovnjaki za prehrano pravijo, da vitamin C dvigne raven adrenalina v krvi in poveča vitalnost.*",primeri_uporabe,povedi_z_besedo,train
516622,akis,Določi spol samostalnika akis.,Samostalnik **akis** je moškega spola.,besedna_vrsta,spol_samostalnika,train
690289,lacrabere,Kako se v slovenščini glasi imenovalnik dvojine besede lacrabere?,1. Imenovalnik (imenovalnik) dvojine besede **lacrabere** se glasi: **lacrabereja**.,sklanjanje,posamezen_sklon,train
53482,disertacija,Prikaži primere rabe besede disertacija.,"Primeri uporabe besede **disertacija** v povedih:
- *Bral sem študije, eseje in disertacije, vse, kar mi je prišlo pod roke.*
- *Če se ugotovi, da disertacija ni rezultat lastne ustvarjalnosti in dosežkov, se lahko odvzame.*
- *Profesorju sem dala osnutek svoje disertacije in prva poglavja.*
- *Odgovor na to vprašanje bi bil zaradi obširnosti lahko prava mala disertacija.*
- *Pri mizi pa bo razvil celo disertacijo o dietah, kalorijah, seveda če mu boste dovolili govoriti.*",primeri_uporabe,povedi_z_besedo,train
91253,starost,Kako se beseda starost pojavlja v besedilnem kontekstu?,"Primeri uporabe besede **starost** v povedih:
- *Vsi so mislili, da ta oseba ne bo dočakala starosti, vendar se je izkazalo, da so se motili.*
- *Boriti se proti prihajajoči starosti je izziv, s katerim se mnogi ljudje soočajo v današnjem svetu.*
- *Bolezni starosti so pogosta pojava, ki se pojavlja pri starejših ljudeh.*
- *Mirna, nadležna starost je obdobje življenja, ko se posameznik počasi umirja in si želi več miru ter stabilnosti. Vendar pa lahko ta mirnost postane nadležna, saj se lahko*
- *On/a ima lepo in prijetno starost.*",primeri_uporabe,povedi_z_besedo,train
646231,udnes,Določi spol samostalnika udnes.,Samostalnik **udnes** je moškega spola.,besedna_vrsta,spol_samostalnika,train
2553,mravljinčiti,Kako se sprega glagol mravljinčiti?,"Spreganje glagola **mravljinčiti**:

### Sedanjik
| Oseba | Ednina | Dvojina | Množina |
|---|---|---|---|
| 1. oseba | mravljinčim | mravljinčiva | mravljinčimo |
| 2. oseba | mravljinčiš | mravljinčita | mravljinčite |
| 3. oseba | mravljinči | mravljinčita | mravljinčijo |

### Preteklik
| Oseba | Ednina | Dvojina | Množina |
|---|---|---|---|
| 1. oseba | sem mravljinčil / sem mravljinčila | sva mravljinčila / sva mravljinčili | smo mravljinčili / smo mravljinčile |
| 2. oseba | si mravljinčil / si mravljinčila | sta mravljinčila / sta mravljinčili | ste mravljinčili / ste mravljinčile |
| 3. oseba | je mravljinčil / je mravljinčila | sta mravljinčila / sta mravljinčili | so mravljinčili / so mravljinčile |",spreganje,celotno_spreganje,train
29119,pokrajinski,Napiši obrazložitev pomena besede pokrajinski.,"Beseda **pokrajinski** ima naslednje pomene:
- Organizacije in dejavnosti, ki so pokrajinske, se nanašajo na določeno območje države.",pomen,razlaga_pomena,train
4286,opremljati,Navedi nedoločnik in velelniške oblike za glagol opremljati.,"Neosebne in posebne oblike glagola **opremljati**:
- Nedoločnik: **opremljati**
- Namenilnik: **opremljat**
",spreganje,neosebne_oblike,train
618126,lightbox,Kako se glasi imenovalnik množine besede lightbox?,1. Imenovalnik (imenovalnik) množine besede **lightbox** se glasi: **lightboxi**.,sklanjanje,posamezen_sklon,train
509567,curiti,Izpiši vse glagolske oblike za curiti.,"Spreganje glagola **curiti**:

### Sedanjik
| Oseba | Ednina | Dvojina | Množina |
|---|---|---|---|
| 1. oseba | curim | curiva | curimo |
| 2. oseba | curiš | curita | curite |
| 3. oseba | curi | curita | curijo |

### Preteklik
| Oseba | Ednina | Dvojina | Množina |
|---|---|---|---|
| 1. oseba | sem curilo / sem curil | sva curila / sva curili | smo curili / smo curila |
| 2. oseba | si curilo / si curil | sta curila / sta curili | ste curili / ste curila |
| 3. oseba | je curilo / je curil | sta curila / sta curili | so curili / so curila |",spreganje,celotno_spreganje,train
67054,letopis,"Kaj izraža oblika letopisih v kontekstu povedi 'Kmalu so začeli uvajati redna statistična raziskovanja, njihove rezultate so objavljali v letopisih.'?","V povedi *""Kmalu so začeli uvajati redna statistična raziskovanja, njihove rezultate so objavljali v letopisih.""* nastopa beseda **letopisih** kot pregibna oblika (MSD: Somdm) besede *letopis*.",primeri_uporabe,analiza_oblike_v_povedi,train
495864,mongolizem,Naštej pomene besede mongolizem.,"Pomeni besede **mongolizem** so:
- dedno pogojene duševne manjrazvitosti, ki je posledica kromosomske nepravilnosti; 21. kromosomu je namreč dodan se eden",pomen,nastevanje_pomenov,train
6589,preoravati,Kakšnega vida je glagol preoravati?,Beseda **preoravati** je dvovidski glagol.,besedna_vrsta,vrsta_in_vid_glagola,train
29346,pomankljiv,Izpiši tipične besedne zveze z besedo pomankljiv.,"Tipične kolokacije z besedo **pomankljiv**:
- pomankljivo znanje
- zelo pomankljiv
- pomankljiva varnost
- pomankljiva zakonodaja",kolokacije,navedi_kolokacije,train
514402,uletati,Izpiši neosebne oblike glagola uletati.,"Neosebne in posebne oblike glagola **uletati**:
- Nedoločnik: **uletati**
- Namenilnik: **uletat**
",spreganje,neosebne_oblike,train
79892,polmrak,Kateri slovnični spol pripada besedi polmrak?,Samostalnik **polmrak** je moškega spola.,besedna_vrsta,spol_samostalnika,train
511286,odpičiti,Izpiši Sedanjik glagola odpičiti po osebah.,"Sedanjik glagola **odpičiti**:

| Oseba | Ednina | Dvojina | Množina |
|---|---|---|---|
| 1. oseba | odpičim | odpičiva | odpičimo |
| 2. oseba | odpičiš | odpičita | odpičite |
| 3. oseba | odpiči | odpičita | odpičijo |",spreganje,spreganje_v_casu,train
513558,samoukiniti,Prikaži pregled spreganja za glagol samoukiniti.,"Spreganje glagola **samoukiniti**:

### Sedanjik
| Oseba | Ednina | Dvojina | Množina |
|---|---|---|---|
| 1. oseba | samoukinim | samoukiniva | samoukinimo |
| 2. oseba | samoukiniš | samoukinita | samoukinite |
| 3. oseba | samoukini | samoukinita | samoukinijo |

### Preteklik
| Oseba | Ednina | Dvojina | Množina |
|---|---|---|---|
| 1. oseba | sem samoukinila / sem samoukinilo | sva samoukinila / sva samoukinili | smo samoukinile / smo samoukinili |
| 2. oseba | si samoukinila / si samoukinilo | sta samoukinila / sta samoukinili | ste samoukinile / ste samoukinili |
| 3. oseba | je samoukinila / je samoukinilo | sta samoukinila / sta samoukinili | so samoukinile / so samoukinili |",spreganje,celotno_spreganje,train
80333,popček,"Sklanjaj besedo popček v ednini, dvojini in množini.","Sklanjatvena tabela za samostalnik **popček**:

| Sklon | Ednina | Dvojina | Množina |
|---|---|---|---|
| 1. Imenovalnik | popček | popčka | / |
| 2. Rodilnik | popčka | popčkov | popčkov |
| 3. Dajalnik | / | popčkoma | popčkom |
| 4. Tožilnik | popček | popčka | popčke |
| 5. Mestnik | pri popčku | pri popčkih | pri popčkih |
| 6. Orodnik | s popčkom | s popčkoma | s popčki |",sklanjanje,celotna_sklanjatev,train
517372,anastazi,Katere sklone ima beseda anastazi v množini?,"Sklanjatvene oblike besede **anastazi** v množini:

| Sklon | Množina |
|---|---|
| 1. Imenovalnik | anastaziji |
| 2. Rodilnik | anastazijev |
| 3. Dajalnik | / |
| 4. Tožilnik | anastazije |
| 5. Mestnik | pri anastazijih |
| 6. Orodnik | z anastaziji |",sklanjanje,sklanjatev_po_stevilu,train
476575,brčka,Kateri slovnični spol pripada besedi brčka?,Samostalnik **brčka** je ženskega spola.,besedna_vrsta,spol_samostalnika,train
8359,spodrezati,Kako se po osebah sprega glagol spodrezati v sedanjiku?,"Sedanjik glagola **spodrezati**:

| Oseba | Ednina | Dvojina | Množina |
|---|---|---|---|
| 1. oseba | spodrežem | spodreževa | spodrežemo |
| 2. oseba | spodrežeš | spodrežeta | spodrežete |
| 3. oseba | spodreže | spodrežeta | spodrežejo |",spreganje,spreganje_v_casu,train
755,dekoncentrirati,Sestavi spreganje glagola dekoncentrirati po časih in osebah.,"Spreganje glagola **dekoncentrirati**:

### Sedanjik
| Oseba | Ednina | Dvojina | Množina |
|---|---|---|---|
| 1. oseba | dekoncentriram | dekoncentrirava | dekoncentriramo |
| 2. oseba | dekoncentriraš | dekoncentrirata | dekoncentrirate |
| 3. oseba | dekoncentrira | dekoncentrirata | dekoncentrirajo |

### Preteklik
| Oseba | Ednina | Dvojina | Množina |
|---|---|---|---|
| 1. oseba | sem dekoncentriral / sem dekoncentrirala | sva dekoncentrirala / sva dekoncentrirali | smo dekoncentrirali / smo dekoncentrirale |
| 2. oseba | si dekoncentriral / si dekoncentrirala | sta dekoncentrirala / sta dekoncentrirali | ste dekoncentrirali / ste dekoncentrirale |
| 3. oseba | je dekoncentriral / je dekoncentrirala | sta dekoncentrirala / sta dekoncentrirali | so dekoncentrirali / so dekoncentrirale |",spreganje,celotno_spreganje,train
47784,argument,Poišči in naštej pomene leme argument.,"Pomeni besede **argument** so:
- v pomenu: utemeljen razlog",pomen,nastevanje_pomenov,train
556977,nep,Izpiši 2. Rodilnik sklon množine besede nep.,2. Rodilnik (rodilnik) množine besede **nep** se glasi: **nepov**.,sklanjanje,posamezen_sklon,train
52574,debeluhar,Navedi 4. Tožilnik sklon za ednino besede debeluhar.,4. Tožilnik (tožilnik) ednine besede **debeluhar** se glasi: **debeluharja**.,sklanjanje,posamezen_sklon,train
513018,priskrbovati,Prikaži oblike za Sedanjik glagola priskrbovati.,"Sedanjik glagola **priskrbovati**:

| Oseba | Ednina | Dvojina | Množina |
|---|---|---|---|
| 1. oseba | priskrbujem | priskrbujeva | priskrbujemo |
| 2. oseba | priskrbuješ | priskrbujeta | priskrbujete |
| 3. oseba | priskrbuje | priskrbujeta | priskrbujejo |",spreganje,spreganje_v_casu,train
677520,grotewohl,Poišči osnovno imeno obliko za besedo grotewohlih.,Osnovna oblika (lema) besede **grotewohlih** je **grotewohl** (samostalnik).,sklanjanje,osnovna_oblika_leme,train
515600,zvoliti,Kateri vid izraža glagol zvoliti?,Beseda **zvoliti** je dvovidski glagol.,besedna_vrsta,vrsta_in_vid_glagola,train
84179,psalm,Navedi kolokativne zveze za lemo psalm.,"Tipične kolokacije z besedo **psalm**:
- Knjiga psalmov
- Toksični psalmi
- petje psalmov
- peti psalme
- Davidovi psalmi
- Današnji psalm
- Simfonija psalmov
- Psalm poje
- svetopisemski psalmi
- prevod psalmov",kolokacije,navedi_kolokacije,train
4375,oslepariti,Prikaži spreganje po osebah za glagol oslepariti.,"Spreganje glagola **oslepariti**:

### Sedanjik
| Oseba | Ednina | Dvojina | Množina |
|---|---|---|---|
| 1. oseba | osleparim | oslepariva | osleparimo |
| 2. oseba | oslepariš | osleparita | osleparite |
| 3. oseba | oslepari | osleparita | osleparijo |

### Preteklik
| Oseba | Ednina | Dvojina | Množina |
|---|---|---|---|
| 1. oseba | sem osleparil / sem osleparila | sva osleparila / sva osleparili | smo osleparili / smo osleparile |
| 2. oseba | si osleparil / si osleparila | sta osleparila / sta osleparili | ste osleparili / ste osleparile |
| 3. oseba | je osleparil / je osleparila | sta osleparila / sta osleparili | so osleparili / so osleparile |",spreganje,celotno_spreganje,train
81632,pravopis,Katero obliko ima dajalnik ednine samostalnika pravopis?,3. Dajalnik (dajalnik) ednine besede **pravopis** se glasi: **pravopisu**.,sklanjanje,posamezen_sklon,train
41860,mafijsko,Zapiši 2 kolokativnih primerov za besedo mafijsko.,"Izpis 2 kolokacij za besedo **mafijsko**:
1. mafijsko organiziran
2. bolj mafijsko",kolokacije,stevilsko_opredeljene_kolokacije,train
65970,krožek,Poišči in naštej pomene leme krožek.,"Pomeni besede **krožek** so:
- Krožek je vrsta učnih ur ali predavanj.",pomen,nastevanje_pomenov,train
671883,esenyurt,Slovnično analiziraj obliko esenyurtoma besede esenyurt.,"Oblika **esenyurtoma** pri besedi *esenyurt* izraža:
- 3. Dajalnik (dvojine)",sklanjanje,analiza_oblike,train
34393,solističen,Sestavi seznam 10 kolokacij z besedo solističen.,"Izpis 10 kolokacij za besedo **solističen**:
1. solistični nastop
2. solistična kariera
3. Solistični koncert
4. solistični album
5. solistični recital
6. solistični vložki
7. solistična plošča
8. solističen in komoren
9. solistični inštrument
10. solistične skladbe",kolokacije,stevilsko_opredeljene_kolokacije,train
33462,sestavljiv,Kako poteka stopnjevanje besede sestavljiv?,"Stopnjevanje besede **sestavljiv**:

| Stopnja | Oblika |
|---|---|
| 1. Osnovnik (Pozitiv) | sestavljivim / sestavljive / sestavljivih / sestavljivimi / sestavljiva / sestavljivi / sestavljivo / sestavljivima / sestavljivega / sestavljivemu / sestavljivem / sestavljiv |
| 2. Primernik (Komparativ) | sestavljiv |
| 3. Presežnik (Superlativ) | sestavljiv |",stopnjevanje,vse_stopnje,train
688784,kunzel,Kaj pomeni oblika kunzelu pri besedi kunzel?,"Oblika **kunzelu** pri besedi *kunzel* izraža:
- 3. Dajalnik (ednine)",sklanjanje,analiza_oblike,train
514531,vstreči,Prikaži pregled spreganja za glagol vstreči.,"Spreganje glagola **vstreči**:

### Sedanjik
| Oseba | Ednina | Dvojina | Množina |
|---|---|---|---|
| 1. oseba | vstrečem | vstrečeva | vstrečemo |
| 2. oseba | vstrečeš | vstrečeta | vstrečete |
| 3. oseba | vstreče | vstrečeta | vstrečejo |

### Preteklik
| Oseba | Ednina | Dvojina | Množina |
|---|---|---|---|
| 1. oseba | sem vstreklo / sem vstrekel | sva vstrekli / sva vstrekla | smo vstrekli / smo vstrekla |
| 2. oseba | si vstreklo / si vstrekel | sta vstrekli / sta vstrekla | ste vstrekli / ste vstrekla |
| 3. oseba | je vstreklo / je vstrekel | sta vstrekli / sta vstrekla | so vstrekli / so vstrekla |",spreganje,celotno_spreganje,train
52499,datirka,"Navedi sklon in število, ki ga izraža datirkama pri besedi datirka.","Oblika **datirkama** pri besedi *datirka* izraža:
- 3. Dajalnik (dvojine)",sklanjanje,analiza_oblike,train
479568,kornatih,Prikaži pregled sklanjatvenih oblik besede kornatih.,"Sklanjatvena tabela za samostalnik **kornatih**:

| Sklon | Ednina | Dvojina | Množina |
|---|---|---|---|
| 1. Imenovalnik | kornatih | kornatiha | kornatihi |
| 2. Rodilnik | kornatiha | kornatihov | kornatihov |
| 3. Dajalnik | kornatihu | kornatihoma | kornatihom |
| 4. Tožilnik | kornatih / kornatiha | kornatiha | kornatihe |
| 5. Mestnik | pri kornatihu | pri kornatihih | pri kornatihih |
| 6. Orodnik | s kornatihom | s kornatihoma | s kornatihi |",sklanjanje,celotna_sklanjatev,train
558084,nejevernik,Navedi imenovalniško obliko besede nejevernikov.,Osnovna oblika (lema) besede **nejevernikov** je **nejevernik** (samostalnik).,sklanjanje,osnovna_oblika_leme,train
87009,sabat,Prikaži seznam pomenov za besedo sabat.,"Pomeni besede **sabat** so:
- Sabat je tisti dan v tednu, ko pripadniki nekaterih verskih skupin, zlasti judi in kristjani, ne delajo.",pomen,nastevanje_pomenov,train
54423,drhtavost,Prikaži pregled sklanjatvenih oblik besede drhtavost.,"Sklanjatvena tabela za samostalnik **drhtavost**:

| Sklon | Ednina | Dvojina | Množina |
|---|---|---|---|
| 1. Imenovalnik | drhtavost | drhtavosti | drhtavosti |
| 2. Rodilnik | drhtavosti | drhtavosti | drhtavosti |
| 3. Dajalnik | drhtavosti | drhtavostma | / |
| 4. Tožilnik | drhtavost | drhtavosti | drhtavosti |
| 5. Mestnik | pri drhtavosti | pri drhtavostih | pri drhtavostih |
| 6. Orodnik | z drhtavostjo | z drhtavostma | z drhtavostmi |",sklanjanje,celotna_sklanjatev,train
6498,premestiti,Izpiši neosebne oblike glagola premestiti.,"Neosebne in posebne oblike glagola **premestiti**:
- Nedoločnik: **premestiti**
- Namenilnik: **premestit**
",spreganje,neosebne_oblike,test
1079,emitirati,Izpiši Sedanjik glagola emitirati po osebah.,"Sedanjik glagola **emitirati**:

| Oseba | Ednina | Dvojina | Množina |
|---|---|---|---|
| 1. oseba | emitiram | emitirava | emitiramo |
| 2. oseba | emitiraš | emitirata | emitirate |
| 3. oseba | emitira | emitirata | emitirajo |",spreganje,spreganje_v_casu,test
579224,wallac,Kateri je imenovalnik množine besede wallac?,1. Imenovalnik (imenovalnik) množine besede **wallac** se glasi: **wallaci**.,sklanjanje,posamezen_sklon,test
98748,zavedanje,Navedi različne pomene besede zavedanje.,"Pomeni besede **zavedanje** so:
- Zavedanje nečesa pomeni, da ljudje spoznajo ali sprejmejo, da to obstaja ali da je resnično.",pomen,nastevanje_pomenov,test
6283,preglaševati,Izpiši oblike po osebah in številu za Sedanjik glagola preglaševati.,"Sedanjik glagola **preglaševati**:

| Oseba | Ednina | Dvojina | Množina |
|---|---|---|---|
| 1. oseba | preglašujem | preglašujeva | preglašujemo |
| 2. oseba | preglašuješ | preglašujeta | preglašujete |
| 3. oseba | preglašuje | preglašujeta | preglašujejo |",spreganje,spreganje_v_casu,test
6148,prebistriti,Določi glagolski vid za besedo prebistriti.,Beseda **prebistriti** je dvovidski glagol.,besedna_vrsta,vrsta_in_vid_glagola,test
9353,vtepati,Kateri vid izraža glagol vtepati?,Beseda **vtepati** je nedovršni glagol.,besedna_vrsta,vrsta_in_vid_glagola,test
74222,očividec,Napiši obrazložitev pomena besede očividec.,"Beseda **očividec** ima naslednje pomene:
- Očividec je človek, ki je zraven, ko se nekaj zgodi, in tisto vidi, vendar noče sodelovati.
- Očividec dogodka je oseba, ki je videla ta dogodek.",pomen,razlaga_pomena,test
696403,mikulak,Izpiši 3. Dajalnik sklon dvojine besede mikulak.,3. Dajalnik (dajalnik) dvojine besede **mikulak** se glasi: **mikulakoma / mikulakoma**.,sklanjanje,posamezen_sklon,test
688277,kreatorlab,Določi spol samostalnika kreatorlab.,Samostalnik **kreatorlab** je moškega spola.,besedna_vrsta,spol_samostalnika,test
92894,tekma,Prikaži 3 pogostih kolokacij z besedo tekma.,"Izpis 3 kolokacij za besedo **tekma**:
1. zadnja tekma
2. odigrati tekmo
3. tekma pokala",kolokacije,stevilsko_opredeljene_kolokacije,test
74380,odkritje,Kaj pomeni beseda odkritje?,"Beseda **odkritje** ima naslednje pomene:
- glagolnik od odkriti
- Odkritje pomeni razkritje nečesa ali dejstva, za katero prej ni vedel nihče.
- Če tisto, kar je bilo odkrito, imenujemo odkritje, se nam zdi zanimivo, dobro ali uporabno.
- Kadar je neka izkušnja odkritje za nekoga, tisti osebi prinese spoznanje o nečem, česar prej ni vedela.",pomen,razlaga_pomena,test
58196,govedina,Ali je beseda govedina enopomenska ali večpomenska?,"Beseda **govedina** ima registrirana 1 pomen:
1. Govedina je meso krave, bika ali vola.",pomen,stevilka_pomenov,test
511842,polubčkati,Kako se sprega glagol polubčkati?,"Spreganje glagola **polubčkati**:

### Sedanjik
| Oseba | Ednina | Dvojina | Množina |
|---|---|---|---|
| 1. oseba | polubčkam | polubčkava | polubčkamo |
| 2. oseba | polubčkaš | polubčkata | polubčkate |
| 3. oseba | polubčka | polubčkata | polubčkajo |

### Preteklik
| Oseba | Ednina | Dvojina | Množina |
|---|---|---|---|
| 1. oseba | sem polubčkala / sem polubčkal | sva polubčkali / sva polubčkala | smo polubčkali / smo polubčkala |
| 2. oseba | si polubčkala / si polubčkal | sta polubčkali / sta polubčkala | ste polubčkali / ste polubčkala |
| 3. oseba | je polubčkala / je polubčkal | sta polubčkali / sta polubčkala | so polubčkali / so polubčkala |",spreganje,celotno_spreganje,test
56239,fenol,Izpiši primere iz korpusa za besedo fenol.,"Primeri uporabe besede **fenol** v povedih:
- *Razkužila, ki vsebujejo fenol, so strupena.*
- *Tisti dan je prišlo do nesreče pri delu s fenolom.*
- *Pokazalo se je, da so s koristnimi fenoli daleč najbolj bogati dateljni.*
- *Krompir je zaradi vsebnosti kislin in fenolov razmeroma kisel, kar v zaznavi okusa nekoliko prikriva prisotnost škroba.*
- *40 gramov čokoladne tablice vsebuje tolikšno količino fenolov kot kozarec rdečega vina.*",primeri_uporabe,povedi_z_besedo,test
625016,mobitelček,V katero vrsto besed uvrščamo besedo mobitelček?,Beseda **mobitelček** je samostalnik. Beseda je občno ime in je moškega spola.,besedna_vrsta,osnovne_lastnosti,train
33812,skalnat,Ali ima beseda skalnat več pomenov?,"Beseda **skalnat** ima registrirana 2 pomene:
1. Kraj, ki je skalnat, je poln skal.
2. Zemljišče, ki je skalnato, je skalovito in neravno.",pomen,stevilka_pomenov,train
514062,spodvijati,Izpiši velelnik ter nedoločnik glagola spodvijati.,"Neosebne in posebne oblike glagola **spodvijati**:
- Nedoločnik: **spodvijati**
- Namenilnik: **spodvijat**
",spreganje,neosebne_oblike,train
4797,pobesneti,"Kako glasi spreganje glagola pobesneti v sedanjiku, pretekliku in prihodniku?","Spreganje glagola **pobesneti**:

### Sedanjik
| Oseba | Ednina | Dvojina | Množina |
|---|---|---|---|
| 1. oseba | pobesnim | pobesniva | pobesnimo |
| 2. oseba | pobesniš | pobesnita | pobesnite |
| 3. oseba | pobesni | pobesnita | pobesnijo |

### Preteklik
| Oseba | Ednina | Dvojina | Množina |
|---|---|---|---|
| 1. oseba | sem pobesnel / sem pobesnela | sva pobesnela / sva pobesneli | smo pobesneli / smo pobesnele |
| 2. oseba | si pobesnel / si pobesnela | sta pobesnela / sta pobesneli | ste pobesneli / ste pobesnele |
| 3. oseba | je pobesnel / je pobesnela | sta pobesnela / sta pobesneli | so pobesneli / so pobesnele |",spreganje,celotno_spreganje,train
1833,izstriči,Kakšna sta nedoločnik in namenilnik glagola izstriči?,"Neosebne in posebne oblike glagola **izstriči**:
- Nedoločnik: **izstriči**
- Namenilnik: **izstrič**
",spreganje,neosebne_oblike,train
644906,triptychon,Navedi imenovalniško obliko besede triptychoni.,Osnovna oblika (lema) besede **triptychoni** je **triptychon** (samostalnik).,sklanjanje,osnovna_oblika_leme,train
610208,inco,Kako se v slovenščini glasi imenovalnik dvojine besede inco?,1. Imenovalnik (imenovalnik) dvojine besede **inco** se glasi: **inca / inca**.,sklanjanje,posamezen_sklon,train
29122,pokristjanjen,Prikaži stopnjevanje pridevnika pokristjanjen.,"Stopnjevanje besede **pokristjanjen**:

| Stopnja | Oblika |
|---|---|
| 1. Osnovnik (Pozitiv) | pokristjanjene / pokristjanjenih / pokristjanjenimi / pokristjanjena / pokristjanjeni / pokristjanjeno / pokristjanjenima / pokristjanjenim / pokristjanjenega / pokristjanjenemu / pokristjanjenem / pokristjanjen |
| 2. Primernik (Komparativ) | pokristjanjen |
| 3. Presežnik (Superlativ) | pokristjanjen |",stopnjevanje,vse_stopnje,train
565925,rigl,Slovnično opredeli besedo rigl.,Beseda **rigl** je samostalnik. Beseda je lastno ime in je moškega spola.,besedna_vrsta,osnovne_lastnosti,train
651521,zullo,V kateri lemi se nahaja oblika zulla?,Osnovna oblika (lema) besede **zulla** je **zullo** (samostalnik).,sklanjanje,osnovna_oblika_leme,train
3762,odpraviti,Ali je glagol odpraviti dovršni ali nedovršni?,Beseda **odpraviti** je dovršni glagol.,besedna_vrsta,vrsta_in_vid_glagola,train
729610,ëoln,Izpiši celotno sklanjatev za samostalnik ëoln.,"Sklanjatvena tabela za samostalnik **ëoln**:

| Sklon | Ednina | Dvojina | Množina |
|---|---|---|---|
| 1. Imenovalnik | ëoln | ëolna | ëolni |
| 2. Rodilnik | ëolna | ëolnov | ëolnov |
| 3. Dajalnik | ëolnu | ëolnoma | ëolnom |
| 4. Tožilnik | ëolna | / | ëolne |
| 5. Mestnik | pri ëolnu | pri ëolnih | pri ëolnih |
| 6. Orodnik | z ëolnom | z ëolnoma | z ëolni |",sklanjanje,celotna_sklanjatev,train
459146,bazilaren,Prikaži vse tri stopnje besede bazilaren.,"Stopnjevanje besede **bazilaren**:

| Stopnja | Oblika |
|---|---|
| 1. Osnovnik (Pozitiv) | bazilarnim / bazilarne / bazilarni / bazilarno / bazilarnih / bazilarnima / bazilaren / bazilarnemu / bazilarna / bazilarnega / bazilarnem / bazilarnimi |
| 2. Primernik (Komparativ) | bazilaren |
| 3. Presežnik (Superlativ) | bazilaren |",stopnjevanje,vse_stopnje,train
10363,zloščiti,Prikaži uporabo besede zloščiti v dejanskih povedih.,"Primeri uporabe besede **zloščiti** v povedih:
- *Služkinje so jo pospravile, lakaj je zloščil parket, vrtnarji pa so prinesli celo vrsto lončnic.*
- *Njeno čajno žličko zloščim s pasom od jopice.*
- *Obarvana jajca zdrgnemo s slanino in zloščimo z mehko krpo.*
- *Občasno zloščite z voščenim loščilom, ki se po barvi ujema z lesom.*
- *Že v sredo zvečer, po srečanju veljakov ljudske stranke na gradu Meise, mu je spodrsnilo na ozkem stopnišču, ki so ga čistilke očitno preveč temeljito zloščile.*",primeri_uporabe,povedi_z_besedo,train
3328,obosti,Kako se sprega glagol obosti?,"Spreganje glagola **obosti**:

### Sedanjik
| Oseba | Ednina | Dvojina | Množina |
|---|---|---|---|
| 1. oseba | obodem | obodeva | obodemo |
| 2. oseba | obodeš | obodeta | obodete |
| 3. oseba | obode | obodeta | obodejo |

### Preteklik
| Oseba | Ednina | Dvojina | Množina |
|---|---|---|---|
| 1. oseba | sem obodel / sem obodla | sva obodla / sva obodli | smo obodli / smo obodle |
| 2. oseba | si obodel / si obodla | sta obodla / sta obodli | ste obodli / ste obodle |
| 3. oseba | je obodel / je obodla | sta obodla / sta obodli | so obodli / so obodle |",spreganje,celotno_spreganje,train
512745,pohitevati,Navedi nedoločnik in velelniške oblike za glagol pohitevati.,"Neosebne in posebne oblike glagola **pohitevati**:
- Nedoločnik: **pohitevati**
- Namenilnik: **pohitevat**
",spreganje,neosebne_oblike,train
678394,glasba,"Kakšna je slovnična oblika besede glasba v povedi: 'Klasična glasba, znana tudi kot ljudska glasba, je glasbeni žanr, ki se je razvil v Evropi v 18. in 19. stoletju. Ta glasba se odlikuje po svoji komple'?","V povedi *""Klasična glasba, znana tudi kot ljudska glasba, je glasbeni žanr, ki se je razvil v Evropi v 18. in 19. stoletju. Ta glasba se odlikuje po svoji komple""* nastopa beseda **glasba** kot pregibna oblika (MSD: Slzei) besede *glasba*.",primeri_uporabe,analiza_oblike_v_povedi,train
28105,Pavlov,Katere besedne zveze so pogoste z besedo Pavlov?,"Tipične kolokacije z besedo **Pavlov**:
- Pavlova hiša
- Pavlovo pismo
- Pavlova vas
- Pavlova katedrala
- Pavlov refleks
- Pavlova cerkev
- Pavlovo leto
- Pavlove besede
- Pavlova ulica
- Pavlovo razodetje",kolokacije,navedi_kolokacije,train
63243,katran,Zapiši 3 kolokativnih primerov za besedo katran.,"Izpis 3 kolokacij za besedo **katran**:
1. vsebnost katrana
2. nikotin in katran
3. premogov katran",kolokacije,stevilsko_opredeljene_kolokacije,train
542477,jahič,Prikaži tabelo sklanjatve besede jahič v ednini.,"Sklanjatvene oblike besede **jahič** v ednini:

| Sklon | Ednina |
|---|---|
| 1. Imenovalnik | jahič |
| 2. Rodilnik | jahiča |
| 3. Dajalnik | jahiču |
| 4. Tožilnik | jahiča |
| 5. Mestnik | pri jahiču |
| 6. Orodnik | z jahičem |",sklanjanje,sklanjatev_po_stevilu,train
95770,vedeževalka,Poišči sopomenke za vedeževalka.,"Sopomenke besede **vedeževalka** so:
- prerokovalka
- napovedovalka
- vidka
- jasnovidka
- prerokinja
- sibila",sopomenke,navedi_sopomenke,train
691369,letovanić,Kako se glasi orodnik dvojine besede letovanić?,6. Orodnik (orodnik) dvojine besede **letovanić** se glasi: **z letovanićema**.,sklanjanje,posamezen_sklon,train
661235,bosbach,Katera je lema besede bosbacha?,Osnovna oblika (lema) besede **bosbacha** je **bosbach** (samostalnik).,sklanjanje,osnovna_oblika_leme,train
80436,populacija,"Razloži oblikoslovno vlogo besede populacije v stavku 'Rastlinske in živalske populacije se lahko razširjajo in povečujejo v naravnem okolju. Na primer, v določenem gozdu se lahko rastlinske populacije povečujejo z raz'.","V povedi *""Rastlinske in živalske populacije se lahko razširjajo in povečujejo v naravnem okolju. Na primer, v določenem gozdu se lahko rastlinske populacije povečujejo z raz""* nastopa beseda **populacije** kot pregibna oblika (MSD: Sozmt) besede *populacija*.",primeri_uporabe,analiza_oblike_v_povedi,train
696943,mmmmmm,V katero vrsto besed uvrščamo besedo mmmmmm?,Beseda **mmmmmm** je samostalnik. Beseda je lastno ime in je moškega spola.,besedna_vrsta,osnovne_lastnosti,train
739332,uraniti,Izpiši neosebne oblike glagola uraniti.,"Neosebne in posebne oblike glagola **uraniti**:
- Nedoločnik: **uraniti**
- Namenilnik: **uranit**
",spreganje,neosebne_oblike,train
55609,enolončnica,Ali ima beseda enolončnica več pomenov?,"Beseda **enolončnica** ima registrirana 3 pomene:
1. Enolončnica je zelenjavna ali mesna juha.
2. Enolončnica je jed, pripravljena v pečici s kuhanjem v tekočini.
3. Enolončnica je jed iz mesa in zelenjave, skuhana v tekočini pri nizki temperaturi.",pomen,stevilka_pomenov,train
685386,kachchh,Prikaži tabelo sklanjatve besede kachchh v dvojini.,"Sklanjatvene oblike besede **kachchh** v dvojini:

| Sklon | Dvojina |
|---|---|
| 1. Imenovalnik | kachchha |
| 2. Rodilnik | kachchhov |
| 3. Dajalnik | kachchhoma |
| 4. Tožilnik | kachchha |
| 5. Mestnik | pri kachchhih |
| 6. Orodnik | s kachchhoma |",sklanjanje,sklanjatev_po_stevilu,train
54930,dvozvezdje,Navedi število in kratek opis pomenov besede dvozvezdje.,"Beseda **dvozvezdje** ima registrirana 1 pomen:
1. v pomenu: sistem dveh zvezd",pomen,stevilka_pomenov,train
5299,pokukavati,Ali je glagol pokukavati dovršni ali nedovršni?,Beseda **pokukavati** je nedovršni glagol.,besedna_vrsta,vrsta_in_vid_glagola,train
7021,priklatiti,"Navedi nedoločnik, namenilnik in velelnik za priklatiti.","Neosebne in posebne oblike glagola **priklatiti**:
- Nedoločnik: **priklatiti**
- Namenilnik: **priklatit**
",spreganje,neosebne_oblike,train
55576,enklitika,V katero vrsto besed uvrščamo besedo enklitika?,Beseda **enklitika** je samostalnik. Beseda je občno ime in je ženskega spola.,besedna_vrsta,osnovne_lastnosti,train
236,pod,Kako v praksi uporabimo besedo pod?,"Primeri uporabe besede **pod** v povedih:
- *Potrebno je položiti pod na tla, da bi ustvarili ravno in trdno površino.*
- *Na tleh je ležal izrabljen pod, ki je bil poln prask in madežev.*
- *Lesen pod je nameščen v prostoru, kar ustvarja toplino in naravno vzdušje.*
- *Izrabljen pod je bil prekrit z obrabljenim preprogom, ki je imela raztrgane robove in vidne madeže.*
- *Pod mizo je bil plastičen stol, narejen iz umetne mase.*",primeri_uporabe,povedi_z_besedo,train
3505,odcejati,Navedi vse osebe in čase za glagol odcejati.,"Spreganje glagola **odcejati**:

### Sedanjik
| Oseba | Ednina | Dvojina | Množina |
|---|---|---|---|
| 1. oseba | odcejam | odcejava | odcejamo |
| 2. oseba | odcejaš | odcejata | odcejate |
| 3. oseba | odceja | odcejata | odcejajo |

### Preteklik
| Oseba | Ednina | Dvojina | Množina |
|---|---|---|---|
| 1. oseba | sem odcejal / sem odcejala | sva odcejala / sva odcejali | smo odcejali / smo odcejale |
| 2. oseba | si odcejal / si odcejala | sta odcejala / sta odcejali | ste odcejali / ste odcejale |
| 3. oseba | je odcejal / je odcejala | sta odcejala / sta odcejali | so odcejali / so odcejale |",spreganje,celotno_spreganje,train
452583,maltuzijanka,Kako se sklanja beseda maltuzijanka?,"Sklanjatvena tabela za samostalnik **maltuzijanka**:

| Sklon | Ednina | Dvojina | Množina |
|---|---|---|---|
| 1. Imenovalnik | maltuzijanka | maltuzijanki | maltuzijanke |
| 2. Rodilnik | maltuzijanke | maltuzijank | maltuzijank |
| 3. Dajalnik | maltuzijanki | maltuzijankama | maltuzijankam |
| 4. Tožilnik | maltuzijanko | maltuzijanki | maltuzijanke |
| 5. Mestnik | / | pri maltuzijankah | pri maltuzijankah |
| 6. Orodnik | z maltuzijanko | z maltuzijankama | z maltuzijankami |",sklanjanje,celotna_sklanjatev,train
29213,političen,"Katero slovnično obliko izraža beseda politični v stavku: 'Na politični manifestaciji se je zbrala množica ljudi, ki so glasno izražali svoje mnenje in zahteve glede določenih političnih vprašanj.'?","V povedi *""Na politični manifestaciji se je zbrala množica ljudi, ki so glasno izražali svoje mnenje in zahteve glede določenih političnih vprašanj.""* nastopa beseda **politični** kot pregibna oblika (MSD: Ppnmetd) besede *političen*.",primeri_uporabe,analiza_oblike_v_povedi,train
580609,zadruge,Katere sklone ima beseda zadruge v množini?,"Sklanjatvene oblike besede **zadruge** v množini:

| Sklon | Množina |
|---|---|
| 1. Imenovalnik | zadrugeji |
| 2. Rodilnik | zadrugejev |
| 3. Dajalnik | zadrugejem |
| 4. Tožilnik | zadrugeje |
| 5. Mestnik | pri zadrugejih |
| 6. Orodnik | z zadrugeji |",sklanjanje,sklanjatev_po_stevilu,train
97918,zaključenost,Katere so sopomenke besede zaključenost?,"Sopomenke besede **zaključenost** so:
- dokončanje
- končanje
- konec
- zaključek
- popolnost
- kompletnost
- izpolnitev
- celotnost
- končanost
- dokončanost",sopomenke,navedi_sopomenke,train
507714,sepiški,Slovnično analiziraj obliko sepiškem besede sepiški.,"Oblika **sepiškem** pri besedi *sepiški* izraža:
- pregibna oblika",sklanjanje,analiza_oblike,train
2706,nagubati,Katere so vse osebe in oblike za Sedanjik glagola nagubati?,"Sedanjik glagola **nagubati**:

| Oseba | Ednina | Dvojina | Množina |
|---|---|---|---|
| 1. oseba | nagubam | nagubava | nagubamo |
| 2. oseba | nagubaš | nagubata | nagubate |
| 3. oseba | naguba | nagubata | nagubajo |",spreganje,spreganje_v_casu,train
42541,nekje,Kakšen je pomen besede nekje?,"Beseda **nekje** ima naslednje pomene:
- Izraz nekje lahko uporabimo za kraj, kadar ne želimo ali ne moremo natančno povedati, kje.
- Izraz nekje uporabimo, ko navajamo približno količino, število ali čas.",pomen,razlaga_pomena,train
2279,kupiti,Izpiši Sedanjik glagola kupiti po osebah.,"Sedanjik glagola **kupiti**:

| Oseba | Ednina | Dvojina | Množina |
|---|---|---|---|
| 1. oseba | kupim | kupiva | kupimo |
| 2. oseba | kupiš | kupita | kupite |
| 3. oseba | kupi | kupita | kupijo |",spreganje,spreganje_v_casu,train
71363,naplačilo,Določi sklon in število besede naplačilo v povedi 'Beseda avans izvira iz francoščine in označuje vnaprej plačan znesek (naplačilo).'.,"V povedi *""Beseda avans izvira iz francoščine in označuje vnaprej plačan znesek (naplačilo).""* nastopa beseda **naplačilo** kot pregibna oblika (MSD: Sosei) besede *naplačilo*.",primeri_uporabe,analiza_oblike_v_povedi,train
9146,večerjati,Kakšnega vida je glagol večerjati?,Beseda **večerjati** je nedovršni glagol.,besedna_vrsta,vrsta_in_vid_glagola,train
65537,krava,"V katerem sklonu/obliki je beseda kravi v povedi 'Medtem ko so uspešno naložili dve kravi, je tretja ušla.'?","V povedi *""Medtem ko so uspešno naložili dve kravi, je tretja ušla.""* nastopa beseda **kravi** kot pregibna oblika (MSD: Sozdt) besede *krava*.",primeri_uporabe,analiza_oblike_v_povedi,train
39662,atletsko,Izpiši vse registrirane pomene besede atletsko.,"Pomeni besede **atletsko** so:
- raba atletiki
- v pomenu: športno",pomen,nastevanje_pomenov,train
7040,prikrasti,Sestavi spreganje glagola prikrasti po časih in osebah.,"Spreganje glagola **prikrasti**:

### Sedanjik
| Oseba | Ednina | Dvojina | Množina |
|---|---|---|---|
| 1. oseba | prikradem | prikradeva | prikrademo |
| 2. oseba | prikradeš | prikradeta | prikradete |
| 3. oseba | prikrade | prikradeta | prikradejo |

### Preteklik
| Oseba | Ednina | Dvojina | Množina |
|---|---|---|---|
| 1. oseba | sem prikradel / sem prikradla | sva prikradla / sva prikradli | smo prikradli / smo prikradle |
| 2. oseba | si prikradel / si prikradla | sta prikradla / sta prikradli | ste prikradli / ste prikradle |
| 3. oseba | je prikradel / je prikradla | sta prikradla / sta prikradli | so prikradli / so prikradle |",spreganje,celotno_spreganje,train
2682,nagibati,Izpiši vse glagolske oblike za nagibati.,"Spreganje glagola **nagibati**:

### Sedanjik
| Oseba | Ednina | Dvojina | Množina |
|---|---|---|---|
| 1. oseba | nagibam | nagibava | nagibamo |
| 2. oseba | nagibaš | nagibata | nagibate |
| 3. oseba | nagiba | nagibata | nagibajo |

### Preteklik
| Oseba | Ednina | Dvojina | Množina |
|---|---|---|---|
| 1. oseba | sem nagibal / sem nagibala | sva nagibala / sva nagibali | smo nagibali / smo nagibale |
| 2. oseba | si nagibal / si nagibala | sta nagibala / sta nagibali | ste nagibali / ste nagibale |
| 3. oseba | je nagibal / je nagibala | sta nagibala / sta nagibali | so nagibali / so nagibale |",spreganje,celotno_spreganje,train
710822,roldo,Prikaži sklanjatvene oblike v ednini za besedo roldo.,"Sklanjatvene oblike besede **roldo** v ednini:

| Sklon | Ednina |
|---|---|
| 1. Imenovalnik | roldo |
| 2. Rodilnik | rolda |
| 3. Dajalnik | roldu |
| 4. Tožilnik | rolda |
| 5. Mestnik | pri roldu |
| 6. Orodnik | z roldom |",sklanjanje,sklanjatev_po_stevilu,train
23685,mehurjast,Izpiši 3 kolokacij besede mehurjast.,"Izpis 3 kolokacij za besedo **mehurjast**:
1. postati mehurjasta
2. Mehurjasti listi
3. mehurjaste izbokline",kolokacije,stevilsko_opredeljene_kolokacije,train
53344,dih,Navedi različne pomene besede dih.,"Pomeni besede **dih** so:
- Dih je zrak, ki ga vdihnemo in izdihnemo iz pljuč med dihanjem.",pomen,nastevanje_pomenov,train
682908,ismajli,Določi spol samostalnika ismajli.,Samostalnik **ismajli** je moškega spola.,besedna_vrsta,spol_samostalnika,train
658873,barega,Kakšna je osnovna oblika besede baregov?,Osnovna oblika (lema) besede **baregov** je **barega** (samostalnik).,sklanjanje,osnovna_oblika_leme,train
35024,stereotipen,Kakšna je leksikalna definicija besede stereotipen?,"Beseda **stereotipen** ima naslednje pomene:
- Stereotipen izraz ali način početja je tak, ki je pogosto uporabljen.",pomen,razlaga_pomena,train
1324,homologirati,Navedi vse osebe in čase za glagol homologirati.,"Spreganje glagola **homologirati**:

### Sedanjik
| Oseba | Ednina | Dvojina | Množina |
|---|---|---|---|
| 1. oseba | homologiram | homologirava | homologiramo |
| 2. oseba | homologiraš | homologirata | homologirate |
| 3. oseba | homologira | homologirata | homologirajo |

### Preteklik
| Oseba | Ednina | Dvojina | Množina |
|---|---|---|---|
| 1. oseba | sem homologiral / sem homologirala | sva homologirala / sva homologirali | smo homologirali / smo homologirale |
| 2. oseba | si homologiral / si homologirala | sta homologirala / sta homologirali | ste homologirali / ste homologirale |
| 3. oseba | je homologiral / je homologirala | sta homologirala / sta homologirali | so homologirali / so homologirale |",spreganje,celotno_spreganje,train
501539,tehnofobično,Prikaži vse tri stopnje besede tehnofobično.,"Stopnjevanje besede **tehnofobično**:

| Stopnja | Oblika |
|---|---|
| 1. Osnovnik (Pozitiv) | tehnofobično |
| 2. Primernik (Komparativ) | tehnofobično |
| 3. Presežnik (Superlativ) | tehnofobično |",stopnjevanje,vse_stopnje,train
69350,metro,Izpiši 3 kolokacij besede metro.,"Izpis 3 kolokacij za besedo **metro**:
1. postaja metroja
2. pariški metro
3. avto Metro",kolokacije,stevilsko_opredeljene_kolokacije,train
54885,dvorjan,Razvrsti in naštej pomene besede dvorjan.,"Pomeni besede **dvorjan** so:
- Dvorjani so bili nekdaj plemiči in plemkinje na kraljevem dvoru.",pomen,nastevanje_pomenov,train
7957,sesedati,Določi glagolski vid za besedo sesedati.,Beseda **sesedati** je nedovršni glagol.,besedna_vrsta,vrsta_in_vid_glagola,train
62993,karamela,Ali ima beseda karamela več pomenov?,"Beseda **karamela** ima registrirana 2 pomene:
1. Karamela je vrsta bonbona.
2. Karamela je mehka rjava sladica, narejena iz masla, mleka in sladkorja.",pomen,stevilka_pomenov,train
9732,zamaskirati,Izpiši velelnik ter nedoločnik glagola zamaskirati.,"Neosebne in posebne oblike glagola **zamaskirati**:
- Nedoločnik: **zamaskirati**
- Namenilnik: **zamaskirat**
",spreganje,neosebne_oblike,train
42157,mrko,S katerimi besedami lahko nadomestimo besedo mrko?,"Sopomenke besede **mrko** so:
- grenko
- trpko
- bridko
- dolgočasno
- nezanimivo
- pusto
- temačno
- temotno
- čemerno
- zlovoljno
- jezno
- srepo
- mračno
- turobno
- zaskrbljeno
- žalostno
- temno
- resno
- resnobno
- otožno",sopomenke,navedi_sopomenke,train
551760,manderly,Kateri je imenovalnik dvojine besede manderly?,1. Imenovalnik (imenovalnik) dvojine besede **manderly** se glasi: **manderlyja**.,sklanjanje,posamezen_sklon,train
17891,frankovski,Katero slovnično obliko izraža beseda frankovska v stavku: 'Zato je frankovska vojska združevala rimske in germanske značilnosti.'?,"V povedi *""Zato je frankovska vojska združevala rimske in germanske značilnosti.""* nastopa beseda **frankovska** kot pregibna oblika (MSD: Ppnsmt) besede *frankovski*.",primeri_uporabe,analiza_oblike_v_povedi,train
469935,pričati,"Razloži, kaj označuje beseda pričati.","Beseda **pričati** ima naslednje pomene:
- Pričati na sodišču pomeni povedati tisto, kar o nečem vemo.
- Kadar oseba na sodišču priča, odgovarja na vprašanja.
- Pričati pomeni dati uradno izjavo na sodišču.",pomen,razlaga_pomena,train
54812,dvojambornik,"Ali je samostalnik dvojambornik moškega, ženskega ali srednjega spola?",Samostalnik **dvojambornik** je moškega spola.,besedna_vrsta,spol_samostalnika,train
510175,izdobaviti,Katere so neosebne ter posebne oblike glagola izdobaviti?,"Neosebne in posebne oblike glagola **izdobaviti**:
- Nedoločnik: **izdobaviti**
- Namenilnik: **izdobavit**
",spreganje,neosebne_oblike,train
481483,konzulta,Izpiši 4. Tožilnik sklon množine besede konzulta.,4. Tožilnik (tožilnik) množine besede **konzulta** se glasi: **konzulte**.,sklanjanje,posamezen_sklon,train
512042,prcati,Kako se glasi velelnik glagola prcati?,"Neosebne in posebne oblike glagola **prcati**:
- Nedoločnik: **prcati**
- Namenilnik: **prcat**
",spreganje,neosebne_oblike,train
88040,seminar,Navedi primerne kolokacije za samostalnik/besedo seminar.,"Tipične kolokacije z besedo **seminar**:
- organizirati seminar
- seminar poteka
- udeleženci seminarja
- udeležiti se seminarja
- pripraviti seminar
- strokovni seminar
- dvodnevni seminar
- izobraževalni seminarji
- seminar z naslovom
- voditi seminarje",kolokacije,navedi_kolokacije,train
16261,Disneyjev,Katere slovnične lastnosti nosi oblika Disneyjevim besede Disneyjev?,"Oblika **Disneyjevim** pri besedi *Disneyjev* izraža:
- pregibna oblika",sklanjanje,analiza_oblike,train
23163,majčken,"Slovnično analiziraj besedo majčken v povedi 'Kaj bi sanjarili, kakšni bi morali biti, če pa imamo v sebi moč, da spremenimo vsaj en majčken delček, tisti v svojem srcu.'.","V povedi *""Kaj bi sanjarili, kakšni bi morali biti, če pa imamo v sebi moč, da spremenimo vsaj en majčken delček, tisti v svojem srcu.""* nastopa beseda **majčken** kot pregibna oblika (MSD: Ppnmetn) besede *majčken*.",primeri_uporabe,analiza_oblike_v_povedi,train
88935,skica,S katerimi sinonimi opisujemo besedo skica?,"Sopomenke besede **skica** so:
- natančen opis
- natančen oris
- diagram
- značajevka
- črtica
- obris
- model
- projekt
- opis
- očrt
- koncept
- maketa
- načrt
- oris
- osnutek
- prikaz
- shema",sopomenke,navedi_sopomenke,train
26288,Nicolin,Izpiši 7 kolokacij besede Nicolin.,"Izpis 7 kolokacij za besedo **Nicolin**:
1. Nicolina prijateljica
2. Nicolina hiša
3. Nicolini starši
4. Nicolini prijatelji
5. Nicoline besede
6. Nicolina sestra
7. Nicolina predstavnica",kolokacije,stevilsko_opredeljene_kolokacije,train
581093,ziad,V kateri lemi se nahaja oblika ziada?,Osnovna oblika (lema) besede **ziada** je **ziad** (samostalnik).,sklanjanje,osnovna_oblika_leme,train
512246,prešimfati,Opiši posebne glagolske oblike za prešimfati.,"Neosebne in posebne oblike glagola **prešimfati**:
- Nedoločnik: **prešimfati**
- Namenilnik: **prešimfat**
",spreganje,neosebne_oblike,train
630553,porello,Kakšnega spola je samostalnik porello?,Samostalnik **porello** je moškega spola.,besedna_vrsta,spol_samostalnika,train
14867,brihten,Izpiši 10 kolokacij besede brihten.,"Izpis 10 kolokacij za besedo **brihten**:
1. brihtne glave
2. bolj brihten
3. najbolj brihten
4. tako brihten
5. brihtne buče
6. zelo brihten
7. preveč brihten
8. brihtni ljudje
9. brihtne glavice
10. brihten fant",kolokacije,stevilsko_opredeljene_kolokacije,train
334,amortizirati,Prikaži primere rabe besede amortizirati.,"Primeri uporabe besede **amortizirati** v povedih:
- *Osnovno sredstvo se lahko amortizira le, če ga davčni zavezanec uporablja za opravljanje svoje dejavnosti.*
- *Zemljišča imajo praviloma neomejeno dobo koristnosti in se zato ne amortizirajo.*
- *Čas, v katerem je mogoče opraviti delo, je izjemno pomemben dejavnik, vložek v namenski stroj pa se tudi zaradi tega dokaj hitro amortizira.*
- *Vsak učbenik naj bi veljal vsaj tri leta, da se nekako amortizira, saj enoletna izposoja znaša tretjino cene novega učbenika.*",primeri_uporabe,povedi_z_besedo,train
551026,leprozorij,Navedi 6. Orodnik sklon za dvojino besede leprozorij.,6. Orodnik (orodnik) dvojine besede **leprozorij** se glasi: **z leprozorijema**.,sklanjanje,posamezen_sklon,train
546128,kondo,Kakšne so slovnične lastnosti besede kondo?,Beseda **kondo** je samostalnik. Beseda je lastno ime in je moškega spola.,besedna_vrsta,osnovne_lastnosti,train
95888,velikost,Opiši pomen besede velikost.,"Beseda **velikost** ima naslednje pomene:
- Velikost nečesa je njegova dolžina, površina ali obseg.
- Velikost nečesa je njegova velika razsežnost ali pomembnost.
- Z besedo velikost označujemo obseg ali mere nečesa.
- Izraz velikost se uporablja, ko želimo izraziti velikost, obseg ali stopnjo nečesa v primerjavi z drugimi podobnimi stvarmi.
- Velikost nečesa je to, kako veliko ali majhno je nekaj.
- Velikost nečesa je dejstvo, da je to zelo veliko.",pomen,razlaga_pomena,train
544978,kengurujček,Kaj v slovenščini pomeni izraz kengurujček?,"Beseda **kengurujček** ima naslednje pomene:
- Kengurujček je predmet iz vrvi, jermenov ali kosa blaga, s katerim nosimo stvari.",pomen,razlaga_pomena,train
8294,spehati,Opiši vid in vrsto glagola spehati.,Beseda **spehati** je dovršni glagol.,besedna_vrsta,vrsta_in_vid_glagola,train
641862,smonker,Kaj po besedni vrsti pomeni smonker?,Beseda **smonker** je samostalnik. Beseda je lastno ime in je ženskega spola.,besedna_vrsta,osnovne_lastnosti,train
4166,omrtvičiti,Kateri so pomeni besede omrtvičiti?,"Pomeni besede **omrtvičiti** so:
- Omrtvičiti nekoga pomeni povzročiti njegovo nezavest z uporabo anestetika.",pomen,nastevanje_pomenov,test
10394,zmikastiti,"Kakšna je slovnična oblika besede zmikastili v povedi: 'Prav tako v Kentuckyju, v mestu Florence, so se zmikastili najstniki.'?","V povedi *""Prav tako v Kentuckyju, v mestu Florence, so se zmikastili najstniki.""* nastopa beseda **zmikastili** kot pregibna oblika (MSD: Ggdd-ds) besede *zmikastiti*.",primeri_uporabe,analiza_oblike_v_povedi,test
453472,narokaven,Kakšna je osnovna oblika besede narokavnima?,Osnovna oblika (lema) besede **narokavnima** je **narokaven** (pridevnik).,sklanjanje,osnovna_oblika_leme,test
7613,razpoznati,"Kako glasi spreganje glagola razpoznati v sedanjiku, pretekliku in prihodniku?","Spreganje glagola **razpoznati**:

### Sedanjik
| Oseba | Ednina | Dvojina | Množina |
|---|---|---|---|
| 1. oseba | razpoznam | razpoznava | razpoznamo |
| 2. oseba | razpoznaš | razpoznata | razpoznate |
| 3. oseba | razpozna | razpoznata | razpoznajo |

### Preteklik
| Oseba | Ednina | Dvojina | Množina |
|---|---|---|---|
| 1. oseba | sem razpoznal / sem razpoznala | sva razpoznala / sva razpoznali | smo razpoznali / smo razpoznale |
| 2. oseba | si razpoznal / si razpoznala | sta razpoznala / sta razpoznali | ste razpoznali / ste razpoznale |
| 3. oseba | je razpoznal / je razpoznala | sta razpoznala / sta razpoznali | so razpoznali / so razpoznale |",spreganje,celotno_spreganje,test
85820,regulator,Kaj pomeni beseda regulator?,"Beseda **regulator** ima naslednje pomene:
- Regulator je naprava, s katero upravljamo stroj.",pomen,razlaga_pomena,test
711580,radolca,Kakšne so slovnične lastnosti besede radolca?,Beseda **radolca** je samostalnik. Beseda je lastno ime in je ženskega spola.,besedna_vrsta,osnovne_lastnosti,test
536704,goldstone,V kakšni obliki je imenovalnik dvojine pri besedi goldstone?,1. Imenovalnik (imenovalnik) dvojine besede **goldstone** se glasi: **goldstoneja**.,sklanjanje,posamezen_sklon,test
478329,delen,Kakšna je leksikalna definicija besede delen?,"Beseda **delen** ima naslednje pomene:
- Kadar je neka stvar, stanje ali lastnost delna, ni popolna ali cela.",pomen,razlaga_pomena,test
95430,v,Razloži oblikoslovno vlogo besede v v stavku 'Zveza med v-jem in u-jem je izjemno pomembna za razumevanje in analizo različnih pojavov ter pojavov v naravi.'.,"V povedi *""Zveza med v-jem in u-jem je izjemno pomembna za razumevanje in analizo različnih pojavov ter pojavov v naravi.""* nastopa beseda **v** kot pregibna oblika (MSD: Sometn) besede *v*.",primeri_uporabe,analiza_oblike_v_povedi,test
726370,vukmanič,Prikaži tabelo sklanjatve besede vukmanič v množini.,"Sklanjatvene oblike besede **vukmanič** v množini:

| Sklon | Množina |
|---|---|
| 1. Imenovalnik | vukmanič |
| 2. Rodilnik | vukmanič |
| 3. Dajalnik | vukmanič |
| 4. Tožilnik | vukmanič |
| 5. Mestnik | pri vukmanič |
| 6. Orodnik | z vukmanič |",sklanjanje,sklanjatev_po_stevilu,test
73922,oboževanje,Podaj razlago pomena za besedo oboževanje.,"Beseda **oboževanje** ima naslednje pomene:
- Oboževanje je čustvo velikega občudovanja in ljubezni.",pomen,razlaga_pomena,test
9419,vzplameneti,Navedi vse pomene besede vzplameneti.,"Pomeni besede **vzplameneti** so:
- Kadar nekaj vzplameneti, nenadoma začne goreti.
- Kadar ogenj vzplamti, njegovi plameni nenadoma postanejo večji.
- Kadar nasilje, spor ali jeza vzplamenijo, postanejo hujši.",pomen,nastevanje_pomenov,test
64523,komplementarnost,Prikaži 5 pogostih kolokacij z besedo komplementarnost.,"Izpis 5 kolokacij za besedo **komplementarnost**:
1. načelo komplementarnosti
2. velika komplementarnost
3. komplementarnost gospodarstev
4. iti za komplementarnost
5. komplementarnost ponudbe",kolokacije,stevilsko_opredeljene_kolokacije,test
65537,krava,S katerimi izrazi se kolocira beseda krava?,"Tipične kolokacije z besedo **krava**:
- nore krave
- bolezen krav
- prodati KRAVO
- krave molznic
- krave dojilj
- reja krav
- debela krava
- svete krave
- molzna krava
- krave pasme",kolokacije,navedi_kolokacije,test
87901,sejanje,S katerimi besedami lahko nadomestimo besedo sejanje?,"Sopomenke besede **sejanje** so:
- odbiranje
- prebiranje
- setev",sopomenke,navedi_sopomenke,test
514610,vpresti,Prikaži nedoločniški in namenilniški obliki glagola vpresti.,"Neosebne in posebne oblike glagola **vpresti**:
- Nedoločnik: **vpresti**
- Namenilnik: **vprest**
",spreganje,neosebne_oblike,train
515725,šopirati,Izpiši oblike po osebah in številu za Sedanjik glagola šopirati.,"Sedanjik glagola **šopirati**:

| Oseba | Ednina | Dvojina | Množina |
|---|---|---|---|
| 1. oseba | šopiram | šopirava | šopiramo |
| 2. oseba | šopiraš | šopirata | šopirate |
| 3. oseba | šopira | šopirata | šopirajo |",spreganje,spreganje_v_casu,train
740313,splenius,"Ali spada splenius med samostalnike moškega, ženskega ali srednjega spola?",Samostalnik **splenius** je moškega spola.,besedna_vrsta,spol_samostalnika,train
99362,zgradba,"Razloži oblikoslovno vlogo besede zgradba v stavku 'Razširi zgled v celotno poved: Betonska, lesena in montažna zgradba so le nekateri primeri različnih vrst gradnje, ki se uporabljajo pri gradnji stavb.'.","V povedi *""Razširi zgled v celotno poved: Betonska, lesena in montažna zgradba so le nekateri primeri različnih vrst gradnje, ki se uporabljajo pri gradnji stavb.""* nastopa beseda **zgradba** kot pregibna oblika (MSD: Sozei) besede *zgradba*.",primeri_uporabe,analiza_oblike_v_povedi,train
662416,buycks,"Povej, kakšnega spola je beseda buycks.",Samostalnik **buycks** je moškega spola.,besedna_vrsta,spol_samostalnika,train
485402,silo,Prikaži primere rabe besede silo.,"Primeri uporabe besede **silo** v povedih:
- *Močno se je iztrgala iz objema, s silo, ki je bila skoraj neustavljiva.*
- *Močno sem se moral potruditi, da sem s silo odprl vrata.*
- *S silo se je oseba tako močno iztrgala iz objema, da je s tem pokazala svojo odločnost in neodvisnost.*
- *S silovitim naporom se je osebi iztrgala iz objema, kot bi se borila proti nevidni sili, ki jo je držala ujeta.*
- *Oseba je s silo poskušala odpreti vrata.*",primeri_uporabe,povedi_z_besedo,train
85859,reka,"Določi sklon in število besede reka v povedi 'Skozi majhno, slikovito mesto teče mogočna reka, ki je glavni vir življenja in osrednji element njegovega čarobnega vzdušja.'.","V povedi *""Skozi majhno, slikovito mesto teče mogočna reka, ki je glavni vir življenja in osrednji element njegovega čarobnega vzdušja.""* nastopa beseda **reka** kot pregibna oblika (MSD: Sozei) besede *reka*.",primeri_uporabe,analiza_oblike_v_povedi,train
85943,renata,Izpiši točno 9 kolokacij besede renata.,"Izpis 9 kolokacij za besedo **renata**:
1. sekretarka Renate
2. tožilka Renate
3. Renata iz hotela
4. kmetijstvo Renate
5. Umetnice Renate
6. Renata z založbe
7. Renata je županja
8. kolegica Renati
9. županja Renati",kolokacije,stevilsko_opredeljene_kolokacije,train
448923,ekspatriirati,Katere so neosebne ter posebne oblike glagola ekspatriirati?,"Neosebne in posebne oblike glagola **ekspatriirati**:
- Nedoločnik: **ekspatriirati**
- Namenilnik: **ekspatriirat**
",spreganje,neosebne_oblike,train
573182,samonanašanje,Navedi 3. Dajalnik sklon za množino besede samonanašanje.,3. Dajalnik (dajalnik) množine besede **samonanašanje** se glasi: **samonanašanjem**.,sklanjanje,posamezen_sklon,train
7597,razplojevati,Prikaži pregled spreganja za glagol razplojevati.,"Spreganje glagola **razplojevati**:

### Sedanjik
| Oseba | Ednina | Dvojina | Množina |
|---|---|---|---|
| 1. oseba | razplojujem | razplojujeva | razplojujemo |
| 2. oseba | razplojuješ | razplojujeta | razplojujete |
| 3. oseba | razplojuje | razplojujeta | razplojujejo |

### Preteklik
| Oseba | Ednina | Dvojina | Množina |
|---|---|---|---|
| 1. oseba | sem razplojeval / sem razplojevala | sva razplojevala / sva razplojevali | smo razplojevali / smo razplojevale |
| 2. oseba | si razplojeval / si razplojevala | sta razplojevala / sta razplojevali | ste razplojevali / ste razplojevale |
| 3. oseba | je razplojeval / je razplojevala | sta razplojevala / sta razplojevali | so razplojevali / so razplojevale |",spreganje,celotno_spreganje,train
56295,festival,"Kakšna je slovnična oblika besede festivala v povedi: 'Načrtujemo organizacijo velikega glasbenega festivala, ki bo trajal tri dni in bo potekal na prostem.'?","V povedi *""Načrtujemo organizacijo velikega glasbenega festivala, ki bo trajal tri dni in bo potekal na prostem.""* nastopa beseda **festivala** kot pregibna oblika (MSD: Somdi) besede *festival*.",primeri_uporabe,analiza_oblike_v_povedi,train
98035,žalivec,Prikaži seznam sopomenk za besedo žalivec.,"Sopomenke besede **žalivec** so:
- blatitelj
- očrnjevalec
- sramotitelj
- omalovaževalec
- podcenjevalec
- obrekovalec",sopomenke,navedi_sopomenke,train
621671,mejdan,Katero sklanjatveno obliko predstavlja beseda mejdanov pri lemi mejdan?,"Oblika **mejdanov** pri besedi *mejdan* izraža:
- 2. Rodilnik (dvojine)",sklanjanje,analiza_oblike,train
17709,filistejski,"Analiziraj rabo besede filistejskim v povedi: 'Kralj David je v Svetem pismu znan po boju z Goljatom, močnim filistejskim vojakom.'.","V povedi *""Kralj David je v Svetem pismu znan po boju z Goljatom, močnim filistejskim vojakom.""* nastopa beseda **filistejskim** kot pregibna oblika (MSD: Ppnsmd) besede *filistejski*.",primeri_uporabe,analiza_oblike_v_povedi,train
54521,drsalec,"Katero slovnično obliko izraža beseda drsalci v stavku: 'Letos mladi drsalci na ledu trenirajo dvakrat na dan po uro in pol, imajo pa tudi treninge na suhem.'?","V povedi *""Letos mladi drsalci na ledu trenirajo dvakrat na dan po uro in pol, imajo pa tudi treninge na suhem.""* nastopa beseda **drsalci** kot pregibna oblika (MSD: Sommi) besede *drsalec*.",primeri_uporabe,analiza_oblike_v_povedi,train
586766,autotext,Izpiši obliko: mestnik ednine za autotext.,5. Mestnik (mestnik) ednine besede **autotext** se glasi: **pri autotextu**.,sklanjanje,posamezen_sklon,train
72739,nesebičnež,Prikaži seznam sopomenk za besedo nesebičnež.,"Sopomenke besede **nesebičnež** so:
- altruist",sopomenke,navedi_sopomenke,train
513338,robinzoniti,Sestavi spreganje glagola robinzoniti po časih in osebah.,"Spreganje glagola **robinzoniti**:

### Sedanjik
| Oseba | Ednina | Dvojina | Množina |
|---|---|---|---|
| 1. oseba | robinzonim | robinzoniva | robinzonimo |
| 2. oseba | robinzoniš | robinzonita | robinzonite |
| 3. oseba | robinzoni | robinzonita | robinzonijo |

### Preteklik
| Oseba | Ednina | Dvojina | Množina |
|---|---|---|---|
| 1. oseba | sem robinzonilo / sem robinzonila | sva robinzonili / sva robinzonila | smo robinzonili / smo robinzonile |
| 2. oseba | si robinzonilo / si robinzonila | sta robinzonili / sta robinzonila | ste robinzonili / ste robinzonile |
| 3. oseba | je robinzonilo / je robinzonila | sta robinzonili / sta robinzonila | so robinzonili / so robinzonile |",spreganje,celotno_spreganje,train
451997,vrisniti,Navedi nedoločnik in velelniške oblike za glagol vrisniti.,"Neosebne in posebne oblike glagola **vrisniti**:
- Nedoločnik: **vrisniti**
- Namenilnik: **vrisnit**
",spreganje,neosebne_oblike,train
515178,zgodoviniti,Spregaj glagol zgodoviniti v sedanjiku.,"Sedanjik glagola **zgodoviniti**:

| Oseba | Ednina | Dvojina | Množina |
|---|---|---|---|
| 1. oseba | zgodovinim | zgodoviniva | zgodovinimo |
| 2. oseba | zgodoviniš | zgodovinita | zgodovinite |
| 3. oseba | zgodovini | zgodovinita | zgodovinijo |",spreganje,spreganje_v_casu,train
45045,slovnično,"Analiziraj rabo besede slovnično v povedi: 'Z drugimi besedami, je po več kot štirih desetletjih pisanja težko pisati slovnično narobe?'.","V povedi *""Z drugimi besedami, je po več kot štirih desetletjih pisanja težko pisati slovnično narobe?""* nastopa beseda **slovnično** kot pregibna oblika (MSD: Rsn) besede *slovnično*.",primeri_uporabe,analiza_oblike_v_povedi,train
486952,wolfov,V katero vrsto besed uvrščamo besedo wolfov?,Beseda **wolfov** je samostalnik. Beseda je lastno ime in je moškega spola.,besedna_vrsta,osnovne_lastnosti,train
591982,bakica,Kako se v slovenščini glasi dajalnik dvojine besede bakica?,3. Dajalnik (dajalnik) dvojine besede **bakica** se glasi: **bakicama**.,sklanjanje,posamezen_sklon,train
557607,nos,Razloži pomen besede nos.,"Beseda **nos** ima naslednje pomene:
- Nos je tisti del človeškega obraza, s katerim vohamo.
- Nos letala je njegov sprednji del.",pomen,razlaga_pomena,train
638585,sink,Kateri spol ima beseda sink?,Samostalnik **sink** je moškega spola.,besedna_vrsta,spol_samostalnika,train
79202,podton,Poišči sopomenke za podton.,"Sopomenke besede **podton** so:
- pridih
- prikrito čustvo
- implikacija
- prizvok
- odtenek",sopomenke,navedi_sopomenke,train
496408,tangce,Navedi sinonime za besedo tangce.,"Sopomenke besede **tangce** so:
- tanga hlačke",sopomenke,navedi_sopomenke,train
63347,kegljavka,Kateri slovnični spol ima beseda kegljavka?,Samostalnik **kegljavka** je ženskega spola.,besedna_vrsta,spol_samostalnika,train
690794,laugardalsvöllur,Poišči osnovno imeno obliko za besedo laugardalsvöllurjih.,Osnovna oblika (lema) besede **laugardalsvöllurjih** je **laugardalsvöllur** (samostalnik).,sklanjanje,osnovna_oblika_leme,train
634782,ritesh,Kakšna je osnovna oblika besede riteshom?,Osnovna oblika (lema) besede **riteshom** je **ritesh** (samostalnik).,sklanjanje,osnovna_oblika_leme,train
512268,prežlahtniti,"Ali je prežlahtniti dovršni, nedovršni ali dvovidski glagol?",Beseda **prežlahtniti** je dovršni glagol.,besedna_vrsta,vrsta_in_vid_glagola,train
715407,slut,Katero sklanjatveno obliko predstavlja beseda slutov pri lemi slut?,"Oblika **slutov** pri besedi *slut* izraža:
- 2. Rodilnik (dvojine)",sklanjanje,analiza_oblike,train
64102,kocka,Navedi sinonime za besedo kocka.,"Sopomenke besede **kocka** so:
- kubus
- kos
- kockica
- šesterec
- heksaeder",sopomenke,navedi_sopomenke,train
99094,zelen,Zapiši primere stavkov z besedo zelen.,"Primeri uporabe besede **zelen** v povedih:
- *Bujna pomladna zelenjava je pokrivalo polja in vrtov, s svojimi živahnimi odtenki zelene barve.*
- *Bujna pomladna zelen je v teh dneh povsod okoli nas. Drevesa so se prebudila iz zimskega spanja in se razcvetela v vseh odtenkih zelene barve. Listi na vejah so polni ž*
- *V parku je bila prisotna bujna pomladna zelen, saj so drevesa in grmovje zacvetela ter se prebudila v življenje.*
- *Bujna pomladna zelenjava je raztresena po vrtu, polja so prekrita z bujno pomladno zelenjo, drevesa so obložena z zelenimi listi in cvetovi, kar ustvarja slikovit prizor*
- *Bujna pomladna zelen je v tem letnem času povsod okoli nas, saj se drevesa in rastline prebujajo iz zimskega spanja ter ponovno zacvetijo in zelenijo.*",primeri_uporabe,povedi_z_besedo,train
6869,prevarati,Navedi vse pomene besede prevarati.,"Pomeni besede **prevarati** so:
- Prevarati nekoga pomeni prepričati ga, da bomo nekaj storili, čeprav nimamo takega namena.
- Če nekdo prevara nekoga, ga izda in ne stori tistega, kar sta skupaj načrtovala.",pomen,nastevanje_pomenov,train
6395,prekopati,Kakšna sta nedoločnik in namenilnik glagola prekopati?,"Neosebne in posebne oblike glagola **prekopati**:
- Nedoločnik: **prekopati**
- Namenilnik: **prekopat**
",spreganje,neosebne_oblike,train
63017,karcinom,Katero besedno vrsto predstavlja karcinom?,Beseda **karcinom** je samostalnik. Beseda je občno ime in je moškega spola.,besedna_vrsta,osnovne_lastnosti,train
29160,poledenel,Kako se stopnjuje beseda poledenel?,"Stopnjevanje besede **poledenel**:

| Stopnja | Oblika |
|---|---|
| 1. Osnovnik (Pozitiv) | poledenele / poledenelih / poledenelimi / poledenela / poledeneli / poledenelo / poledenelima / poledenelim / poledenelega / poledenelemu / poledenelem / poledenel |
| 2. Primernik (Komparativ) | poledenel |
| 3. Presežnik (Superlativ) | poledenel |",stopnjevanje,vse_stopnje,train
514781,zahoditi,Kako se po osebah sprega glagol zahoditi v sedanjiku?,"Sedanjik glagola **zahoditi**:

| Oseba | Ednina | Dvojina | Množina |
|---|---|---|---|
| 1. oseba | zahodim | zahodiva | zahodimo |
| 2. oseba | zahodiš | zahodita | zahodite |
| 3. oseba | zahodi | zahodita | zahodijo |",spreganje,spreganje_v_casu,train
100626,temveč,Navedi število pomenov za besedo temveč.,"Beseda **temveč** ima registrirana 1 pomen:
1. Izraz temveč uvaja popravek ali nasprotje pravkar rečenega.",pomen,stevilka_pomenov,train
99182,zemljemerec,Prikaži 5 pogostih kolokacij z besedo zemljemerec.,"Izpis 5 kolokacij za besedo **zemljemerec**:
1. poklic zemljemerca
2. avstrijski zemljemerci
3. vojaški zemljemerci
4. zemljemerec fevdista
5. zemljemerci časa",kolokacije,stevilsko_opredeljene_kolokacije,train
64425,kombi,Preveri število registriranih pomenov besede kombi.,"Beseda **kombi** ima registrirana 1 pomen:
1. Kombi je vozilo, podobno velikemu osebnemu avtomobilu ali majhnemu tovornjaku; z njim prevažamo stvari.",pomen,stevilka_pomenov,train
17812,fonološki,V kateri lemi se nahaja oblika fonološkimi?,Osnovna oblika (lema) besede **fonološkimi** je **fonološki** (pridevnik).,sklanjanje,osnovna_oblika_leme,train
716112,spajsic,Kako slovnično opredelimo besedo spajsic?,Beseda **spajsic** je samostalnik. Beseda je lastno ime in je moškega spola.,besedna_vrsta,osnovne_lastnosti,train
21115,klekljan,Poišči pogoste kolokacije za besedo klekljan.,"Tipične kolokacije z besedo **klekljan**:
- klekljana čipka
- ročno klekljan
- klekljani izdelki
- klekljan in šivan
- klekljan prt
- klekljana mojstrovina
- klekljani prtički
- klekljana zastava
- Klekljani ekslibris
- klekljana umetnina",kolokacije,navedi_kolokacije,train
64438,komedija,Navedi različne pomene besede komedija.,"Pomeni besede **komedija** so:
- Komedija je smešna dramska predstava ali film.
- Komedija je duhovita igra, v kateri se junaki zapletejo v neverjetne in zapletene okoliščine.",pomen,nastevanje_pomenov,train
522238,bogadi,Zapiši lemo (osnovno obliko) za besedo bogadija.,Osnovna oblika (lema) besede **bogadija** je **bogadi** (samostalnik).,sklanjanje,osnovna_oblika_leme,train
24959,nastrojen,Prikaži seznam sopomenk za besedo nastrojen.,"Sopomenke besede **nastrojen** so:
- naravnan
- dovzeten
- nagnjen
- razpoložen
- pripravljen",sopomenke,navedi_sopomenke,train
643910,thrupp,Katera beseda v osnovni obliki predstavlja obliko thruppov?,Osnovna oblika (lema) besede **thruppov** je **thrupp** (samostalnik).,sklanjanje,osnovna_oblika_leme,train
490076,maegorjev,Slovnično opredeli besedo maegorjev.,Beseda **maegorjev** je pridevnik.,besedna_vrsta,osnovne_lastnosti,train
47262,amorfnost,Zapiši primere stavkov z besedo amorfnost.,"Primeri uporabe besede **amorfnost** v povedih:
- *Zakrnelost tipičnih cvetnih delov v tem primeru je nekakšna brezobličnost, tujka za to pa je amorfnost.*
- *Njegovi kipi so abstraktni objekti, v katerih pogosto zasledimo amorfnost, to je približevanje naravnim oblikam oziroma posnemanju oblik iz sveta narave, po drugi strani pa kažejo tudi popolnoma matematične, če ne celo tehnicistične pristope.*
- *Vnovič smo priča bravurozni zvočni pobarvanki, ki jo odrejata ambientalna amorfnost in ustvarjanje simulirane utopije, daleč od sivila vsakdana, a ne tako daleč od narave kot takšne.*",primeri_uporabe,povedi_z_besedo,train
514272,tegniti,"Navedi nedoločnik, namenilnik in velelnik za tegniti.","Neosebne in posebne oblike glagola **tegniti**:
- Nedoločnik: **tegniti**
- Namenilnik: **tegnit**
",spreganje,neosebne_oblike,train
641865,smrka,Navedi lemo za besedno obliko smrkam.,Osnovna oblika (lema) besede **smrkam** je **smrka** (samostalnik).,sklanjanje,osnovna_oblika_leme,train
10214,zboleti,Izpiši celotno spreganje glagola zboleti.,"Spreganje glagola **zboleti**:

### Sedanjik
| Oseba | Ednina | Dvojina | Množina |
|---|---|---|---|
| 1. oseba | zbolim | zboliva | zbolimo |
| 2. oseba | zboliš | zbolita | zbolite |
| 3. oseba | zboli | zbolita | zbolijo |

### Preteklik
| Oseba | Ednina | Dvojina | Množina |
|---|---|---|---|
| 1. oseba | sem zbolel / sem zbolela | sva zbolela / sva zboleli | smo zboleli / smo zbolele |
| 2. oseba | si zbolel / si zbolela | sta zbolela / sta zboleli | ste zboleli / ste zbolele |
| 3. oseba | je zbolel / je zbolela | sta zbolela / sta zboleli | so zboleli / so zbolele |",spreganje,celotno_spreganje,train
444040,ribi,Kakšna je osnovna oblika besede ribah?,Osnovna oblika (lema) besede **ribah** je **ribi** (samostalnik).,sklanjanje,osnovna_oblika_leme,train
74082,obstoj,Katere sopomenke obstajajo za izraz obstoj?,"Sopomenke besede **obstoj** so:
- golo preživetje
- preživetje
- bit
- eksistenca
- bivanje
- prisotnost
- subsistenca",sopomenke,navedi_sopomenke,train
7874,samoizničiti,Navedi nedoločnik in velelniške oblike za glagol samoizničiti.,"Neosebne in posebne oblike glagola **samoizničiti**:
- Nedoločnik: **samoizničiti**
- Namenilnik: **samoizničit**
",spreganje,neosebne_oblike,train
99077,zehljaj,V kateri spol razvrstimo samostalnik zehljaj?,Samostalnik **zehljaj** je moškega spola.,besedna_vrsta,spol_samostalnika,train
63412,keratin,"Določi slovnične lastnosti besede keratin v stavku 'Rumenjak vsebuje keratin, ki okrepi odpornost las.'.","V povedi *""Rumenjak vsebuje keratin, ki okrepi odpornost las.""* nastopa beseda **keratin** kot pregibna oblika (MSD: Sometn) besede *keratin*.",primeri_uporabe,analiza_oblike_v_povedi,train
37687,vmesen,Razvrsti in naštej pomene besede vmesen.,"Pomeni besede **vmesen** so:
- Stopnja, ki je vmesna, je med dvema drugima stopnjama.
- Obdobje, ki je vmesno, ločuje dva dogodka ali trenutka.",pomen,nastevanje_pomenov,train
458188,zavzeto,Poišči in naštej pomene leme zavzeto.,"Pomeni besede **zavzeto** so:
- Kadar nekaj storimo zavzeto, to storimo silovito in navdušeno.",pomen,nastevanje_pomenov,train
58815,guverner,Navedi število in kratek opis pomenov besede guverner.,"Beseda **guverner** ima registrirana 1 pomen:
1. Guverner je oseba, odgovorna za politično vodenje neke pokrajine ali za vodenje neke ustanove.",pomen,stevilka_pomenov,train
8045,sitnariti,"Kakšna je slovnična oblika besede sitnarijo v povedi: 'Prepiri niso nič posebnega, če seveda niso prepogosti in starši kar naprej ne sitnarijo.'?","V povedi *""Prepiri niso nič posebnega, če seveda niso prepogosti in starši kar naprej ne sitnarijo.""* nastopa beseda **sitnarijo** kot pregibna oblika (MSD: Ggnstm) besede *sitnariti*.",primeri_uporabe,analiza_oblike_v_povedi,train
29882,povolilen,Katere so najbolj znane kolokacije besede povolilen?,"Tipične kolokacije z besedo **povolilen**:
- povolilna koalicija
- povolilno dogajanje
- predvolilen in povolilen
- povolilna Srbija
- Povolilno nasilje
- povolilni zapleti
- povolilno povezovanje
- Povolilna kombinatorika
- povolilna aritmetika
- povolilni ponedeljek",kolokacije,navedi_kolokacije,train
734009,aleksik,Slovnično opredeli besedo aleksik.,Beseda **aleksik** je samostalnik. Beseda je občno ime in je moškega spola.,besedna_vrsta,osnovne_lastnosti,train
491649,zaposlovalski,Kateri besedni vrsti pripada beseda zaposlovalski?,Beseda **zaposlovalski** je pridevnik.,besedna_vrsta,osnovne_lastnosti,train
86717,rop,Navedi število pomenov za besedo rop.,"Beseda **rop** ima registrirana 3 pomene:
1. Rop so okoliščine, v katerih nekomu grozijo z orožjem, da bi ga prisilili, da bi jim izročil denar.
2. Rop je kraja lastnine od nekoga ali z nekega kraja ali to, kar je ukradeno.
3. Rop je kraja denarja ali lastnine, pogosto z uporabo sile ali groženj.",pomen,stevilka_pomenov,train
3418,obtoževati,Kako se glasi Sedanjik glagola obtoževati?,"Sedanjik glagola **obtoževati**:

| Oseba | Ednina | Dvojina | Množina |
|---|---|---|---|
| 1. oseba | obtožujem | obtožujeva | obtožujemo |
| 2. oseba | obtožuješ | obtožujeta | obtožujete |
| 3. oseba | obtožuje | obtožujeta | obtožujejo |",spreganje,spreganje_v_casu,train
653,cmeriti,Prikaži pregled spreganja za glagol cmeriti.,"Spreganje glagola **cmeriti**:

### Sedanjik
| Oseba | Ednina | Dvojina | Množina |
|---|---|---|---|
| 1. oseba | cmerim | cmeriva | cmerimo |
| 2. oseba | cmeriš | cmerita | cmerite |
| 3. oseba | cmeri | cmerita | cmerijo |

### Preteklik
| Oseba | Ednina | Dvojina | Množina |
|---|---|---|---|
| 1. oseba | sem cmeril / sem cmerila | sva cmerila / sva cmerili | smo cmerili / smo cmerile |
| 2. oseba | si cmeril / si cmerila | sta cmerila / sta cmerili | ste cmerili / ste cmerile |
| 3. oseba | je cmeril / je cmerila | sta cmerila / sta cmerili | so cmerili / so cmerile |",spreganje,celotno_spreganje,train
514929,zapoprati,Navedi nedoločnik in velelniške oblike za glagol zapoprati.,"Neosebne in posebne oblike glagola **zapoprati**:
- Nedoločnik: **zapoprati**
- Namenilnik: **zapoprat**
",spreganje,neosebne_oblike,train
63471,kiberprostor,Opiši pomen besede kiberprostor.,"Beseda **kiberprostor** ima naslednje pomene:
- v splošnem smislu računalniško omrežje, ki povezuje več omrežij",pomen,razlaga_pomena,train
23698,melbournski,"Izpiši osnovnik, primernik in presežnik za melbournski.","Stopnjevanje besede **melbournski**:

| Stopnja | Oblika |
|---|---|
| 1. Osnovnik (Pozitiv) | melbournskimi / melbournska / melbournske / melbournski / melbournsko / melbournskih / melbournskima / melbournskim / melbournskega / melbournskemu / melbournskem |
| 2. Primernik (Komparativ) | melbournski |
| 3. Presežnik (Superlativ) | melbournski |",stopnjevanje,vse_stopnje,train
82887,prestrega,V katero vrsto besed uvrščamo besedo prestrega?,Beseda **prestrega** je samostalnik. Beseda je občno ime in je ženskega spola.,besedna_vrsta,osnovne_lastnosti,train
74716,odvisnost,Izpiši število pomenov besede odvisnost.,"Beseda **odvisnost** ima registrirana 4 pomene:
1. Odvisnost je daljše uživanje mamil, ne da bi to lahko prekinili.
2. Odvisnost je nenehna potreba po nečem, da lahko delamo ali živimo, kot želimo.
3. Kadar je neka stvar odvisnost druge, je količina ali narava tiste stvari odvisna od druge stvari.
4. Odvisnost od nekoga ali nečesa je stanje, ko jih potrebujemo, da bi lahko ustrezno živeli ali delovali.",pomen,stevilka_pomenov,train
92200,sukanec,Izpiši vse registrirane pomene besede sukanec.,"Pomeni besede **sukanec** so:
- Je sukanec nit za šivanje.",pomen,nastevanje_pomenov,train
96557,vmesnik,Izpiši primere iz korpusa za besedo vmesnik.,"Primeri uporabe besede **vmesnik** v povedih:
- *Prenos slik iz fotoaparata v računalnik omogoča vmesnik USB.*
- *Vmesnik je občutljiv za dotik, zaradi česar je nameščen v ravnini plošče.*
- *Vmesnik bo povezoval računalnike s tiskalnikom pri hitrosti 400 Mb/s.*
- *Za povezavo z računalnikom skrbita vgrajena vmesnika FireWire in USB različice 1.1.*
- *Google je tako pri različici 4.0 večino prizadevanj usmeril ravno v izboljšave vmesnika.*",primeri_uporabe,povedi_z_besedo,train
21959,kravji,Navedi imenovalniško obliko besede kravjih.,Osnovna oblika (lema) besede **kravjih** je **kravji** (pridevnik).,sklanjanje,osnovna_oblika_leme,train
549583,lihteneker,"Sklanjaj besedo lihteneker v ednini, dvojini in množini.","Sklanjatvena tabela za samostalnik **lihteneker**:

| Sklon | Ednina | Dvojina | Množina |
|---|---|---|---|
| 1. Imenovalnik | lihteneker | lihtenekerja | lihtenekerji |
| 2. Rodilnik | lihtenekerja | lihtenekerjev | lihtenekerjev |
| 3. Dajalnik | lihtenekerju | lihtenekerjema | lihtenekerjem |
| 4. Tožilnik | lihtenekerja | lihtenekerja | lihtenekerje |
| 5. Mestnik | pri lihtenekerju | pri lihtenekerjih | pri lihtenekerjih |
| 6. Orodnik | z lihtenekerjem | z lihtenekerjema | z lihtenekerji |",sklanjanje,celotna_sklanjatev,train
37229,večen,Preveri večpomenskost besede večen.,"Beseda **večen** ima registrirana 6 pomenov:
1. Če je nekaj večno, traja neskončno dolgo.
2. Resnice in vrednote, ki so večne, se nikdar ne spremenijo in veljajo za resnične v vsakršnih okoliščinah.
3. Kar je večno, se nikoli ne konča ali se na videz nikdar ne spremeni.
4. Kadar ljudje rečejo, da je nekaj večno, hočejo povedati, da je slavno in si bodo tisto za dolgo zapomnili.
5. Razmere, ki so večne, se vedno znova ponavljajo ali se nikoli ne končajo.
6. Okoliščine, ki so večne, se nikoli ne končajo ali spremenijo.",pomen,stevilka_pomenov,train
2280,kupovati,Sestavi tabelo za Sedanjik glagola kupovati.,"Sedanjik glagola **kupovati**:

| Oseba | Ednina | Dvojina | Množina |
|---|---|---|---|
| 1. oseba | kupujem | kupujeva | kupujemo |
| 2. oseba | kupuješ | kupujeta | kupujete |
| 3. oseba | kupuje | kupujeta | kupujejo |",spreganje,spreganje_v_casu,train
62664,kalende,"Sklanjaj besedo kalende v ednini, dvojini in množini.","Sklanjatvena tabela za samostalnik **kalende**:

| Sklon | Ednina | Dvojina | Množina |
|---|---|---|---|
| 1. Imenovalnik | / | / | kalende |
| 2. Rodilnik | / | / | kalend |
| 3. Dajalnik | / | / | kalendam |
| 4. Tožilnik | / | / | kalende |
| 5. Mestnik | / | / | pri kalendah |
| 6. Orodnik | / | / | s kalendami |",sklanjanje,celotna_sklanjatev,train
82007,predstavništvo,Razvrsti in naštej pomene besede predstavništvo.,"Pomeni besede **predstavništvo** so:
- Predstavništvo je skupina ljudi, ki jih pošljejo v drugo državo, da bi tam opravila uradno nalogo.",pomen,nastevanje_pomenov,train
620462,manel,Slovnično analiziraj obliko manelu besede manel.,"Oblika **manelu** pri besedi *manel* izraža:
- 5. Mestnik (ednine)",sklanjanje,analiza_oblike,train
72861,nestrinjanje,Kakšna je leksikalna definicija besede nestrinjanje?,"Beseda **nestrinjanje** ima naslednje pomene:
- Kadar ljudje kažejo nestrinjanje, se z nečim ne strinjajo.
- Nestrinjanje je močno neodobravanje ali nezadovoljstvo s predlaganimi ali uveljavljenimi idejami ali vrednotami.
- Izraziti nestrinjanje pomeni javno reči ali pokazati, da nečesa ne odobravamo.",pomen,razlaga_pomena,train
564370,quay,"Ali je samostalnik quay moškega, ženskega ali srednjega spola?",Samostalnik **quay** je moškega spola.,besedna_vrsta,spol_samostalnika,test
20295,jelenji,Preveri število registriranih pomenov besede jelenji.,"Beseda **jelenji** ima registrirana 3 pomene:
1. raba živali
2. raba v pomenu: v kulinariki
3. raba izdelkih",pomen,stevilka_pomenov,test
28871,podkvast,Navedi 5 najbolj pogostih kolokacij za podkvast.,"Izpis 5 kolokacij za besedo **podkvast**:
1. podkvasta oblika
2. podkvasti loki
3. podkvast magnet
4. podkvasta miza
5. podkvaste ključavnice",kolokacije,stevilsko_opredeljene_kolokacije,test
53719,dobrotnica,S katerimi izrazi se kolocira beseda dobrotnica?,"Tipične kolokacije z besedo **dobrotnica**:
- dobrotnica leta
- velika dobrotnica
- znana dobrotnica
- razglasiti za dobrotnico
- izbrati za dobrotnico
- dobrotnica samostana
- dobrotnica iz Ljubljane
- dobrotnica prejme
- pokojna dobrotnica
- lanska dobrotnica",kolokacije,navedi_kolokacije,test
92796,taščica,Preveri večpomenskost besede taščica.,"Beseda **taščica** ima registrirana 1 pomen:
1. Taščica je majhna rjava ptica z rdečimi prsmi.",pomen,stevilka_pomenov,test
56608,fokstrot,Določi sklon in število besede fokstrot v povedi 'Tretji ples fokstrot ali slowfox se je pojavil okoli leta 1910.'.,"V povedi *""Tretji ples fokstrot ali slowfox se je pojavil okoli leta 1910.""* nastopa beseda **fokstrot** kot pregibna oblika (MSD: Somei) besede *fokstrot*.",primeri_uporabe,analiza_oblike_v_povedi,test
25676,nepokrit,Kakšna je leksikalna definicija besede nepokrit?,"Beseda **nepokrit** ima naslednje pomene:
- Kar je nepokrito, ni z ničimer pokrito.",pomen,razlaga_pomena,test
592,čekirati,Opiši posebne glagolske oblike za čekirati.,"Neosebne in posebne oblike glagola **čekirati**:
- Nedoločnik: **čekirati**
- Namenilnik: **čekirat**
",spreganje,neosebne_oblike,test
533382,fataha,Katere slovnične lastnosti nosi oblika fatahu besede fataha?,"Oblika **fatahu** pri besedi *fataha* izraža:
- 3. Dajalnik (ednine)",sklanjanje,analiza_oblike,test
690246,labridae,Kako slovnično opredelimo besedo labridae?,Beseda **labridae** je samostalnik. Beseda je lastno ime in je moškega spola.,besedna_vrsta,osnovne_lastnosti,test
570704,soundblaster,Kako se beseda soundblaster sklanja v dvojini?,"Sklanjatvene oblike besede **soundblaster** v dvojini:

| Sklon | Dvojina |
|---|---|
| 1. Imenovalnik | soundblasterja |
| 2. Rodilnik | soundblasterjev |
| 3. Dajalnik | soundblasterjema |
| 4. Tožilnik | soundblasterja |
| 5. Mestnik | pri soundblasterjih |
| 6. Orodnik | s soundblasterjema |",sklanjanje,sklanjatev_po_stevilu,test
61716,jahač,Kako se beseda jahač uporablja v stavkih?,"Primeri uporabe besede **jahač** v povedih:
- *Pravi jahač je umetnik v konjeniškem športu, tako kot je konjeništvo umetnost jahanja.*
- *Bolje je, če pomislite, kako sed vpliva na konja, kako čuti jahača na sebi in kako vpliva to na njegovo ravnotežje.*
- *Od katere do katere višine je otrok primeren za sedenje v jahaču?*
- *Večje otroke prevažamo na jahačih, ki omogočajo uporabo običajnih varnostnih pasov.*",primeri_uporabe,povedi_z_besedo,test
43225,običajno,Izpiši primere iz korpusa za besedo običajno.,"Primeri uporabe besede **običajno** v povedih:
- *Drugačna je od deklet, s katerimi se je običajno videval.*
- *Bilo jih je malo manj kot običajno, a nič ne de, bila sem zadovoljna.*
- *Tako lahko termostat v prostorih mimogrede nastavimo stopinjo ali dve nižje kot običajno.*
- *Pri nakupu tehnologije smo običajno pozorni tudi na izgled.*
- *Turški obrok se običajno začne z obilico majhnih predjedi, in to tako toplih kot hladnih.*",primeri_uporabe,povedi_z_besedo,test
2968,nasekati,Opiši posebne glagolske oblike za nasekati.,"Neosebne in posebne oblike glagola **nasekati**:
- Nedoločnik: **nasekati**
- Namenilnik: **nasekat**
",spreganje,neosebne_oblike,test
4256,opogumljati,Izpiši število pomenov besede opogumljati.,"Beseda **opogumljati** ima registrirana 1 pomen:
1. Opogumljati nekoga pomeni povedati mu, da bi po našem mnenju moral nekaj storiti ali tisto še naprej delati.",pomen,stevilka_pomenov,test
663182,bojarska,"Razloži, v katerem sklonu in številu je oblika bojarsko besede bojarska.","Oblika **bojarsko** pri besedi *bojarska* izraža:
- 6. Orodnik (ednine)",sklanjanje,analiza_oblike,train
3561,odgozditi,Navedi vse osebe in čase za glagol odgozditi.,"Spreganje glagola **odgozditi**:

### Sedanjik
| Oseba | Ednina | Dvojina | Množina |
|---|---|---|---|
| 1. oseba | odgozdim | odgozdiva | odgozdimo |
| 2. oseba | odgozdiš | odgozdita | odgozdite |
| 3. oseba | odgozdi | odgozdita | odgozdijo |

### Preteklik
| Oseba | Ednina | Dvojina | Množina |
|---|---|---|---|
| 1. oseba | sem odgozdil / sem odgozdila | sva odgozdila / sva odgozdili | smo odgozdili / smo odgozdile |
| 2. oseba | si odgozdil / si odgozdila | sta odgozdila / sta odgozdili | ste odgozdili / ste odgozdile |
| 3. oseba | je odgozdil / je odgozdila | sta odgozdila / sta odgozdili | so odgozdili / so odgozdile |",spreganje,celotno_spreganje,train
2210,krakati,Navedi različne pomene besede krakati.,"Pomeni besede **krakati** so:
- Kadar ptice ali druge živali krakajo, se oglašajo z robatimi, nizkimi glasovi.",pomen,nastevanje_pomenov,train
658851,barceloninem,"Sklanjaj besedo barceloninem v ednini, dvojini in množini.","Sklanjatvena tabela za samostalnik **barceloninem**:

| Sklon | Ednina | Dvojina | Množina |
|---|---|---|---|
| 1. Imenovalnik | barceloninem | barceloninema | barceloninemi |
| 2. Rodilnik | barceloninema | barceloninemov | barceloninemov |
| 3. Dajalnik | barceloninemu | barceloninemoma | / |
| 4. Tožilnik | barceloninem | barceloninema | barcelonineme |
| 5. Mestnik | pri barceloninemu | pri barceloninemih | pri barceloninemih |
| 6. Orodnik | z barceloninemom | / | / |",sklanjanje,celotna_sklanjatev,train
463595,hernia,Navedi 5. Mestnik sklon za množino besede hernia.,5. Mestnik (mestnik) množine besede **hernia** se glasi: **pri herniah**.,sklanjanje,posamezen_sklon,train
702770,orianin,Slovnično analiziraj obliko orianinov besede orianin.,"Oblika **orianinov** pri besedi *orianin* izraža:
- 2. Rodilnik (dvojine)",sklanjanje,analiza_oblike,train
5426,pomleti,"Ali je pomleti dovršni, nedovršni ali dvovidski glagol?",Beseda **pomleti** je dvovidski glagol.,besedna_vrsta,vrsta_in_vid_glagola,train
97066,vrlina,Navedi tipične kolokacije z besedo vrlina.,"Tipične kolokacije z besedo **vrlina**:
- človeške vrline
- pokazati vrline
- redka vrlina
- moralne vrline
- vrlina in slabost
- Potrpežljivost je vrlina
- skromnost je vrlina
- knjige vrlin
- hitrost ni vrlina
- cenjena vrlina",kolokacije,navedi_kolokacije,train
52304,cvetličenje,Izpiši celotno sklanjatev za samostalnik cvetličenje.,"Sklanjatvena tabela za samostalnik **cvetličenje**:

| Sklon | Ednina | Dvojina | Množina |
|---|---|---|---|
| 1. Imenovalnik | cvetličenje | cvetličenji | cvetličenja |
| 2. Rodilnik | cvetličenja | cvetličenj | cvetličenj |
| 3. Dajalnik | cvetličenju | cvetličenjema | cvetličenjem |
| 4. Tožilnik | cvetličenje | / | cvetličenja |
| 5. Mestnik | pri cvetličenju | pri cvetličenjih | pri cvetličenjih |
| 6. Orodnik | s cvetličenjem | s cvetličenjema | s cvetličenji |",sklanjanje,celotna_sklanjatev,train
583118,štegr,Katero besedno vrsto predstavlja štegr?,Beseda **štegr** je samostalnik. Beseda je lastno ime in je moškega spola.,besedna_vrsta,osnovne_lastnosti,train
29397,pomorski,Navedi primernik in presežnik za pridevnik/prislov pomorski.,"Stopnjevanje besede **pomorski**:

| Stopnja | Oblika |
|---|---|
| 1. Osnovnik (Pozitiv) | pomorskimi / pomorski / pomorskega / pomorskemu / pomorskem / pomorskim / pomorska / pomorskih / pomorskima / pomorske / pomorsko |
| 2. Primernik (Komparativ) | pomorski |
| 3. Presežnik (Superlativ) | pomorski |",stopnjevanje,vse_stopnje,train
586429,askan,"Sklanjaj besedo askan v ednini, dvojini in množini.","Sklanjatvena tabela za samostalnik **askan**:

| Sklon | Ednina | Dvojina | Množina |
|---|---|---|---|
| 1. Imenovalnik | askan | askana | askani |
| 2. Rodilnik | askana | askanov | askanov |
| 3. Dajalnik | askanu | askanoma | askanom |
| 4. Tožilnik | askana | askana | askane |
| 5. Mestnik | pri askanu | pri askanih | pri askanih |
| 6. Orodnik | z askanom | z askanoma | z askani |",sklanjanje,celotna_sklanjatev,train
648957,vrdoljaka,V kakšni obliki je rodilnik ednine pri besedi vrdoljaka?,2. Rodilnik (rodilnik) ednine besede **vrdoljaka** se glasi: **vrdoljake**.,sklanjanje,posamezen_sklon,train
51647,cimbale,Kako se beseda cimbale uporablja v stavkih?,"Primeri uporabe besede **cimbale** v povedih:
- *Skupina poleg drugih inštrumentov uporablja prekmursko ljudsko glasbilo cimbale.*
- *Cimbale pa so madžarsko-romsko glasbilo.*
- *Moj deda, ki je prišel v Prekmurje iz Madžarske, pa je že takrat nosil smoking in metuljčka ter igral na cimbale.*
- *Cimbale so inštrument s 123 strunami, imajo 4 oktave in pol obsega, nanje pa se igra tako, da se po strunah udarja s paličicama, povitima z vato in sukancem; cimbale imajo še pedal za dušenje zvoka.*
- *Prostor lahko očistite z zvočnimi skodelami, cimbalami ali z bobni.*",primeri_uporabe,povedi_z_besedo,train
623717,musice,Kateri sklon in število izraža oblika musiceje pri besedi musice?,"Oblika **musiceje** pri besedi *musice* izraža:
- 4. Tožilnik (množine)",sklanjanje,analiza_oblike,train
515222,zmanevrirati,Kateri vid in katero vrsto glagola predstavlja zmanevrirati?,Beseda **zmanevrirati** je dovršni glagol.,besedna_vrsta,vrsta_in_vid_glagola,train
79884,pollegalnost,Kako se glasi imenovalnik množine besede pollegalnost?,1. Imenovalnik (imenovalnik) množine besede **pollegalnost** se glasi: **pollegalnosti**.,sklanjanje,posamezen_sklon,train
532776,ezaro,"Povej, kakšnega spola je beseda ezaro.",Samostalnik **ezaro** je moškega spola.,besedna_vrsta,spol_samostalnika,train
491282,vzbočen,S katerimi besedami lahko nadomestimo besedo vzbočen?,"Sopomenke besede **vzbočen** so:
- dvignjen",sopomenke,navedi_sopomenke,train
697461,morario,Izpiši množino besede morario po sklonih.,"Sklanjatvene oblike besede **morario** v množini:

| Sklon | Množina |
|---|---|
| 1. Imenovalnik | morarii |
| 2. Rodilnik | morariov |
| 3. Dajalnik | morariom |
| 4. Tožilnik | morarie |
| 5. Mestnik | pri morariih |
| 6. Orodnik | z morarii |",sklanjanje,sklanjatev_po_stevilu,train
63447,keton,Izpiši 5 kolokacij besede keton.,"Izpis 5 kolokacij za besedo **keton**:
1. aldehidi in ketoni
2. ketoni v krvi
3. koncentracija ketonov
4. ketoni v urinu
5. vsebnost ketonov",kolokacije,stevilsko_opredeljene_kolokacije,train
49971,bornost,Sklanjaj besedo bornost samo v množini.,"Sklanjatvene oblike besede **bornost** v množini:

| Sklon | Množina |
|---|---|
| 1. Imenovalnik | bornosti |
| 2. Rodilnik | bornosti |
| 3. Dajalnik | bornostim |
| 4. Tožilnik | bornosti |
| 5. Mestnik | pri bornostih |
| 6. Orodnik | z bornostmi |",sklanjanje,sklanjatev_po_stevilu,train
6149,prebiti,Spregaj glagol prebiti v sedanjiku.,"Sedanjik glagola **prebiti**:

| Oseba | Ednina | Dvojina | Množina |
|---|---|---|---|
| 1. oseba | prebijem | prebijeva | prebijemo |
| 2. oseba | prebiješ | prebijeta | prebijete |
| 3. oseba | prebije | prebijeta | prebijejo |",spreganje,spreganje_v_casu,train
576359,uga,Kako se sklanja beseda uga?,"Sklanjatvena tabela za samostalnik **uga**:

| Sklon | Ednina | Dvojina | Množina |
|---|---|---|---|
| 1. Imenovalnik | uga | uga / ugi | ugi |
| 2. Rodilnik | uga / uge | ug / ugov | / |
| 3. Dajalnik | ugi / ugu | ugama | ugam / ugom |
| 4. Tožilnik | uga | uga | uge |
| 5. Mestnik | pri ugu / pri ugi | pri ugih / pri ugah | pri ugih / pri ugah |
| 6. Orodnik | z ugo / z ugom | z ugama | z ugi |",sklanjanje,celotna_sklanjatev,train
730795,škrgić,Poišči osnovno imeno obliko za besedo škrgiću.,Osnovna oblika (lema) besede **škrgiću** je **škrgić** (samostalnik).,sklanjanje,osnovna_oblika_leme,train
92296,surfar,Navedi primerne kolokacije za samostalnik/besedo surfar.,"Tipične kolokacije z besedo **surfar**:
- izkušen surfar
- navdušen surfar
- profesionalni surfar
- zagorel surfar
- internetni surfar
- spletni surfar",kolokacije,navedi_kolokacije,train
73753,objedanje,Kateri slovnični spol pripada besedi objedanje?,Samostalnik **objedanje** je srednjega spola.,besedna_vrsta,spol_samostalnika,train
8734,tresti,Navedi vse pomene besede tresti.,"Pomeni besede **tresti** so:
- Tresti pomeni nekoga ali nekaj hitro premikati naprej in nazaj ali gor in dol.
- Kadar nekdo trese nekaj, premika navzgor in navzdol ali iz leve na desno s kratkimi, hitrimi gibi.",pomen,nastevanje_pomenov,train
515170,zglancati,Kako se sprega glagol zglancati?,"Spreganje glagola **zglancati**:

### Sedanjik
| Oseba | Ednina | Dvojina | Množina |
|---|---|---|---|
| 1. oseba | zglancam | zglancava | zglancamo |
| 2. oseba | zglancaš | zglancata | zglancate |
| 3. oseba | zglanca | zglancata | zglancajo |

### Preteklik
| Oseba | Ednina | Dvojina | Množina |
|---|---|---|---|
| 1. oseba | sem zglancala / sem zglancal | sva zglancali / sva zglancala | smo zglancali / smo zglancale |
| 2. oseba | si zglancala / si zglancal | sta zglancali / sta zglancala | ste zglancali / ste zglancale |
| 3. oseba | je zglancala / je zglancal | sta zglancali / sta zglancala | so zglancali / so zglancale |",spreganje,celotno_spreganje,train
78545,plodovnica,Izpiši tipične besedne zveze z besedo plodovnica.,"Tipične kolokacije z besedo **plodovnica**:
- plodovnica odteče
- vzorec plodovnice
- sajenje plodovnic
- plodovnica odteka
- odvzem plodovnice
- plavati v plodovnici
- odtekanje plodovnice
- količina plodovnice",kolokacije,navedi_kolokacije,train
4571,ožreti,Prikaži nedoločniški in namenilniški obliki glagola ožreti.,"Neosebne in posebne oblike glagola **ožreti**:
- Nedoločnik: **ožreti**
- Namenilnik: **ožret**
",spreganje,neosebne_oblike,train
738166,falconiformes,Naštej leksikalne pomene za besedo falconiformes.,"Pomeni besede **falconiformes** so:
- red okrog 290 vrst ptic, kamor spadajo dnevne ptice roparice",pomen,nastevanje_pomenov,train
37434,vesoljski,Naštej leksikalne pomene za besedo vesoljski.,"Pomeni besede **vesoljski** so:
- Vesoljski je tak, ki sodi v vesolje ali je povezan z njim.",pomen,nastevanje_pomenov,train
45324,stran,Izpiši vse registrirane pomene besede stran.,"Pomeni besede **stran** so:
- v računalništvu dokument z nadbesedilom, ki ga prikaže brskalnik
- vsak od obeh delov z umišljeno črto, ravnino razdeljenega predmeta, prostora
- del neba glede na smer, določeno z navidezno potjo sonca
- vsaka od obeh površin, ki omejuje telo, predmet v smeri, prečni na njegovo gibanje, usmerjenost
- vsaka od obeh ploskev ploščatega, tankega predmeta
- izraža položaj, lego česa glede na določeno smer, usmerjenost česa drugega
- izraža smer lege izhodišča, ki določeni smeri česa ni enaka ali nasprotna
- lastnost koga ali česa glede na izhodišče opazovanja, presojanja, kot ga določa prilastek
- poudarja dvojnost ali različnost nasprotja
- izraža sorodstveno razmerje glede na merilo, kot ga določa prilastek
- oseba, skupina glede na osebo, skupino z nasprotnim, drugačnim ciljem
- izraža odmikanje, oddaljevanj
- izraža ločitev, odstranitev
- izraža odstranitev, zavrženje
- Če nekaj odmakneš  stran, premakneš na eno stran od sebe.
- Če se premakneš stran od kraja, se premakneš tako, da nisi več tam.
- Če se obrnemo ali pogledamo stran od nečesa, premaknemo glavo tako, da tega več ne gledamo.
- Stran od neke osebe ali kraja pomeni v določeni razdalji od te osebe ali kraja.
- Kadar je nekdo ali nekaj stran, je oddaljen od določenega kraja.
- Ko nekaj damo stran z nečesa drugega, premaknemo tako, da ni več na drugem predmetu.
- Kadar se nekaj premika ali je obrnjeno stran, se premika ali gleda stran od kraja, kjer smo, ali kraja, o katerem govorimo.
- Stran predstavlja eno od ploskev listov papirja v knjigi, reviji ali časopisu.
- Strani knjige, revije ali časopisa so listi papirja, iz katerih so sestavljeni.
- Človek, ki je vpleten v pravni dogovor ali spor, je stran .
- Stran nečesa je položaj levo ali desno od nečesa.
- Kar je na eni strani meje ali pregrade, je v enem od dveh območij, ki ju ločuje meja ali pregrada.
- Strani predmeta sta zunanji površini, ki nista vrh ali dno.
- Strani območja ali površine sta njegovi dve polovici ali robovi.
- Strani nečesa ploskega, na primer lista papirja, sta dve ploski površini.
- Dve skupini ljudi, vključenih v spor, vojno ali igro, lahko imenujemo strani.
- Dve strani argumenta sta nasprotni stališči v razpravi o nečem.
- Določena stran nečesa je eden izmed vidikov tega.
- Dve strani družine predstavljata sorodnike iz materine in očetove rodbine.",pomen,nastevanje_pomenov,train
5507,ponositi,Kateri vid izraža glagol ponositi?,Beseda **ponositi** je dovršni glagol.,besedna_vrsta,vrsta_in_vid_glagola,train
448077,desenzibilizirati,Kakšna sta nedoločnik in namenilnik glagola desenzibilizirati?,"Neosebne in posebne oblike glagola **desenzibilizirati**:
- Nedoločnik: **desenzibilizirati**
- Namenilnik: **desenzibilizirat**
",spreganje,neosebne_oblike,train
456120,zoriti,Opiši vid in vrsto glagola zoriti.,Beseda **zoriti** je nedovršni glagol.,besedna_vrsta,vrsta_in_vid_glagola,train
8689,titrirati,Izpiši velelnik ter nedoločnik glagola titrirati.,"Neosebne in posebne oblike glagola **titrirati**:
- Nedoločnik: **titrirati**
- Namenilnik: **titrirat**
",spreganje,neosebne_oblike,train
646243,uefo,Navedi 6. Orodnik sklon za množino besede uefo.,6. Orodnik (orodnik) množine besede **uefo** se glasi: **z uefi**.,sklanjanje,posamezen_sklon,train
36845,uporabljiv,Izpiši vse registrirane pomene besede uporabljiv.,"Pomeni besede **uporabljiv** so:
- Kar je uporabljivo, je v takem stanju, da je primerno za uporabo.",pomen,nastevanje_pomenov,train
85675,recepcija,Navedi primerne kolokacije za samostalnik/besedo recepcija.,"Tipične kolokacije z besedo **recepcija**:
- recepcija hotela
- Hotelska recepcija
- vodja recepcije
- recepcija centra
- vstopiti v recepcijo
- recepcija in ležalniki
- recepcija in restavracija
- recepcija in senčniki
- pustiti na recepciji
- urediti recepcijo",kolokacije,navedi_kolokacije,train
15020,Bürgerjev,Katere besedne zveze so pogoste z besedo Bürgerjev?,"Tipične kolokacije z besedo **Bürgerjev**:
- Bürgerjeva Lenora
- Bürgerjeva balada
- Bürgerjev Lenore
- Bürgerjev Lenoro",kolokacije,navedi_kolokacije,train
85833,reinkarnacija,Razvrsti in naštej pomene besede reinkarnacija.,"Pomeni besede **reinkarnacija** so:
- Reinkarnacija je prepričanje, da se ljudje po smrti znova rodijo kot drugi ljudje ali živali.
- Reinkarnacija je oseba ali žival, za katero nekdo verjame, da je znova rojena mrtva oseba.",pomen,nastevanje_pomenov,train
664562,celov,Prikaži celotno sklanjatev za besedo celov.,"Sklanjatvena tabela za samostalnik **celov**:

| Sklon | Ednina | Dvojina | Množina |
|---|---|---|---|
| 1. Imenovalnik | celov | celova | celovi |
| 2. Rodilnik | celova | celovov | celovov |
| 3. Dajalnik | celovu | celovoma | celovom |
| 4. Tožilnik | celova | celova | celove |
| 5. Mestnik | pri celovu | pri celovih | pri celovih |
| 6. Orodnik | s celovom | s celovoma | s celovi |",sklanjanje,celotna_sklanjatev,train
97161,vrvenje,Koliko leksikalnih pomenov vsebuje beseda vrvenje?,"Beseda **vrvenje** ima registrirana 1 pomen:
1. Vrvenje dejavnosti ali govora je kratko, intenzivno obdobje tega.",pomen,stevilka_pomenov,train
10406,zmotiti,Spregaj glagol zmotiti.,"Spreganje glagola **zmotiti**:

### Sedanjik
| Oseba | Ednina | Dvojina | Množina |
|---|---|---|---|
| 1. oseba | zmotim | zmotiva | zmotimo |
| 2. oseba | zmotiš | zmotita | zmotite |
| 3. oseba | zmoti | zmotita | zmotijo |

### Preteklik
| Oseba | Ednina | Dvojina | Množina |
|---|---|---|---|
| 1. oseba | sem zmotil / sem zmotila | sva zmotila / sva zmotili | smo zmotili / smo zmotile |
| 2. oseba | si zmotil / si zmotila | sta zmotila / sta zmotili | ste zmotili / ste zmotile |
| 3. oseba | je zmotil / je zmotila | sta zmotila / sta zmotili | so zmotili / so zmotile |",spreganje,celotno_spreganje,train
47511,antidot,V kateri obliki nastopa beseda antidota v povedi: 'Po ugotovitvah ameriških strokovnjakov sta telesna aktivnost in gibanje izredno učinkovita antidota proti visokemu tlaku.'?,"V povedi *""Po ugotovitvah ameriških strokovnjakov sta telesna aktivnost in gibanje izredno učinkovita antidota proti visokemu tlaku.""* nastopa beseda **antidota** kot pregibna oblika (MSD: Somdi) besede *antidot*.",primeri_uporabe,analiza_oblike_v_povedi,train
38650,zaprisežen,Razvrsti in naštej pomene besede zaprisežen.,"Pomeni besede **zaprisežen** so:
- Če podamo zapriseženo izjavo, prisežemo, da je vse, kar smo povedali, res.",pomen,nastevanje_pomenov,train
463004,srmin,Kateri je tožilnik ednine besede srmin?,4. Tožilnik (tožilnik) ednine besede **srmin** se glasi: **srmina**.,sklanjanje,posamezen_sklon,train
89970,sodrga,Naštej leksikalne pomene za besedo sodrga.,"Pomeni besede **sodrga** so:
- Sodrga družbe ali skupnosti so ljudje, ki jih smatramo za njene najslabše ali najbolj nekoristne člane.",pomen,nastevanje_pomenov,train
35298,strmoglav,Prikaži seznam pogostih kolokacij z besedo strmoglav.,"Tipične kolokacije z besedo **strmoglav**:
- strmoglavi padec
- strmoglavo leto
- strmoglavo padanje
- strmoglavi spust",kolokacije,navedi_kolokacije,train
633595,raghuram,Slovnično analiziraj obliko raghuramom besede raghuram.,"Oblika **raghuramom** pri besedi *raghuram* izraža:
- 3. Dajalnik (množine)",sklanjanje,analiza_oblike,train
729970,čokri,Navedi spol za samostalnik čokri.,Samostalnik **čokri** je moškega spola.,besedna_vrsta,spol_samostalnika,train
96096,veza,Prikaži 8 pogostih kolokacij z besedo veza.,"Izpis 8 kolokacij za besedo **veza**:
1. ne imeti veze
2. biti brez veze
3. imeti veze
4. veze in poznanstva
5. resna veza
6. zdeti se brez veze
7. blaga veza
8. veza Ima",kolokacije,stevilsko_opredeljene_kolokacije,train
529086,destruction,Navedi spol za samostalnik destruction.,Samostalnik **destruction** je moškega spola.,besedna_vrsta,spol_samostalnika,train
730433,šaltin,Kako zapišemo imenovalnik množine besede šaltin?,1. Imenovalnik (imenovalnik) množine besede **šaltin** se glasi: **šaltini**.,sklanjanje,posamezen_sklon,train
447815,izložiti,Navedi spreganje glagola izložiti v sedanjiku.,"Sedanjik glagola **izložiti**:

| Oseba | Ednina | Dvojina | Množina |
|---|---|---|---|
| 1. oseba | izložim | izloživa | izložimo |
| 2. oseba | izložiš | izložita | izložite |
| 3. oseba | izloži | izložita | izložijo |",spreganje,spreganje_v_casu,train
513815,sprhniti,Opredeli glagolski vid besede sprhniti.,Beseda **sprhniti** je dovršni glagol.,besedna_vrsta,vrsta_in_vid_glagola,train
87258,samomor,Kaj izraža oblika samomor v kontekstu povedi 'Pred mesecem dni naj bi napravil samomor v svojem stanovanju.'?,"V povedi *""Pred mesecem dni naj bi napravil samomor v svojem stanovanju.""* nastopa beseda **samomor** kot pregibna oblika (MSD: Sometn) besede *samomor*.",primeri_uporabe,analiza_oblike_v_povedi,train
70662,mujezin,Katera je lema besede mujezinov?,Osnovna oblika (lema) besede **mujezinov** je **mujezin** (samostalnik).,sklanjanje,osnovna_oblika_leme,train
7352,ratificirati,Navedi stavčne primere za besedo ratificirati.,"Primeri uporabe besede **ratificirati** v povedih:
- *Doslej je kjotski protokol ratificiralo 110 držav vključno z Evropsko unijo.*
- *Državni zbor je z 82 glasovi za in 0 proti ratificiral hrvaško pristopno pogodbo z Evropsko unijo.*
- *Sporazum kot celoto morajo ratificirati vse države članice in Srbija, ki je to storila v torek.*
- *Vsi so soglašali, da bi bilo treba čim prej ratificirati sporazum o obmejnem prometu in sodelovanju.*
- *Konvencija še ni v veljavi, ker je doslej ni ratificiralo zadostno število držav.*",primeri_uporabe,povedi_z_besedo,train
10308,zgrniti,Izpiši neosebne oblike glagola zgrniti.,"Neosebne in posebne oblike glagola **zgrniti**:
- Nedoločnik: **zgrniti**
- Namenilnik: **zgrnit**
",spreganje,neosebne_oblike,train
1264,grmeti,Izpiši oblike po osebah in številu za Sedanjik glagola grmeti.,"Sedanjik glagola **grmeti**:

| Oseba | Ednina | Dvojina | Množina |
|---|---|---|---|
| 1. oseba | grmim | grmiva | grmimo |
| 2. oseba | grmiš | grmita | grmite |
| 3. oseba | grmi | grmita | grmijo |",spreganje,spreganje_v_casu,train
512387,priklepetati,Sestavi tabelo za Sedanjik glagola priklepetati.,"Sedanjik glagola **priklepetati**:

| Oseba | Ednina | Dvojina | Množina |
|---|---|---|---|
| 1. oseba | priklepetam | priklepetava | priklepetamo |
| 2. oseba | priklepetaš | priklepetata | priklepetate |
| 3. oseba | priklepeta | priklepetata | priklepetajo |",spreganje,spreganje_v_casu,train
96071,vetrič,Prikaži 12 pogostih kolokacij z besedo vetrič.,"Izpis 12 kolokacij za besedo **vetrič**:
1. rahel vetrič
2. lahen vetrič
3. topel vetrič
4. vetrič zapiha
5. hladen vetrič
6. vetrič piha
7. svež vetrič
8. prijeten vetrič
9. nežen vetrič
10. morski vetrič
11. poletni vetrič
12. blag vetrič",kolokacije,stevilsko_opredeljene_kolokacije,train
647566,večkot,Kateri besedni vrsti pripada beseda večkot?,Beseda **večkot** je samostalnik. Beseda je lastno ime in je moškega spola.,besedna_vrsta,osnovne_lastnosti,train
689238,kar,"Določi sklon in število besede kar v povedi 'Zgrabil ga je takšen občutek jeze in frustracije, da bi najraje vrgel ročko, ki je mirno stala na mizi, kar v steno.'.","V povedi *""Zgrabil ga je takšen občutek jeze in frustracije, da bi najraje vrgel ročko, ki je mirno stala na mizi, kar v steno.""* nastopa beseda **kar** kot pregibna oblika (MSD: Slzmo) besede *kar*.",primeri_uporabe,analiza_oblike_v_povedi,train
705730,plenkovićev,Navedi spol za samostalnik plenkovićev.,Samostalnik **plenkovićev** je moškega spola.,besedna_vrsta,spol_samostalnika,train
4621,pasti,Spregaj glagol pasti.,"Spreganje glagola **pasti**:

### Sedanjik
| Oseba | Ednina | Dvojina | Množina |
|---|---|---|---|
| 1. oseba | pasem | paseva | pasemo |
| 2. oseba | paseš | paseta | pasete |
| 3. oseba | pase | paseta | pasejo |

### Preteklik
| Oseba | Ednina | Dvojina | Množina |
|---|---|---|---|
| 1. oseba | sem pasel / sem pasla | sva pasla / sva pasli | smo pasli / smo pasle |
| 2. oseba | si pasel / si pasla | sta pasla / sta pasli | ste pasli / ste pasle |
| 3. oseba | je pasel / je pasla | sta pasla / sta pasli | so pasli / so pasle |",spreganje,celotno_spreganje,train
83349,primanjkovanje,Navedi 5 kolokativnih zvez za besedo primanjkovanje.,"Izpis 5 kolokacij za besedo **primanjkovanje**:
1. primanjkovanje denarja
2. primanjkovanje časa
3. primanjkovanje sredstev
4. primanjkovanje prostora
5. primanjkovanje zdravnikov",kolokacije,stevilsko_opredeljene_kolokacije,train
6258,predrveti,Izpiši Sedanjik glagola predrveti po osebah.,"Sedanjik glagola **predrveti**:

| Oseba | Ednina | Dvojina | Množina |
|---|---|---|---|
| 1. oseba | predrvim | predrviva | predrvimo |
| 2. oseba | predrviš | predrvita | predrvite |
| 3. oseba | predrvi | predrvita | predrvijo |",spreganje,spreganje_v_casu,train
512377,prijazniti,Kakšna sta nedoločnik in namenilnik glagola prijazniti?,"Neosebne in posebne oblike glagola **prijazniti**:
- Nedoločnik: **prijazniti**
- Namenilnik: **prijaznit**
",spreganje,neosebne_oblike,train
546600,košmrlj,V kakšni obliki je dajalnik ednine pri besedi košmrlj?,3. Dajalnik (dajalnik) ednine besede **košmrlj** se glasi: **košmrlju**.,sklanjanje,posamezen_sklon,train
527484,crepaldi,Prikaži sklanjatev besede crepaldi za množino.,"Sklanjatvene oblike besede **crepaldi** v množini:

| Sklon | Množina |
|---|---|
| 1. Imenovalnik | crepaldiji |
| 2. Rodilnik | crepaldijev |
| 3. Dajalnik | crepaldijem |
| 4. Tožilnik | crepaldije |
| 5. Mestnik | / |
| 6. Orodnik | s crepaldiji |",sklanjanje,sklanjatev_po_stevilu,train
46967,albatros,"Razloži, kaj označuje beseda albatros.","Beseda **albatros** ima naslednje pomene:
- Albatros je zelo velika, bela morska ptica.",pomen,razlaga_pomena,train
496823,blogersko,Izpiši stopnjevalni vzorec za besedo blogersko.,"Stopnjevanje besede **blogersko**:

| Stopnja | Oblika |
|---|---|
| 1. Osnovnik (Pozitiv) | blogersko |
| 2. Primernik (Komparativ) | blogersko |
| 3. Presežnik (Superlativ) | blogersko |",stopnjevanje,vse_stopnje,train
74739,odziv,Prikaži seznam pomenov za besedo odziv.,"Pomeni besede **odziv** so:
- Odziv je nenadna, močna reakcija proti težnji ali razvoju v družbi ali politiki.
- Odziv je reakcija na odnos, mnenje ali trditev, ki je bila že izražena.
- Pridobiti odziv drugih pomeni dobiti pripombe o nečem, kar smo storili ali naredili.
- Kadar nekaj mine brez odziva, tega nihče ne opazi, se ne odzove ali ničesar ne pripomni o tem.
- Vaš odziv na nekaj je tisto, kar čutite, rečete ali storite zaradi tega.
- Odziv je človekova sposobnost, da hitro ukrepa, ko se znajde v določenih okoliščinah ali ko zazna določene dražljaje, na primer ko se znajde v nevarnosti.
- Odziv je tisto, kar rečemo ali napišemo, ko odgovarjamo komu.
- Odziv na dogodek, dejanje ali trditev je tisto, kar storimo ali rečemo kot reakcijo ali odgovor nanj.",pomen,nastevanje_pomenov,train
512391,priklicovati,Sestavi tabelo za Sedanjik glagola priklicovati.,"Sedanjik glagola **priklicovati**:

| Oseba | Ednina | Dvojina | Množina |
|---|---|---|---|
| 1. oseba | priklicujem | priklicujeva | priklicujemo |
| 2. oseba | priklicuješ | priklicujeta | priklicujete |
| 3. oseba | priklicuje | priklicujeta | priklicujejo |",spreganje,spreganje_v_casu,train
37954,vroč,Naštej leksikalne pomene za besedo vroč.,"Pomeni besede **vroč** so:
- Kadar je nekaj vroče, ima visoko temperaturo.",pomen,nastevanje_pomenov,train
705407,piranes,Navedi lemo za besedno obliko piranesi.,Osnovna oblika (lema) besede **piranesi** je **piranes** (samostalnik).,sklanjanje,osnovna_oblika_leme,train
97216,vsiljivec,Podaj razlago pomena za besedo vsiljivec.,"Beseda **vsiljivec** ima naslednje pomene:
- Vsiljivec je oseba, ki nekam vstopi brez dovoljenja.",pomen,razlaga_pomena,train
83788,prodnik,Opiši pomen besede prodnik.,"Beseda **prodnik** ima naslednje pomene:
- Prodnik je gladek okrogel kamen.",pomen,razlaga_pomena,train
5239,poklati,Navedi soznačice za besedo poklati.,"Sopomenke besede **poklati** so:
- pobiti
- pomoriti
- zmasakrirati",sopomenke,navedi_sopomenke,train
567677,salladhor,Kako slovnično opredelimo besedo salladhor?,Beseda **salladhor** je samostalnik. Beseda je lastno ime in je moškega spola.,besedna_vrsta,osnovne_lastnosti,train
88973,sklenina,Kakšen je pomen besede sklenina?,"Beseda **sklenina** ima naslednje pomene:
- Sklenina je trda bela snov, ki tvori zunanjo plast zoba.",pomen,razlaga_pomena,train
663850,camargu,Izpiši 2. Rodilnik sklon množine besede camargu.,2. Rodilnik (rodilnik) množine besede **camargu** se glasi: **camargujev**.,sklanjanje,posamezen_sklon,test
1379,igrati,"Določi slovnične lastnosti besede igrala v stavku 'Naša ekipa se je odločila, da postavi nova igrala na otroškem igrišču.'.","V povedi *""Naša ekipa se je odločila, da postavi nova igrala na otroškem igrišču.""* nastopa beseda **igrala** kot pregibna oblika (MSD: Ggnd-ms) besede *igrati*.",primeri_uporabe,analiza_oblike_v_povedi,test
67039,letalonosilka,Navedi število pomenov za besedo letalonosilka.,"Beseda **letalonosilka** ima registrirana 1 pomen:
1. vrsta vojne ladje, ki služi kot plavajoča letalska baza",pomen,stevilka_pomenov,test
78233,planinka,Poišči pogoste kolokacije za besedo planinka.,"Tipične kolokacije z besedo **planinka**:
- planinka si poškoduje
- planinke in planinci
- planinka zdrsne
- planinci in planinke
- planinka se ponesreči
- najmlajša planinka
- prepeljati planinko
- poškodovana planinka
- planinka pade
- planinka se rani",kolokacije,navedi_kolokacije,test
65724,kripta,Prikaži uporabo besede kripta v dejanskih povedih.,"Primeri uporabe besede **kripta** v povedih:
- *Ogled zakristije, krstilnice in podzemne kripte je mogoč samo po vnaprejšnjem dogovoru, obiščemo pa lahko muzej v nadstropju zahodnega dela bazilike.*
- *Na tistem kraju stoji zelo stara cerkev, pod katero je ena redkih res dobrih romanskih kript.*
- *Kardinala Franja Kuharića so k zadnjemu počitku položili v kripto zagrebške katedrale.*
- *Najprej nas je smelo vstopiti v kripto samo pet članov delegacije, nato pa so se nam za komemoracijo pridružili še ostali.*
- *Posmrtni ostanki svetega Jakoba počivajo v kripti pod figuro apostola v oltarnem predelu katedrale.*",primeri_uporabe,povedi_z_besedo,test
737943,nyctereutes,Napiši obrazložitev pomena besede nyctereutes.,"Beseda **nyctereutes** ima naslednje pomene:
- rod se je najverjetne razvil iz drugih psov pred sedem do deset milijoni leti",pomen,razlaga_pomena,test
536431,gjorg,Kateri spol ima beseda gjorg?,Samostalnik **gjorg** je moškega spola.,besedna_vrsta,spol_samostalnika,test
35728,Tasičev,Izpiši tipične besedne zveze z besedo Tasičev.,"Tipične kolokacije z besedo **Tasičev**:
- Tasičeve besede
- Tasičevo imenovanje
- Tasičeva izjava
- Tasičevo mnenje
- Tasičeva zaposlitev
- Tasičev odstop
- Tasičeva aretacija
- Tasičeva zagovornica",kolokacije,navedi_kolokacije,test
574748,tomasi,Kako se sklanja beseda tomasi?,"Sklanjatvena tabela za samostalnik **tomasi**:

| Sklon | Ednina | Dvojina | Množina |
|---|---|---|---|
| 1. Imenovalnik | tomasi | tomasija | tomasiji |
| 2. Rodilnik | tomasija | tomasijev | tomasijev |
| 3. Dajalnik | tomasiju | tomasijema | tomasijem |
| 4. Tožilnik | tomasija | tomasija | tomasije |
| 5. Mestnik | pri tomasiju | pri tomasijih | pri tomasijih |
| 6. Orodnik | s tomasijem | / | s tomasiji |",sklanjanje,celotna_sklanjatev,test
53649,dob,Kako se beseda dob pojavlja v besedilnem kontekstu?,"Primeri uporabe besede **dob** v povedih:
- *Dobov gozd, ki se nahaja na območju Doba, je bogat z različnimi vrstami dreves in rastlin. Les, pridobljen iz tega gozda, je visokokakovosten in se uporablja v raz*
- *Dobov gozd, ki se nahaja v bližini naselja Dob, je znan po svoji bogati lesni zalogi. Ta gozd je bil že stoletja vir lesa za lokalno prebivalstvo in je igral ključno vlogo pri*",primeri_uporabe,povedi_z_besedo,test
711774,recca,Kakšne so slovnične lastnosti besede recca?,Beseda **recca** je samostalnik. Beseda je lastno ime in je ženskega spola.,besedna_vrsta,osnovne_lastnosti,test
517248,americo,Kaj po besedni vrsti pomeni americo?,Beseda **americo** je samostalnik. Beseda je lastno ime in je moškega spola.,besedna_vrsta,osnovne_lastnosti,test
726021,večka,Zapiši lemo (osnovno obliko) za besedo večk.,Osnovna oblika (lema) besede **večk** je **večka** (samostalnik).,sklanjanje,osnovna_oblika_leme,test
16176,dijaški,Navedi število pomenov za besedo dijaški.,"Beseda **dijaški** ima registrirana 1 pomen:
1. raba dijakih",pomen,stevilka_pomenov,test
67411,litraža,Izpiši tipične besedne zveze z besedo litraža.,"Tipične kolokacije z besedo **litraža**:
- privatna Litraža",kolokacije,navedi_kolokacije,test
35639,tajen,Kaj pomeni beseda tajen?,"Beseda **tajen** ima naslednje pomene:
- Kar je tajno, je skrito, pogosto prepovedano.
- Informacija, ki je tajna, je uradno zaupna.
- Kar je tajno, je znano le malo ljudem, ki tega ne povedo ali pokažejo nikomur drugemu.
- Dejanje, ki je tajno, je izvedeno na skrivaj.
- Dejavnosti, ki so tajne, se v državi, v kateri politična opozicija ni dovoljena, dogajajo na skrivaj in so uperjene proti vladi.",pomen,razlaga_pomena,train
3295,oblikovati,Sestavi spreganje glagola oblikovati po časih in osebah.,"Spreganje glagola **oblikovati**:

### Sedanjik
| Oseba | Ednina | Dvojina | Množina |
|---|---|---|---|
| 1. oseba | oblikujem | oblikujeva | oblikujemo |
| 2. oseba | oblikuješ | oblikujeta | oblikujete |
| 3. oseba | oblikuje | oblikujeta | oblikujejo |

### Preteklik
| Oseba | Ednina | Dvojina | Množina |
|---|---|---|---|
| 1. oseba | sem oblikoval / sem oblikovala | sva oblikovala / sva oblikovali | smo oblikovali / smo oblikovale |
| 2. oseba | si oblikoval / si oblikovala | sta oblikovala / sta oblikovali | ste oblikovali / ste oblikovale |
| 3. oseba | je oblikoval / je oblikovala | sta oblikovala / sta oblikovali | so oblikovali / so oblikovale |",spreganje,celotno_spreganje,train
1265,groziti,Opiši vid in vrsto glagola groziti.,Beseda **groziti** je nedovršni glagol.,besedna_vrsta,vrsta_in_vid_glagola,train
512518,prisijati,Prikaži spreganje v sedanjiku za glagol prisijati.,"Sedanjik glagola **prisijati**:

| Oseba | Ednina | Dvojina | Množina |
|---|---|---|---|
| 1. oseba | prisijam | prisijava | prisijamo |
| 2. oseba | prisijaš | prisijata | prisijate |
| 3. oseba | prisija | prisijata | prisijajo |",spreganje,spreganje_v_casu,train
515072,zaškrabljati,Kako se glasi Sedanjik glagola zaškrabljati?,"Sedanjik glagola **zaškrabljati**:

| Oseba | Ednina | Dvojina | Množina |
|---|---|---|---|
| 1. oseba | zaškrabljam | zaškrabljava | zaškrabljamo |
| 2. oseba | zaškrabljaš | zaškrabljata | zaškrabljate |
| 3. oseba | zaškrablja | zaškrabljata | zaškrabljajo |",spreganje,spreganje_v_casu,train
588871,bednjanič,Kako slovnično opredelimo besedo bednjanič?,Beseda **bednjanič** je samostalnik. Beseda je lastno ime in je moškega spola.,besedna_vrsta,osnovne_lastnosti,train
34196,Smerdujev,Prikaži številčni seznam 1 kolokacij besede Smerdujev.,"Izpis 1 kolokacij za besedo **Smerdujev**:
1. Smerdujeva ulica",kolokacije,stevilsko_opredeljene_kolokacije,train
8527,stilizirati,Izpiši velelnik ter nedoločnik glagola stilizirati.,"Neosebne in posebne oblike glagola **stilizirati**:
- Nedoločnik: **stilizirati**
- Namenilnik: **stilizirat**
",spreganje,neosebne_oblike,train
7574,razpečavati,Izpiši Sedanjik glagola razpečavati po osebah.,"Sedanjik glagola **razpečavati**:

| Oseba | Ednina | Dvojina | Množina |
|---|---|---|---|
| 1. oseba | razpečavam | razpečavava | razpečavamo |
| 2. oseba | razpečavaš | razpečavata | razpečavate |
| 3. oseba | razpečava | razpečavata | razpečavajo |",spreganje,spreganje_v_casu,train
524511,buffona,V kateri spol razvrstimo samostalnik buffona?,Samostalnik **buffona** je ženskega spola.,besedna_vrsta,spol_samostalnika,train
608336,hetherington,"Ali je samostalnik hetherington moškega, ženskega ali srednjega spola?",Samostalnik **hetherington** je moškega spola.,besedna_vrsta,spol_samostalnika,train
83675,privez,Navedi število in kratek opis pomenov besede privez.,"Beseda **privez** ima registrirana 1 pomen:
1. Privez je del kopna, kjer lahko privežemo barko.",pomen,stevilka_pomenov,train
512539,pristreliti,Kakšnega vida je glagol pristreliti?,Beseda **pristreliti** je dovršni glagol.,besedna_vrsta,vrsta_in_vid_glagola,train
485243,restrukturirati,Prikaži celotno spreganje glagola restrukturirati.,"Spreganje glagola **restrukturirati**:

### Sedanjik
| Oseba | Ednina | Dvojina | Množina |
|---|---|---|---|
| 1. oseba | restrukturiram | restrukturirava | restrukturiramo |
| 2. oseba | restrukturiraš | restrukturirata | restrukturirate |
| 3. oseba | restrukturira | restrukturirata | restrukturirajo |

### Preteklik
| Oseba | Ednina | Dvojina | Množina |
|---|---|---|---|
| 1. oseba | sem restrukturiral / sem restrukturiralo | sva restrukturirali / sva restrukturirala | smo restrukturirala / smo restrukturirale |
| 2. oseba | si restrukturiral / si restrukturiralo | sta restrukturirali / sta restrukturirala | ste restrukturirala / ste restrukturirale |
| 3. oseba | je restrukturiral / je restrukturiralo | sta restrukturirali / sta restrukturirala | so restrukturirala / so restrukturirale |",spreganje,celotno_spreganje,train
48720,basbariton,Katere so 1 tipične kolokacije z besedo basbariton?,"Izpis 1 kolokacij za besedo **basbariton**:
1. basbariton in orkester",kolokacije,stevilsko_opredeljene_kolokacije,train
79076,podporočnica,Izpiši množino besede podporočnica po sklonih.,"Sklanjatvene oblike besede **podporočnica** v množini:

| Sklon | Množina |
|---|---|
| 1. Imenovalnik | podporočnice |
| 2. Rodilnik | podporočnic |
| 3. Dajalnik | podporočnicam |
| 4. Tožilnik | podporočnice |
| 5. Mestnik | pri podporočnicah |
| 6. Orodnik | s podporočnicami |",sklanjanje,sklanjatev_po_stevilu,train
588203,ballin,Izpiši celotno sklanjatev za samostalnik ballin.,"Sklanjatvena tabela za samostalnik **ballin**:

| Sklon | Ednina | Dvojina | Množina |
|---|---|---|---|
| 1. Imenovalnik | ballin | ballina | ballini |
| 2. Rodilnik | ballina | ballinov | ballinov |
| 3. Dajalnik | ballinu | ballinoma | ballinom |
| 4. Tožilnik | / | ballina | balline |
| 5. Mestnik | pri ballinu | pri ballinih | pri ballinih |
| 6. Orodnik | z ballinom | z ballinoma | z ballini |",sklanjanje,celotna_sklanjatev,train
5910,potežkati,Sestavi tabelo za Sedanjik glagola potežkati.,"Sedanjik glagola **potežkati**:

| Oseba | Ednina | Dvojina | Množina |
|---|---|---|---|
| 1. oseba | potežkam | potežkava | potežkamo |
| 2. oseba | potežkaš | potežkata | potežkate |
| 3. oseba | potežka | potežkata | potežkajo |",spreganje,spreganje_v_casu,train
692913,lapina,Izpiši vse sklone in števila za besedo lapina.,"Sklanjatvena tabela za samostalnik **lapina**:

| Sklon | Ednina | Dvojina | Množina |
|---|---|---|---|
| 1. Imenovalnik | lapina | lapini | lapine |
| 2. Rodilnik | lapine | lapin | lapin |
| 3. Dajalnik | lapini | lapinama | lapinam |
| 4. Tožilnik | lapino | lapini | lapine |
| 5. Mestnik | pri lapini | pri lapinah | pri lapinah |
| 6. Orodnik | z lapino | z lapinama | z lapinami |",sklanjanje,celotna_sklanjatev,train
99717,zlohotnost,Navedi vse sklone besede zlohotnost.,"Sklanjatvena tabela za samostalnik **zlohotnost**:

| Sklon | Ednina | Dvojina | Množina |
|---|---|---|---|
| 1. Imenovalnik | zlohotnost | zlohotnosti | zlohotnosti |
| 2. Rodilnik | zlohotnosti | zlohotnosti | zlohotnosti |
| 3. Dajalnik | zlohotnosti | / | zlohotnostim |
| 4. Tožilnik | zlohotnost | zlohotnosti | zlohotnosti |
| 5. Mestnik | pri zlohotnosti | pri zlohotnostih | pri zlohotnostih |
| 6. Orodnik | z zlohotnostjo | z zlohotnostma | z zlohotnostmi |",sklanjanje,celotna_sklanjatev,train
693655,madol,Kateri slovnični spol ima beseda madol?,Samostalnik **madol** je moškega spola.,besedna_vrsta,spol_samostalnika,train
19511,informacijski,Navedi število pomenov za besedo informacijski.,"Beseda **informacijski** ima registrirana 1 pomen:
1. nanašajoč se na informacijo",pomen,stevilka_pomenov,train
724970,vinfast,Ali je beseda vinfast samostalnik ali druga besedna vrsta?,Beseda **vinfast** je samostalnik. Beseda je lastno ime in je moškega spola.,besedna_vrsta,osnovne_lastnosti,train
634308,remžgar,Izpiši 1. Imenovalnik sklon dvojine besede remžgar.,1. Imenovalnik (imenovalnik) dvojine besede **remžgar** se glasi: **remžgarja**.,sklanjanje,posamezen_sklon,train
517972,arbil,Kako se beseda arbil sklanja v množini?,"Sklanjatvene oblike besede **arbil** v množini:

| Sklon | Množina |
|---|---|
| 1. Imenovalnik | arbili |
| 2. Rodilnik | / |
| 3. Dajalnik | arbilom |
| 4. Tožilnik | arbile |
| 5. Mestnik | pri arbilih |
| 6. Orodnik | z arbili |",sklanjanje,sklanjatev_po_stevilu,train
97021,vreža,Zapiši 2 kolokativnih primerov za besedo vreža.,"Izpis 2 kolokacij za besedo **vreža**:
1. dolge vreže
2. stranske vreže",kolokacije,stevilsko_opredeljene_kolokacije,train
3105,navdihniti,Prikaži spreganje po osebah za glagol navdihniti.,"Spreganje glagola **navdihniti**:

### Sedanjik
| Oseba | Ednina | Dvojina | Množina |
|---|---|---|---|
| 1. oseba | navdihnem | navdihneva | navdihnemo |
| 2. oseba | navdihneš | navdihneta | navdihnete |
| 3. oseba | navdihne | navdihneta | navdihnejo |

### Preteklik
| Oseba | Ednina | Dvojina | Množina |
|---|---|---|---|
| 1. oseba | sem navdihnil / sem navdihnila | sva navdihnila / sva navdihnili | smo navdihnili / smo navdihnile |
| 2. oseba | si navdihnil / si navdihnila | sta navdihnila / sta navdihnili | ste navdihnili / ste navdihnile |
| 3. oseba | je navdihnil / je navdihnila | sta navdihnila / sta navdihnili | so navdihnili / so navdihnile |",spreganje,celotno_spreganje,train
716523,stace,Kakšna je osnovna oblika besede stacejev?,Osnovna oblika (lema) besede **stacejev** je **stace** (samostalnik).,sklanjanje,osnovna_oblika_leme,train
493449,pelazg,"Ali je samostalnik pelazg moškega, ženskega ali srednjega spola?",Samostalnik **pelazg** je moškega spola.,besedna_vrsta,spol_samostalnika,train
449958,poltekoč,Navedi vse stopnje za poltekoč.,"Stopnjevanje besede **poltekoč**:

| Stopnja | Oblika |
|---|---|
| 1. Osnovnik (Pozitiv) | poltekoči / poltekočima / poltekočih / poltekočega / poltekočim / poltekoče / poltekoča / poltekočo / poltekočem / poltekočemu / poltekočimi / poltekoč |
| 2. Primernik (Komparativ) | poltekoč |
| 3. Presežnik (Superlativ) | poltekoč |",stopnjevanje,vse_stopnje,train
94046,tresalo,Prikaži celotno sklanjatev za besedo tresalo.,"Sklanjatvena tabela za samostalnik **tresalo**:

| Sklon | Ednina | Dvojina | Množina |
|---|---|---|---|
| 1. Imenovalnik | tresalo | tresali | tresala |
| 2. Rodilnik | tresala | tresal | tresal |
| 3. Dajalnik | tresalu | tresaloma | tresalom |
| 4. Tožilnik | tresalo | tresali | tresala |
| 5. Mestnik | pri tresalu | pri tresalih | pri tresalih |
| 6. Orodnik | / | s tresaloma | s tresali |",sklanjanje,celotna_sklanjatev,train
65297,kovinarstvo,Kakšen je pomen besede kovinarstvo?,"Beseda **kovinarstvo** ima naslednje pomene:
- znanstvena veda in industrijska dejavnost, ki se ukvarja s pridobivanjem kovin iz rude ali sekundarnih surovin ter njihovo nadaljnjo predelavo (predelava v trdnem, oblikovanje v tekočem, oblikovanje iz prahov (metalurgija prahov ter spreminjanje lastnosti z 'metalurško obdelavo'
- Kovinarstvo je izdelovanje predmetov iz kovine.",pomen,razlaga_pomena,train
630814,practices,Kako slovnično opredelimo besedo practices?,Beseda **practices** je samostalnik. Beseda je lastno ime in je moškega spola.,besedna_vrsta,osnovne_lastnosti,train
712190,runjaka,Kateri slovnični spol ima beseda runjaka?,Samostalnik **runjaka** je ženskega spola.,besedna_vrsta,spol_samostalnika,train
3718,odpeti,Prikaži seznam sopomenk za besedo odpeti.,"Sopomenke besede **odpeti** so:
- odklopiti
- odvezati
- razvezati
- odpreti
- odviti
- razpreti
- odpasati si
- odžvrgoleti
- odgostoleti
- odžingati
- odkavljati
- odkočiti
- iztakniti iz luknje
- odstraniti
- razdreti
- odkleniti
- sneti
- odhaklati (pog.)
- razkvačiti (pog.)
- spustiti s povodca
- prekiniti
- pretrgati
- izklopiti
- ločiti",sopomenke,navedi_sopomenke,train
3720,odpevati,Izpiši oblike po osebah in številu za Sedanjik glagola odpevati.,"Sedanjik glagola **odpevati**:

| Oseba | Ednina | Dvojina | Množina |
|---|---|---|---|
| 1. oseba | odpevam | odpevava | odpevamo |
| 2. oseba | odpevaš | odpevata | odpevate |
| 3. oseba | odpeva | odpevata | odpevajo |",spreganje,spreganje_v_casu,train
8784,ubrisati,Prikaži oblike za Sedanjik glagola ubrisati.,"Sedanjik glagola **ubrisati**:

| Oseba | Ednina | Dvojina | Množina |
|---|---|---|---|
| 1. oseba | ubrisam | ubrisava | ubrisamo |
| 2. oseba | ubrisaš | ubrisata | ubrisate |
| 3. oseba | ubrisa | ubrisata | ubrisajo |",spreganje,spreganje_v_casu,train
59659,hortenzijevka,Sklanjaj besedo hortenzijevka samo v ednini.,"Sklanjatvene oblike besede **hortenzijevka** v ednini:

| Sklon | Ednina |
|---|---|
| 1. Imenovalnik | hortenzijevka |
| 2. Rodilnik | hortenzijevke |
| 3. Dajalnik | hortenzijevki |
| 4. Tožilnik | hortenzijevko |
| 5. Mestnik | pri hortenzijevki |
| 6. Orodnik | s hortenzijevko |",sklanjanje,sklanjatev_po_stevilu,train
551708,mamola,Izpiši vse sklone in števila za besedo mamola.,"Sklanjatvena tabela za samostalnik **mamola**:

| Sklon | Ednina | Dvojina | Množina |
|---|---|---|---|
| 1. Imenovalnik | mamola | mamoli / mamola | mamoli / mamole |
| 2. Rodilnik | mamola / mamole | mamolov / mamol | mamolov / mamol |
| 3. Dajalnik | mamolu / mamoli | mamoloma / mamolama | mamolom / mamolam |
| 4. Tožilnik | mamola / mamolo | mamola / mamoli | mamole |
| 5. Mestnik | pri mamolu / pri mamoli | pri mamolah / pri mamolih | pri mamolih / pri mamolah |
| 6. Orodnik | z mamolo / z mamolom | z mamolama / z mamoloma | z mamoli / z mamolami |",sklanjanje,celotna_sklanjatev,train
90984,srbečica,Navedi vse pomene besede srbečica.,"Pomeni besede **srbečica** so:
- Srbečica je neprijeten občutek na koži, zaradi katerega se želimo popraskati.",pomen,nastevanje_pomenov,train
515140,zdeliti,Ali je glagol zdeliti dovršni ali nedovršni?,Beseda **zdeliti** je dovršni glagol.,besedna_vrsta,vrsta_in_vid_glagola,train
39490,zvezdnat,Navedi primere uporabe besede zvezdnat v povedih.,"Primeri uporabe besede **zvezdnat** v povedih:
- *Tretjim prinaša veselje dobra knjiga, lepa glasba, umetniška slika ali pogled na zvezdnato nebo.*
- *Vrhunska modna kolekcija je bila na postavnih manekenkah in manekenih pod zvezdnatim nebom in valovito kuliso morja prava paša za oči.*
- *Dnevi se daljšajo, noči bodo vse svetlejše in prijetno bo ob večerih posedeti pod cvetočo hruško in se zazreti v jasno zvezdnato nebo.*
- *Zjutraj sem vstal pred drugimi, stopil na prag koče in na veliko veselje uzrl jasno zvezdnato nebo.*
- *Pristni istrski muzikanti so zagodli v zvezdnato noč in ostal je prijazen, topel občutek.*",primeri_uporabe,povedi_z_besedo,train
61781,jamar,Kako se beseda jamar pojavlja v besedilnem kontekstu?,"Primeri uporabe besede **jamar** v povedih:
- *Obisk obeh jam je mogoč le s spremstvom jamarjev.*",primeri_uporabe,povedi_z_besedo,train
2379,lomiti,Katere so vse osebe in oblike za Sedanjik glagola lomiti?,"Sedanjik glagola **lomiti**:

| Oseba | Ednina | Dvojina | Množina |
|---|---|---|---|
| 1. oseba | lomim | lomiva | lomimo |
| 2. oseba | lomiš | lomita | lomite |
| 3. oseba | lomi | lomita | lomijo |",spreganje,spreganje_v_casu,train
678225,gašparja,Katero obliko ima orodnik množine samostalnika gašparja?,6. Orodnik (orodnik) množine besede **gašparja** se glasi: **z gašparjami**.,sklanjanje,posamezen_sklon,train
1096,fabulirati,Poišči sopomenke za fabulirati.,"Sopomenke besede **fabulirati** so:
- pripovedovati",sopomenke,navedi_sopomenke,train
563753,pregara,Prikaži tabelo sklanjatve besede pregara v množini.,"Sklanjatvene oblike besede **pregara** v množini:

| Sklon | Množina |
|---|---|
| 1. Imenovalnik | pregare |
| 2. Rodilnik | pregar |
| 3. Dajalnik | pregaram |
| 4. Tožilnik | pregare |
| 5. Mestnik | pri pregarah |
| 6. Orodnik | s pregarami |",sklanjanje,sklanjatev_po_stevilu,train
9302,vročati,Kako se sprega glagol vročati?,"Spreganje glagola **vročati**:

### Sedanjik
| Oseba | Ednina | Dvojina | Množina |
|---|---|---|---|
| 1. oseba | vročam | vročava | vročamo |
| 2. oseba | vročaš | vročata | vročate |
| 3. oseba | vroča | vročata | vročajo |

### Preteklik
| Oseba | Ednina | Dvojina | Množina |
|---|---|---|---|
| 1. oseba | sem vročal / sem vročala | sva vročala / sva vročali | smo vročali / smo vročale |
| 2. oseba | si vročal / si vročala | sta vročala / sta vročali | ste vročali / ste vročale |
| 3. oseba | je vročal / je vročala | sta vročala / sta vročali | so vročali / so vročale |",spreganje,celotno_spreganje,train
733941,cistoplegija,Kateri slovnični spol ima beseda cistoplegija?,Samostalnik **cistoplegija** je ženskega spola.,besedna_vrsta,spol_samostalnika,train
668999,dobiacec,Navedi lemo za besedno obliko dobiaccu.,Osnovna oblika (lema) besede **dobiaccu** je **dobiacec** (samostalnik).,sklanjanje,osnovna_oblika_leme,train
658714,bandirm,Kateri je orodnik množine besede bandirm?,6. Orodnik (orodnik) množine besede **bandirm** se glasi: **z bandirmi**.,sklanjanje,posamezen_sklon,train
5705,posekati,Navedi število in kratek opis pomenov besede posekati.,"Beseda **posekati** ima registrirana 3 pomene:
1. Posekati drevo pomeni rezati skozi njegovo deblo s sekiro, dokler ne pade na tla.
2. Posekati drevo pomeni zasekati skozi deblo, da drevo pade na tla.
3. Posekati drevo pomeni odrezati ga, da pade.",pomen,stevilka_pomenov,train
2294,kvantizirati,Kako se po osebah sprega glagol kvantizirati v sedanjiku?,"Sedanjik glagola **kvantizirati**:

| Oseba | Ednina | Dvojina | Množina |
|---|---|---|---|
| 1. oseba | kvantiziram | kvantizirava | kvantiziramo |
| 2. oseba | kvantiziraš | kvantizirata | kvantizirate |
| 3. oseba | kvantizira | kvantizirata | kvantizirajo |",spreganje,spreganje_v_casu,train
51669,činčila,Razvrsti in naštej pomene besede činčila.,"Pomeni besede **činčila** so:
- v pomenu: glodalec
- v pomenu: krzno",pomen,nastevanje_pomenov,train
96495,vladanje,Sestavi seznam 10 kolokacij z besedo vladanje.,"Izpis 10 kolokacij za besedo **vladanje**:
1. leto vladanja
2. čas vladanja
3. način vladanja
4. dnevi vladanja
5. obdobje vladanja
6. sistem vladanja
7. obletnica vladanja
8. meseci vladanja
9. slog vladanja
10. Vladanje cesarja",kolokacije,stevilsko_opredeljene_kolokacije,train
507299,prevzemnikov,Kako slovnično opredelimo besedo prevzemnikov?,Beseda **prevzemnikov** je pridevnik.,besedna_vrsta,osnovne_lastnosti,train
88981,sklepanje,"Povej, kakšnega spola je beseda sklepanje.",Samostalnik **sklepanje** je srednjega spola.,besedna_vrsta,spol_samostalnika,train
7541,razminirati,Spregaj glagol razminirati v sedanjiku.,"Sedanjik glagola **razminirati**:

| Oseba | Ednina | Dvojina | Množina |
|---|---|---|---|
| 1. oseba | razminiram | razminirava | razminiramo |
| 2. oseba | razminiraš | razminirata | razminirate |
| 3. oseba | razminira | razminirata | razminirajo |",spreganje,spreganje_v_casu,train
46488,abotnost,Katere so najbolj znane kolokacije besede abotnost?,"Tipične kolokacije z besedo **abotnost**:
- podobne abotnosti",kolokacije,navedi_kolokacije,train
633844,rasen,Podaj razlago pomena za besedo rasen.,"Beseda **rasen** ima naslednje pomene:
- Izraz rasen se uporablja za stvari, ki se nanašajo na raso.",pomen,razlaga_pomena,train
54971,ebenovina,Prikaži primere rabe besede ebenovina.,"Primeri uporabe besede **ebenovina** v povedih:
- *Niso me prevzele samo oči, ampak tudi njeni dolgi lasje, ki so bili črni kot ebenovina.*",primeri_uporabe,povedi_z_besedo,train
10305,zgrinjati,Sestavi seznam 12 kolokacij z besedo zgrinjati.,"Izpis 12 kolokacij za besedo **zgrinjati**:
1. oblaki se zgrinjajo
2. množice se zgrinjajo
3. začeti zgrinjati se
4. tja se zgrinjati
5. trume se zgrinjajo
6. množično se zgrinjati
7. turisti se zgrinjajo
8. zgrinjati se v dneh
9. zgrinjati se na tisoče
10. zgrinjati se v času
11. zgrinjati se na trg
12. zgrinjati se na ulice",kolokacije,stevilsko_opredeljene_kolokacije,train
48791,bayern,Sestavi seznam 3 kolokacij z besedo bayern.,"Izpis 3 kolokacij za besedo **bayern**:
1. münchenski Bayern
2. Nogometaši Bayerna
3. zvezdnik Bayerna",kolokacije,stevilsko_opredeljene_kolokacije,train
680478,hoiland,Kako se beseda hoiland sklanja v ednini?,"Sklanjatvene oblike besede **hoiland** v ednini:

| Sklon | Ednina |
|---|---|
| 1. Imenovalnik | hoiland |
| 2. Rodilnik | hoilanda |
| 3. Dajalnik | hoilandu |
| 4. Tožilnik | hoilanda |
| 5. Mestnik | pri hoilandu |
| 6. Orodnik | s hoilandom |",sklanjanje,sklanjatev_po_stevilu,train
4721,planiti,Navedi spreganje glagola planiti v sedanjiku.,"Sedanjik glagola **planiti**:

| Oseba | Ednina | Dvojina | Množina |
|---|---|---|---|
| 1. oseba | planem | planeva | planemo |
| 2. oseba | planeš | planeta | planete |
| 3. oseba | plane | planeta | planejo |",spreganje,spreganje_v_casu,train
519597,avtentifikacija,Katera je lema besede avtentifikacijam?,Osnovna oblika (lema) besede **avtentifikacijam** je **avtentifikacija** (samostalnik).,sklanjanje,osnovna_oblika_leme,train
75565,opredelitev,Izpiši vse registrirane pomene besede opredelitev.,"Pomeni besede **opredelitev** so:
- Opredelitev je lastnost, da je nekaj jasno in določeno.",pomen,nastevanje_pomenov,train
34624,spletkarski,Katere so najbolj znane kolokacije besede spletkarski?,"Tipične kolokacije z besedo **spletkarski**:
- najbolj spletkarski
- Spletkarske ženske
- spletkarska mati
- spletkarski politiki
- spletkarska narava
- spletkarska sestra
- zelo spletkarski
- spletkarska žena
- spletkarska Amanda
- spletkarska zavist",kolokacije,navedi_kolokacije,train
38348,zagaten,Določi sklon in število za obliko zagatnih (lema zagaten).,"Oblika **zagatnih** pri besedi *zagaten* izraža:
- 3. Dajalnik (množine)",sklanjanje,analiza_oblike,train
39923,brezuspešno,Razvrsti in naštej pomene besede brezuspešno.,"Pomeni besede **brezuspešno** so:
- v pomenu: brez uspeha",pomen,nastevanje_pomenov,train
462282,country,Izpiši stopnjevalni vzorec za besedo country.,"Stopnjevanje besede **country**:

| Stopnja | Oblika |
|---|---|
| 1. Osnovnik (Pozitiv) | countryo / countryih / countryi / countryim / countrya / countryima / countryemu / countryimi / countryem / country / countryega / countrye |
| 2. Primernik (Komparativ) | country |
| 3. Presežnik (Superlativ) | country |",stopnjevanje,vse_stopnje,train
514460,veriti,Prikaži spreganje v sedanjiku za glagol veriti.,"Sedanjik glagola **veriti**:

| Oseba | Ednina | Dvojina | Množina |
|---|---|---|---|
| 1. oseba | verim | veriva | verimo |
| 2. oseba | veriš | verita | verite |
| 3. oseba | veri | verita | verijo |",spreganje,spreganje_v_casu,train
476314,multimedijsko,Stopnjuj besedo multimedijsko.,"Stopnjevanje besede **multimedijsko**:

| Stopnja | Oblika |
|---|---|
| 1. Osnovnik (Pozitiv) | multimedijsko |
| 2. Primernik (Komparativ) | multimedijsko |
| 3. Presežnik (Superlativ) | multimedijsko |",stopnjevanje,vse_stopnje,train
645204,turato,"Ali spada turato med samostalnike moškega, ženskega ali srednjega spola?",Samostalnik **turato** je moškega spola.,besedna_vrsta,spol_samostalnika,train
515825,zadužiti,Navedi spreganje glagola zadužiti v sedanjiku.,"Sedanjik glagola **zadužiti**:

| Oseba | Ednina | Dvojina | Množina |
|---|---|---|---|
| 1. oseba | zadužim | zaduživa | zadužimo |
| 2. oseba | zadužiš | zadužita | zadužite |
| 3. oseba | zaduži | zadužita | zadužijo |",spreganje,spreganje_v_casu,train
86624,rokerica,Katere so sopomenke besede rokerica?,"Sopomenke besede **rokerica** so:
- rock izvajalka",sopomenke,navedi_sopomenke,train
15855,deformiran,"Razloži oblikoslovno vlogo besede deformirane v stavku 'Pri doredčevanju odstranimo vse poškodovane, deformirane, rjaste in slabo razvite plodiče.'.","V povedi *""Pri doredčevanju odstranimo vse poškodovane, deformirane, rjaste in slabo razvite plodiče.""* nastopa beseda **deformirane** kot pregibna oblika (MSD: Pdnzer) besede *deformiran*.",primeri_uporabe,analiza_oblike_v_povedi,train
87551,sarkazem,Podaj razlago pomena za besedo sarkazem.,"Beseda **sarkazem** ima naslednje pomene:
- Sarkazem so izgovorjene ali zapisane besede, pogosto ironične, s katerimi se želimo na neprijeten način ponorčevati iz nekoga ali ga žaliti.",pomen,razlaga_pomena,train
68523,marko,Navedi primerne kolokacije za samostalnik/besedo marko.,"Tipične kolokacije z besedo **marko**:
- Sveti Marko
- Marko s fakultete
- režiser Marka
- režija Marka
- direktor Marku
- dirigent Marka
- guverner Marka
- sin Marka
- odhod Marka
- policija Marka",kolokacije,navedi_kolokacije,train
31519,prvoten,Izpiši primere iz korpusa za besedo prvoten.,"Primeri uporabe besede **prvoten** v povedih:
- *Odločil sem se, da ostanem pri svoji prvotni odločitvi.*
- *Prvotna ljudstva so bila skupina starodavnih skupnosti, ki so živela na Zemlji že pred razvojem sodobne civilizacije.*
- *Prvotna ljudstva so bila skupine ljudi, ki so živela na Zemlji pred razvojem sodobne civilizacije.*
- *Cilj je ohraniti prvotni naslov romana, saj je le-ta ključen del avtorjeve vizije in sporočila, ki ga želi prenesti na bralce.*
- *Prvotna ljudstva, ki so naseljevala naše ozemlje pred tisočletji, so imela bogato kulturo, tradicijo in način življenja.*",primeri_uporabe,povedi_z_besedo,train
512247,prešišati,Katere so neosebne ter posebne oblike glagola prešišati?,"Neosebne in posebne oblike glagola **prešišati**:
- Nedoločnik: **prešišati**
- Namenilnik: **prešišat**
",spreganje,neosebne_oblike,train
592614,bolšaja,Določi spol samostalnika bolšaja.,Samostalnik **bolšaja** je ženskega spola.,besedna_vrsta,spol_samostalnika,train
53376,dilema,Navedi primere uporabe besede dilema v povedih.,"Primeri uporabe besede **dilema** v povedih:
- *Statistike trga dela pa vsa prizadevanja vlade postavljajo pred veliko dilemo.*
- *Ko govorimo o krizi srednjih let in razlogih zanjo se postavljamo pred podobno dilemo, kot je tista: ali je bila prej kokoš ali jajce.*
- *Po uspešnem zagovoru diplome leta 1925 se je znašel pred veliko dilemo, kako naprej.*
- *Priznam, da sem bil pred veliko dilemo, ali naj naredim ta korak ali ne.*
- *Volitve so za nami, vendar prebujajoča se razprava o razvojnih dilemah še vedno ostaja izrazito ideološko kontaminirana.*",primeri_uporabe,povedi_z_besedo,train
641878,snoopa,Izpiši vse sklanjatvene oblike besede snoopa v ednini.,"Sklanjatvene oblike besede **snoopa** v ednini:

| Sklon | Ednina |
|---|---|
| 1. Imenovalnik | snoopa |
| 2. Rodilnik | / |
| 3. Dajalnik | snoopi |
| 4. Tožilnik | snoopo |
| 5. Mestnik | pri snoopi |
| 6. Orodnik | s snoopo |",sklanjanje,sklanjatev_po_stevilu,train
50893,čačka,Izpiši sklanjatveno tabelo samostalnika čačka.,"Sklanjatvena tabela za samostalnik **čačka**:

| Sklon | Ednina | Dvojina | Množina |
|---|---|---|---|
| 1. Imenovalnik | čačka | čački | čačke |
| 2. Rodilnik | čačke | čačk | čačk |
| 3. Dajalnik | čački | čačkama | / |
| 4. Tožilnik | čačko | čački | čačke |
| 5. Mestnik | pri čački | pri čačkah | pri čačkah |
| 6. Orodnik | s čačko | / | s čačkami |",sklanjanje,celotna_sklanjatev,train
6558,prenikati,Navedi število pomenov za besedo prenikati.,"Beseda **prenikati** ima registrirana 1 pomen:
1. Kadar svetloba ali zvok prenikata na nek kraj, komaj dosežeta tisti kraj.",pomen,stevilka_pomenov,test
94023,trening,Določi sklon in število besede treningu v povedi 'Po enem krogu na današnjem prvem treningu je odpovedal nadaljnje dirkanje.'.,"V povedi *""Po enem krogu na današnjem prvem treningu je odpovedal nadaljnje dirkanje.""* nastopa beseda **treningu** kot pregibna oblika (MSD: Somed) besede *trening*.",primeri_uporabe,analiza_oblike_v_povedi,test
33066,saniran,"Izpiši osnovnik, primernik in presežnik za saniran.","Stopnjevanje besede **saniran**:

| Stopnja | Oblika |
|---|---|
| 1. Osnovnik (Pozitiv) | saniran / sanirani / saniranega / saniranemu / saniranem / saniranim / sanirana / saniranih / saniranima / sanirane / saniranimi / sanirano |
| 2. Primernik (Komparativ) | saniran |
| 3. Presežnik (Superlativ) | saniran |",stopnjevanje,vse_stopnje,test
68755,matriarhalnost,Določi spol samostalnika matriarhalnost.,Samostalnik **matriarhalnost** je ženskega spola.,besedna_vrsta,spol_samostalnika,test
62935,kapitaliziranje,Kateri spol ima beseda kapitaliziranje?,Samostalnik **kapitaliziranje** je srednjega spola.,besedna_vrsta,spol_samostalnika,test
1777,izraziti,Spregaj glagol izraziti v sedanjiku.,"Sedanjik glagola **izraziti**:

| Oseba | Ednina | Dvojina | Množina |
|---|---|---|---|
| 1. oseba | izrazim | izraziva | izrazimo |
| 2. oseba | izraziš | izrazita | izrazite |
| 3. oseba | izrazi | izrazita | izrazijo |",spreganje,spreganje_v_casu,test
1264,grmeti,"Kakšna je slovnična oblika besede grmelo v povedi: 'V sredo bo oblačno in deževno, ob morju bo tudi grmelo.'?","V povedi *""V sredo bo oblačno in deževno, ob morju bo tudi grmelo.""* nastopa beseda **grmelo** kot pregibna oblika (MSD: Ggnd-es) besede *grmeti*.",primeri_uporabe,analiza_oblike_v_povedi,test
23829,metodističen,S katerimi besedami se najpogosteje povezuje beseda metodističen?,"Tipične kolokacije z besedo **metodističen**:
- metodistična cerkev
- metodistični duhovnik
- metodistična bolnišnica
- metodistična univerza
- metodistični pridigar
- Metodistično bogoslužje
- metodistični pastor
- metodistična vera
- metodistična družina",kolokacije,navedi_kolokacije,test
553,brzeti,Prikaži oblike za Sedanjik glagola brzeti.,"Sedanjik glagola **brzeti**:

| Oseba | Ednina | Dvojina | Množina |
|---|---|---|---|
| 1. oseba | brzim | brziva | brzimo |
| 2. oseba | brziš | brzita | brzite |
| 3. oseba | brzi | brzita | brzijo |",spreganje,spreganje_v_casu,test
698825,mathiasa,Kako se beseda mathiasa sklanja v ednini?,"Sklanjatvene oblike besede **mathiasa** v ednini:

| Sklon | Ednina |
|---|---|
| 1. Imenovalnik | mathiasa |
| 2. Rodilnik | mathiase |
| 3. Dajalnik | mathiasi |
| 4. Tožilnik | mathiaso |
| 5. Mestnik | pri mathiasi |
| 6. Orodnik | z mathiaso |",sklanjanje,sklanjatev_po_stevilu,test
49753,bogdan,Kateri je rodilnik ednine besede bogdan?,2. Rodilnik (rodilnik) ednine besede **bogdan** se glasi: **bogdana / bogdana**.,sklanjanje,posamezen_sklon,test
72514,neposlušnost,Poišči in naštej pomene leme neposlušnost.,"Pomeni besede **neposlušnost** so:
- Neposlušnost je namerno neizpolnjevanje tistega, kar nam ukaže človek, ki ima oblast.",pomen,nastevanje_pomenov,test
511143,ocejati,Določi glagolski vid za besedo ocejati.,Beseda **ocejati** je dovršni glagol.,besedna_vrsta,vrsta_in_vid_glagola,test
55425,embalaža,Določi slovnične lastnosti besede embalaže v stavku 'Ločeno zbiranje odpadne plastične embalaže pomeni veliko okoljsko korist.'.,"V povedi *""Ločeno zbiranje odpadne plastične embalaže pomeni veliko okoljsko korist.""* nastopa beseda **embalaže** kot pregibna oblika (MSD: Sozmi) besede *embalaža*.",primeri_uporabe,analiza_oblike_v_povedi,test
535489,ganesha,Navedi različne pomene besede ganesha.,"Pomeni besede **ganesha** so:
- v hinduizmu bog uspeha in modrosti",pomen,nastevanje_pomenov,test
100618,oziroma,Napiši obrazložitev pomena besede oziroma.,"Beseda **oziroma** ima naslednje pomene:
- za vezanje (dveh) stavkov ali stavčnih členov, ki sta vsebinsko porazdeljena na dve prej omenjeni osebi, stvari ali skupini oseb, stvari
- za popravek ali dopolnitev prej povedanega
- ali 1 a, b
- Z besedo oziroma uvedemo pripombo, s katero popravljamo ali dopolnjujemo tisto, kar smo pravkar rekli.
- Oziroma pomeni v enakem zaporedju, v kakršnem smo dve ali več enot pravkar našteli.",pomen,razlaga_pomena,train
717726,suwalki,Navedi imenovalniško obliko besede suwalkija.,Osnovna oblika (lema) besede **suwalkija** je **suwalki** (samostalnik).,sklanjanje,osnovna_oblika_leme,train
543543,julajev,Katero obliko ima imenovalnik ednine samostalnika julajev?,1. Imenovalnik (imenovalnik) ednine besede **julajev** se glasi: **julajev**.,sklanjanje,posamezen_sklon,train
80190,ponatis,Katere pomene ima beseda ponatis?,"Pomeni besede **ponatis** so:
- Ponatis je izvod spet natisnjene knjige.",pomen,nastevanje_pomenov,train
76113,osvajalec,Poišči sopomenke za osvajalec.,"Sopomenke besede **osvajalec** so:
- napadalec
- zmagovalec
- konkvistador
- španski zavojevalec
- zavojevalec
- okupator
- donhuan
- donjuan
- ženskar
- plejboj
- zapeljevalec",sopomenke,navedi_sopomenke,train
593573,carloti,Prikaži tabelo sklanjatve besede carloti v ednini.,"Sklanjatvene oblike besede **carloti** v ednini:

| Sklon | Ednina |
|---|---|
| 1. Imenovalnik | carloti |
| 2. Rodilnik | carlotija |
| 3. Dajalnik | carlotiju |
| 4. Tožilnik | carlotija |
| 5. Mestnik | pri carlotiju |
| 6. Orodnik | s carlotijem |",sklanjanje,sklanjatev_po_stevilu,train
494432,neprejem,Kakšne so slovnične lastnosti besede neprejem?,Beseda **neprejem** je samostalnik. Beseda je občno ime in je moškega spola.,besedna_vrsta,osnovne_lastnosti,train
639746,sporazumevalnik,Kakšna je osnovna oblika besede sporazumevalnika?,Osnovna oblika (lema) besede **sporazumevalnika** je **sporazumevalnik** (samostalnik).,sklanjanje,osnovna_oblika_leme,train
5777,posmehljati,Katere so vse osebe in oblike za Sedanjik glagola posmehljati?,"Sedanjik glagola **posmehljati**:

| Oseba | Ednina | Dvojina | Množina |
|---|---|---|---|
| 1. oseba | posmehljam | posmehljava | posmehljamo |
| 2. oseba | posmehljaš | posmehljata | posmehljate |
| 3. oseba | posmehlja | posmehljata | posmehljajo |",spreganje,spreganje_v_casu,train
563174,publisher,Navedi lemo za besedno obliko publisherju.,Osnovna oblika (lema) besede **publisherju** je **publisher** (samostalnik).,sklanjanje,osnovna_oblika_leme,train
66071,krvoskrunstvo,Določi sklon in število besede krvoskrunstvu v povedi 'Pri krvoskrunstvu gre za spolno občevanje med polnoletno osebo in mladoletnim krvnim sorodnikom ali mladoletnim bratom oziroma sestro.'.,"V povedi *""Pri krvoskrunstvu gre za spolno občevanje med polnoletno osebo in mladoletnim krvnim sorodnikom ali mladoletnim bratom oziroma sestro.""* nastopa beseda **krvoskrunstvu** kot pregibna oblika (MSD: Sosem) besede *krvoskrunstvo*.",primeri_uporabe,analiza_oblike_v_povedi,train
657938,antalja,Kako glasi celotna sklanjatev besede antalja?,"Sklanjatvena tabela za samostalnik **antalja**:

| Sklon | Ednina | Dvojina | Množina |
|---|---|---|---|
| 1. Imenovalnik | antalja | antalji | antalje |
| 2. Rodilnik | antalje | antaelj | antaelj |
| 3. Dajalnik | antalji | antaljama | antaljam |
| 4. Tožilnik | antaljo | antalji | antalje |
| 5. Mestnik | pri antalji | pri antaljah | pri antaljah |
| 6. Orodnik | z antaljo | z antaljama | z antaljami |",sklanjanje,celotna_sklanjatev,train
62348,jože,Kako se sklanja beseda jože?,"Sklanjatvena tabela za samostalnik **jože**:

| Sklon | Ednina | Dvojina | Množina |
|---|---|---|---|
| 1. Imenovalnik | jože | jožeta | jožeti |
| 2. Rodilnik | jožeta | jožetov | jožetov |
| 3. Dajalnik | jožetu | jožetoma | jožetom |
| 4. Tožilnik | jožeta | jožeta | jožete |
| 5. Mestnik | pri jožetu | pri jožetih | pri jožetih |
| 6. Orodnik | z jožetom | z jožetoma | z jožeti |",sklanjanje,celotna_sklanjatev,train
31134,prismojen,Kateri so pomeni besede prismojen?,"Pomeni besede **prismojen** so:
- Prismojen pomeni zabit in neobčutljiv.
- Kdor je prismojen, je malo nor.
- Kdor je prismojen, je nor ali neumen.
- Kadar je nekaj prismojeno, je rahlo ožgano ali poškodovano zaradi vročine.",pomen,nastevanje_pomenov,train
70411,mostnina,Razloži pomen besede mostnina.,"Beseda **mostnina** ima naslednje pomene:
- Mostnina je znesek, ki ga moramo plačati, da smemo uporabiti cesto ali most.",pomen,razlaga_pomena,train
7624,razprostraniti,Ali je glagol razprostraniti dovršni ali nedovršni?,Beseda **razprostraniti** je dovršni glagol.,besedna_vrsta,vrsta_in_vid_glagola,train
719523,tacinger,Prikaži tabelo sklanjatve besede tacinger v dvojini.,"Sklanjatvene oblike besede **tacinger** v dvojini:

| Sklon | Dvojina |
|---|---|
| 1. Imenovalnik | tacingerja |
| 2. Rodilnik | tacingerjev |
| 3. Dajalnik | tacingerjema |
| 4. Tožilnik | tacingerja |
| 5. Mestnik | pri tacingerjih |
| 6. Orodnik | s tacingerjema |",sklanjanje,sklanjatev_po_stevilu,train
36166,topolov,Prikaži primere rabe besede topolov.,"Primeri uporabe besede **topolov** v povedih:
- *Vsa rebra za trup so izrezana iz topolove vezane plošče debeline 3 mm, z izjemo nosilca za motor in podvozja, ki sta iz letalske vezane plošče 3 mm.*",primeri_uporabe,povedi_z_besedo,train
592207,beda,Katere pomene ima beseda beda?,"Pomeni besede **beda** so:
- Beda je dogodek, ki povzroči veliko škodo ali žalost.
- Beda je stanje revnosti in umazanosti.
- Beda je pusta praznina nekega kraja.
- Bedne pogoje ali okolje lahko imenujemo beda.",pomen,nastevanje_pomenov,train
78283,plastnica,Prikaži pregled sklanjatvenih oblik besede plastnica.,"Sklanjatvena tabela za samostalnik **plastnica**:

| Sklon | Ednina | Dvojina | Množina |
|---|---|---|---|
| 1. Imenovalnik | plastnica | plastnici | plastnice |
| 2. Rodilnik | plastnice | plastnic | plastnic |
| 3. Dajalnik | plastnici | plastnicama | plastnicam |
| 4. Tožilnik | plastnico | plastnici | plastnice |
| 5. Mestnik | pri plastnici | pri plastnicah | pri plastnicah |
| 6. Orodnik | / | s plastnicama | s plastnicami |",sklanjanje,celotna_sklanjatev,train
675857,generon,V kateri spol razvrstimo samostalnik generon?,Samostalnik **generon** je moškega spola.,besedna_vrsta,spol_samostalnika,train
581111,ziege,Izpiši dvojino besede ziege po sklonih.,"Sklanjatvene oblike besede **ziege** v dvojini:

| Sklon | Dvojina |
|---|---|
| 1. Imenovalnik | ziegeja |
| 2. Rodilnik | ziegejev |
| 3. Dajalnik | ziegejema |
| 4. Tožilnik | ziegeja |
| 5. Mestnik | / |
| 6. Orodnik | z ziegejema |",sklanjanje,sklanjatev_po_stevilu,train
686622,keïta,Kako zapišemo dajalnik ednine besede keïta?,3. Dajalnik (dajalnik) ednine besede **keïta** se glasi: **keïtu / keïti**.,sklanjanje,posamezen_sklon,train
93055,teorija,"Razloži oblikoslovno vlogo besede teorijo v stavku 'Potrebno je izpopolniti in razviti teorijo, da bi lahko bolje razumeli in pojasnili določeno pojavljanje ali koncept.'.","V povedi *""Potrebno je izpopolniti in razviti teorijo, da bi lahko bolje razumeli in pojasnili določeno pojavljanje ali koncept.""* nastopa beseda **teorijo** kot pregibna oblika (MSD: Sozeo) besede *teorija*.",primeri_uporabe,analiza_oblike_v_povedi,train
46367,zmogljivostno,Izpiši 3 kolokacij besede zmogljivostno.,"Izpis 3 kolokacij za besedo **zmogljivostno**:
1. zmogljivostno gledano
2. zmogljivostno podoben
3. zmogljivostno omejen",kolokacije,stevilsko_opredeljene_kolokacije,train
712502,salafranca,Katero sklanjatveno obliko predstavlja beseda salafrancama pri lemi salafranca?,"Oblika **salafrancama** pri besedi *salafranca* izraža:
- 6. Orodnik (dvojine)",sklanjanje,analiza_oblike,train
67703,loščilec,Katere slovnične lastnosti nosi oblika loščilcih besede loščilec?,"Oblika **loščilcih** pri besedi *loščilec* izraža:
- 5. Mestnik (množine)",sklanjanje,analiza_oblike,train
78318,plavina,V kateri lemi se nahaja oblika plavino?,Osnovna oblika (lema) besede **plavino** je **plavina** (samostalnik).,sklanjanje,osnovna_oblika_leme,train
584686,ajinca,Izpiši sklanjatveno tabelo samostalnika ajinca.,"Sklanjatvena tabela za samostalnik **ajinca**:

| Sklon | Ednina | Dvojina | Množina |
|---|---|---|---|
| 1. Imenovalnik | ajinca | ajinca / ajinci | ajinci |
| 2. Rodilnik | ajinca | ajincov / ajinc | ajincov / ajinc |
| 3. Dajalnik | ajincu | ajincoma / ajincama | ajincom / ajincam |
| 4. Tožilnik | ajinca | ajinca / ajinci | ajince |
| 5. Mestnik | pri ajinci / pri ajincu | pri ajincah / pri ajincih | pri ajincih / pri ajincah |
| 6. Orodnik | z ajinco | z ajincoma / z ajincama | z ajinci / z ajincami |",sklanjanje,celotna_sklanjatev,train
57013,fuzija,Razvrsti in naštej pomene besede fuzija.,"Pomeni besede **fuzija** so:
- zlivanje vodikovih in drugih zelo lahkih atomskih jeder v težja jedra
- Postopek, v katerem se atomski delci združijo in se sprosti jedrska energija, imenujemo fuzija.",pomen,nastevanje_pomenov,train
100407,zvezdoslovje,Koliko pomenov ima beseda zvezdoslovje?,"Beseda **zvezdoslovje** ima registrirana 2 pomene:
1. znanstvena veda, ki se ukvarja z opazovanjem in razlago zunajzemeljskih pojavov v Vesolju
2. Zvezdoslovje je znanstveno preučevanje zvezd, planetov in naravnih pojavov v vesolju.",pomen,stevilka_pomenov,train
495143,natikljiv,Navedi imenovalniško obliko besede natikljivima.,Osnovna oblika (lema) besede **natikljivima** je **natikljiv** (pridevnik).,sklanjanje,osnovna_oblika_leme,train
662577,balada,"Razloži, kaj označuje beseda balada.","Beseda **balada** ima naslednje pomene:
- Balada je dolga pripovedna pesem.",pomen,razlaga_pomena,train
92954,teleprinter,Katero slovnično funkcijo ima teleprinterjih v sklanjatvenem vzorcu teleprinter?,"Oblika **teleprinterjih** pri besedi *teleprinter* izraža:
- 5. Mestnik (množine)",sklanjanje,analiza_oblike,train
15359,Chanelov,Navedi primernik in presežnik za pridevnik/prislov Chanelov.,"Stopnjevanje besede **Chanelov**:

| Stopnja | Oblika |
|---|---|
| 1. Osnovnik (Pozitiv) | Chanelov / Chanelovega / Chanelovemu / Chanelovem / Chanelovim / Chanelova / Chanelovih / Chanelovima / Chanelovi / Chanelove / Chanelovimi / Chanelovo |
| 2. Primernik (Komparativ) | Chanelov |
| 3. Presežnik (Superlativ) | Chanelov |",stopnjevanje,vse_stopnje,train
5060,podzidati,Prikaži oblike za Sedanjik glagola podzidati.,"Sedanjik glagola **podzidati**:

| Oseba | Ednina | Dvojina | Množina |
|---|---|---|---|
| 1. oseba | podzidam | podzidava | podzidamo |
| 2. oseba | podzidaš | podzidata | podzidate |
| 3. oseba | podzida | podzidata | podzidajo |",spreganje,spreganje_v_casu,train
13159,akrobatski,Prikaži primere rabe besede akrobatski.,"Primeri uporabe besede **akrobatski** v povedih:
- *Igralci v zboru so morali poleg govora, petja in plesa obvladati tudi akrobatske spretnosti in obrazno mimiko.*
- *Kot je povedala Mira Došenovič iz Cankarjevega doma, bo osem plesalcev na kotalkah in rolerjih izvajalo plesne, akrobatske in žonglerske vragolije ob spremljavi popularne glasbe, nekaj pa bo tudi hiphop vložkov.*
- *Na najsevernejšem letališču v državi, kjer je teden dni merilo akrobatske spretnosti 39 pilotov iz 11 držav, je bila najboljša edina tekmovalka, Rusinja Ala Čekalova.*
- *Ponekaj urnem ogledu vas v parku pred muzejem pričakajo voladoresi, letalci, ki izvajajo nekakšen akrobatski ples, star totonaški obred, namenjen bogovom plodnosti, zlasti bogu dežja.*
- *Akrobatske prvine so bistvo obeh deskarskih disciplin.*",primeri_uporabe,povedi_z_besedo,train
47033,algoritem,Navedi različne pomene besede algoritem.,"Pomeni besede **algoritem** so:
- navodilo, s katerim rešujemo določen problem",pomen,nastevanje_pomenov,train
38258,zabit,Katere so najbolj znane kolokacije besede zabit?,"Tipične kolokacije z besedo **zabit**:
- žebljiči so zabiti
- zabit z deskami
- tako zabit
- zabit v zemljo
- okna so zabita
- žebelj je zabit
- zabit v tla
- bolj zabit
- najbolj zabit
- zabit žebelj",kolokacije,navedi_kolokacije,train
81670,praznota,Katere besede imajo podoben pomen kot praznota?,"Sopomenke besede **praznota** so:
- praznina
- luknja
- odprtina
- vakuum
- vrzel
- praznost",sopomenke,navedi_sopomenke,train
95310,utemeljenost,S katerimi besedami lahko nadomestimo besedo utemeljenost?,"Sopomenke besede **utemeljenost** so:
- tehtnost
- umestnost
- upravičenost
- legitimnost
- osnovanost",sopomenke,navedi_sopomenke,train
73824,oblika,Prikaži uporabo besede oblika v dejanskih povedih.,"Primeri uporabe besede **oblika** v povedih:
- *Okvirji zagotavljajo šabloni stabilno obliko.*
- *Vzdolž bokov potekajo svetlejše proge, hrbtna plavut je belo pikasta, pike so ovalne oblike.*
- *Morfologija: Telo je sploščeno, diskaste oblike.*
- *To drevesce je trdno ogrodje, ki ga s procesom, imenovanim ""zunanja sekrecija"", tvorijo majhni polipi, nekakšne vetrnice, od katerih ima vsaka osem lovk, razvrščenih v obliki cveta.*
- *Sodobna krpanka se je osvobodila nekdanjih togih oblikovalskih pravil, ki so temeljila na povezovanju pravokotniških oblik in umirjenih enobarvnih ter vzorčastih ostankov blaga.*",primeri_uporabe,povedi_z_besedo,train
534343,forgotten,Kako se glasi orodnik dvojine besede forgotten?,6. Orodnik (orodnik) dvojine besede **forgotten** se glasi: **s forgottenoma**.,sklanjanje,posamezen_sklon,train
693911,makalele,Izpiši obliko: tožilnik množine za makalele.,4. Tožilnik (tožilnik) množine besede **makalele** se glasi: **makaleleje**.,sklanjanje,posamezen_sklon,train
5436,pomokriti,Prikaži pregled spreganja za glagol pomokriti.,"Spreganje glagola **pomokriti**:

### Sedanjik
| Oseba | Ednina | Dvojina | Množina |
|---|---|---|---|
| 1. oseba | pomokrim | pomokriva | pomokrimo |
| 2. oseba | pomokriš | pomokrita | pomokrite |
| 3. oseba | pomokri | pomokrita | pomokrijo |

### Preteklik
| Oseba | Ednina | Dvojina | Množina |
|---|---|---|---|
| 1. oseba | sem pomokril / sem pomokrila | sva pomokrila / sva pomokrili | smo pomokrili / smo pomokrile |
| 2. oseba | si pomokril / si pomokrila | sta pomokrila / sta pomokrili | ste pomokrili / ste pomokrile |
| 3. oseba | je pomokril / je pomokrila | sta pomokrila / sta pomokrili | so pomokrili / so pomokrile |",spreganje,celotno_spreganje,train
1442,invertirati,Ali je glagol invertirati dovršni ali nedovršni?,Beseda **invertirati** je dvovidski glagol.,besedna_vrsta,vrsta_in_vid_glagola,train
76450,pacifistka,Kaj po besedni vrsti pomeni pacifistka?,Beseda **pacifistka** je samostalnik. Beseda je občno ime in je ženskega spola.,besedna_vrsta,osnovne_lastnosti,train
503456,dvakilometrski,Katere slovnične lastnosti nosi oblika dvakilometrsko besede dvakilometrski?,"Oblika **dvakilometrsko** pri besedi *dvakilometrski* izraža:
- pregibna oblika",sklanjanje,analiza_oblike,train
1597,izkoriščati,Naštej pomene besede izkoriščati.,"Pomeni besede **izkoriščati** so:
- Kadar nekdo izkorišča nekoga drugega, po krivici izrablja njegovo delo ali zamisli in mu za to daje malo v zameno.
- Izkoriščati nekaj, na primer surovino ali zamisel, pomeni razviti to, da bi s tem zaslužili.
- Kadar človek izkorišča položaj ali kraj, sebično pridobi čim več koristi ali dobička iz njega.
- Izkoriščati pomeni uporabljati določen vir.",pomen,nastevanje_pomenov,train
72579,nepremišljenost,Sestavi seznam 5 kolokacij z besedo nepremišljenost.,"Izpis 5 kolokacij za besedo **nepremišljenost**:
1. mladostna nepremišljenost
2. posledice nepremišljenosti
3. trenutek nepremišljenosti
4. nepremišljenost stane
5. lastna nepremišljenost",kolokacije,stevilsko_opredeljene_kolokacije,train
520784,beg,Kakšen je pomen besede beg?,"Beseda **beg** ima naslednje pomene:
- Beg je pobeg z določenega kraja ali iz določenih okoliščin.
- Beg je način izogibanja težavam ali odgovornostim.
- Beg vsebuje misli ali dejavnosti, povezane s prijetnimi idejami, ne pa z dolgočasnimi vidiki življenja.
- Beg je namensko izmikanje temu, da bi storili tisto, kar bi morali.
- Beg je bežanje pred nevarnim ali neprijetnim položajem.
- Kdor je na begu, poskuša pobegniti ali se skriti, na primer pred policijo ali sovražnikom.",pomen,razlaga_pomena,train
720968,tiziane,Kako se sklanja beseda tiziane?,"Sklanjatvena tabela za samostalnik **tiziane**:

| Sklon | Ednina | Dvojina | Množina |
|---|---|---|---|
| 1. Imenovalnik | tiziane | tizianeja | tizianeji |
| 2. Rodilnik | tizianeja | tizianejev | tizianejev |
| 3. Dajalnik | / | / | tizianejem |
| 4. Tožilnik | tizianeja | tizianeja | tizianeje |
| 5. Mestnik | pri tizianeju | pri tizianejih | pri tizianejih |
| 6. Orodnik | s tizianejem | s tizianejema | s tizianeji |",sklanjanje,celotna_sklanjatev,train
76471,padanje,Navedi primerne kolokacije za samostalnik/besedo padanje.,"Tipične kolokacije z besedo **padanje**:
- padanje cen
- padanje tečajev
- padanje vrednosti
- trend padanja
- nadaljnje padanje
- padanje se nadaljuje
- padanje števila
- padanje se ustavi
- ustaviti padanje
- padanje podpore",kolokacije,navedi_kolokacije,train
510946,nasprejati,"Ali je nasprejati dovršni, nedovršni ali dvovidski glagol?",Beseda **nasprejati** je dovršni glagol.,besedna_vrsta,vrsta_in_vid_glagola,train
588069,bajusz,Kako glasi celotna sklanjatev besede bajusz?,"Sklanjatvena tabela za samostalnik **bajusz**:

| Sklon | Ednina | Dvojina | Množina |
|---|---|---|---|
| 1. Imenovalnik | bajusz | bajusza | bajuszi |
| 2. Rodilnik | bajusza | bajuszov | bajuszov |
| 3. Dajalnik | bajuszu | bajuszoma | bajuszom |
| 4. Tožilnik | bajusza | bajusza | bajusze |
| 5. Mestnik | pri bajuszu | pri bajuszih | pri bajuszih |
| 6. Orodnik | z bajuszom | z bajuszoma | z bajuszi |",sklanjanje,celotna_sklanjatev,train
589098,benavente,Kako se sklanja beseda benavente?,"Sklanjatvena tabela za samostalnik **benavente**:

| Sklon | Ednina | Dvojina | Množina |
|---|---|---|---|
| 1. Imenovalnik | benavente | benaventeja | benaventeji |
| 2. Rodilnik | benaventeja | / | benaventejev |
| 3. Dajalnik | benaventeju | benaventejema | benaventejem |
| 4. Tožilnik | benaventeja | benaventeja | benaventeje |
| 5. Mestnik | pri benaventeju | pri benaventejih | pri benaventejih |
| 6. Orodnik | z benaventejem | z benaventejema | z benaventeji |",sklanjanje,celotna_sklanjatev,train
549962,ljung,Sklanjaj besedo ljung samo v dvojini.,"Sklanjatvene oblike besede **ljung** v dvojini:

| Sklon | Dvojina |
|---|---|
| 1. Imenovalnik | ljunga |
| 2. Rodilnik | ljungov |
| 3. Dajalnik | ljungoma |
| 4. Tožilnik | ljunga |
| 5. Mestnik | pri ljungih |
| 6. Orodnik | z ljungoma |",sklanjanje,sklanjatev_po_stevilu,train
515325,zacincati,Prikaži spreganje v sedanjiku za glagol zacincati.,"Sedanjik glagola **zacincati**:

| Oseba | Ednina | Dvojina | Množina |
|---|---|---|---|
| 1. oseba | zacincam | zacincava | zacincamo |
| 2. oseba | zacincaš | zacincata | zacincate |
| 3. oseba | zacinca | zacincata | zacincajo |",spreganje,spreganje_v_casu,train
75598,oprostitev,Navedi kolokativne zveze za lemo oprostitev.,"Tipične kolokacije z besedo **oprostitev**:
- oprostitev plačila
- oprostitev davka
- davčne oprostitve
- oprostitev plačevanja
- predlog za oprostitev
- oprostitev velja
- oprostitev takse
- pogoji za oprostitev
- popolna oprostitev
- predlagati oprostitev",kolokacije,navedi_kolokacije,train
3656,odliti,Spregaj glagol odliti.,"Spreganje glagola **odliti**:

### Sedanjik
| Oseba | Ednina | Dvojina | Množina |
|---|---|---|---|
| 1. oseba | odlijem | odlijeva | odlijemo |
| 2. oseba | odliješ | odlijeta | odlijete |
| 3. oseba | odlije | odlijeta | odlijejo |

### Preteklik
| Oseba | Ednina | Dvojina | Množina |
|---|---|---|---|
| 1. oseba | sem odlil / sem odlila | sva odlila / sva odlili | smo odlili / smo odlile |
| 2. oseba | si odlil / si odlila | sta odlila / sta odlili | ste odlili / ste odlile |
| 3. oseba | je odlil / je odlila | sta odlila / sta odlili | so odlili / so odlile |",spreganje,celotno_spreganje,train
1631,izluščiti,Kako se po osebah sprega glagol izluščiti v sedanjiku?,"Sedanjik glagola **izluščiti**:

| Oseba | Ednina | Dvojina | Množina |
|---|---|---|---|
| 1. oseba | izluščim | izluščiva | izluščimo |
| 2. oseba | izluščiš | izluščita | izluščite |
| 3. oseba | izlušči | izluščita | izluščijo |",spreganje,spreganje_v_casu,train
479730,ošvrk,Katera je lema besede ošvrka?,Osnovna oblika (lema) besede **ošvrka** je **ošvrk** (samostalnik).,sklanjanje,osnovna_oblika_leme,train
7677,razsvetliti,Podaj razlago pomena za besedo razsvetliti.,"Beseda **razsvetliti** ima naslednje pomene:
- Kadar svetilka razsvetli prostor, postane svetlejši ali jasnejši.
- Razsvetliti nekoga pomeni dati mu več znanja nečem.
- Kadar nekaj razsvetli prostor ali predmet, razliva svetlobo na celoten prostor ali predmet.",pomen,razlaga_pomena,train
448604,micenost,S katerimi sinonimi opisujemo besedo micenost?,"Sopomenke besede **micenost** so:
- drobcenost
- drobnost
- majcenost
- majčkenost
- miniaturnost",sopomenke,navedi_sopomenke,train
29689,posreden,Poišči in naštej pomene leme posreden.,"Pomeni besede **posreden** so:
- Dokaz, ki je posreden, je tisti, zaradi katerega je verjetno, da se je nekaj zgodilo, toda ne dokazuje tega zagotovo.
- Kadar sta kritika ali mnenje posredna, sta izražena indirektno.
- Kadar je nekaj posredno, ni storjeno ali povzročeno neposredno, temveč s posredovanjem nekoga ali nečesa drugega.
- Odgovor ali namig, ki je posreden, ne omenja stvari, o kateri teče beseda, neposredno.
- Zadovoljstvo ali čustvo, ki je posredno, nas navdaja, ko gledamo, poslušamo ali beremo o tem, kar so naredili ali doživeli drugi.",pomen,nastevanje_pomenov,train
479531,ostinat,Zapiši lemo (osnovno obliko) za besedo ostinatu.,Osnovna oblika (lema) besede **ostinatu** je **ostinat** (samostalnik).,sklanjanje,osnovna_oblika_leme,train
99016,zdravnik,"Izpiši nekaj povedi, ki vsebujejo besedo zdravnik.","Primeri uporabe besede **zdravnik** v povedih:
- *Po nasvetu zdravnika je vzel zdravila, ki jih je imel doma.*
- *Tudi danes zdravniki poročajo o izjemnih vplivih medu na otroški organizem.*
- *Zdravniki so mu predpisali strogo zelenjavno in sadno dieto.*
- *Klubski zdravnik mu je predpisal tri dni mirovanja, nato pa bodo ugotovili, kako huda je poškodba.*
- *Želim biti zdravnik.*",primeri_uporabe,povedi_z_besedo,train
78602,pluta,Navedi primere uporabe besede pluta v povedih.,"Primeri uporabe besede **pluta** v povedih:
- *Pri pripravi plute za izdelavo zamaškov pluto razkužujejo s sredstvi, ki vsebujejo klor.*
- *Čeprav so že Rimljani uporabljali pluto za zamaške, se je pozneje vedenje o tem izgubilo.*
- *Zaenkrat se ni pokazalo, da bi lahko plastika uspešno zamenjala pluto.*
- *Hrast plutovec je za pluto mogoče prvič uporabiti šele po 25 do 30 letih.*
- *Pluta ima manjšo gostoto kot olje.*",primeri_uporabe,povedi_z_besedo,train
510955,natipati,Prikaži pregled spreganja za glagol natipati.,"Spreganje glagola **natipati**:

### Sedanjik
| Oseba | Ednina | Dvojina | Množina |
|---|---|---|---|
| 1. oseba | natipam | natipava | natipamo |
| 2. oseba | natipaš | natipata | natipate |
| 3. oseba | natipa | natipata | natipajo |

### Preteklik
| Oseba | Ednina | Dvojina | Množina |
|---|---|---|---|
| 1. oseba | sem natipal / sem natipala | sva natipali / sva natipala | smo natipala / smo natipali |
| 2. oseba | si natipal / si natipala | sta natipali / sta natipala | ste natipala / ste natipali |
| 3. oseba | je natipal / je natipala | sta natipali / sta natipala | so natipala / so natipali |",spreganje,celotno_spreganje,train
14901,brljav,Izpiši tipične besedne zveze z besedo brljav.,"Tipične kolokacije z besedo **brljav**:
- Brljava svetloba",kolokacije,navedi_kolokacije,train
66802,legalnost,Kako v praksi uporabimo besedo legalnost?,"Primeri uporabe besede **legalnost** v povedih:
- *Kot uprava smo dolžni zaščititi zakonitost in legalnost volitev.*",primeri_uporabe,povedi_z_besedo,train
515110,zblesteti,Katere so vse osebe in oblike za Sedanjik glagola zblesteti?,"Sedanjik glagola **zblesteti**:

| Oseba | Ednina | Dvojina | Množina |
|---|---|---|---|
| 1. oseba | zblestim | zblestiva | zblestimo |
| 2. oseba | zblestiš | zblestita | zblestite |
| 3. oseba | zblesti | zblestita | zblestijo |",spreganje,spreganje_v_casu,train
3648,odlepiti,Katere pomene ima beseda odlepiti?,"Pomeni besede **odlepiti** so:
- Kadar človek odlepi nekaj s površine, to nalahko odstrani tako, da ostane v enem kosu.",pomen,nastevanje_pomenov,train
627857,ouse,Kako se glasi orodnik ednine besede ouse?,6. Orodnik (orodnik) ednine besede **ouse** se glasi: **z ousejem / ousejem**.,sklanjanje,posamezen_sklon,train
35903,termoplastičen,Katera beseda v osnovni obliki predstavlja obliko termoplastični?,Osnovna oblika (lema) besede **termoplastični** je **termoplastičen** (pridevnik).,sklanjanje,osnovna_oblika_leme,train
91468,stevardesa,Kako se beseda stevardesa pojavlja v besedilnem kontekstu?,"Primeri uporabe besede **stevardesa** v povedih:
- *Ob vstopu v trgovino vsakega kupca pričakata stevardesi, mu izročita vozovnico in postrežeta kavo.*
- *Na srečo je njegov sosed opazil nujo in poklical stevardeso.*
- *Lufthansa, veliki letalski prevoznik, je hlače kot del uniforme stevardes dovolila šele 1979.*
- *Potem je on odšel na univerzo, ona pa si je zaželela potovanj, zato je začela delati kot stevardesa.*
- *Danes dela kot stevardesa na mednarodnih poletih za American Airlines.*",primeri_uporabe,povedi_z_besedo,train
47476,anodiziranje,"Povej, kakšnega spola je beseda anodiziranje.",Samostalnik **anodiziranje** je srednjega spola.,besedna_vrsta,spol_samostalnika,train
63128,kasač,Prikaži uporabo besede kasač v dejanskih povedih.,"Primeri uporabe besede **kasač** v povedih:
- *Vse dirke za 3- do 14-letne kasače bodo potekale na 1800 metrov dolgi progi.*
- *Kdor bežno spremlja kasaške dirke, bi utegnil pomisliti, da kasači mučijo konje in jih pretepajo, kar pa večinoma ni res.*
- *Kasači so namreč menili, da jim država - za razliko od Lipice, namenja premalo pozornosti ter da kmetijsko ministrstvo na tem področju nima nobene strategije.*",primeri_uporabe,povedi_z_besedo,train
586218,arnaout,Navedi vse sklone besede arnaout.,"Sklanjatvena tabela za samostalnik **arnaout**:

| Sklon | Ednina | Dvojina | Množina |
|---|---|---|---|
| 1. Imenovalnik | / | arnaouta | arnaouti |
| 2. Rodilnik | arnaouta | arnaoutov | arnaoutov |
| 3. Dajalnik | arnaoutu | arnaoutoma | arnaoutom |
| 4. Tožilnik | arnaouta | arnaouta | arnaoute |
| 5. Mestnik | pri arnaoutu | pri arnaoutih | pri arnaoutih |
| 6. Orodnik | z arnaoutom | z arnaoutoma | z arnaouti |",sklanjanje,celotna_sklanjatev,train
509614,dežiti,Kako se glasi velelnik glagola dežiti?,"Neosebne in posebne oblike glagola **dežiti**:
- Nedoločnik: **dežiti**
- Namenilnik: **dežit**
",spreganje,neosebne_oblike,train
588864,bedfordshire,Navedi imenovalniško obliko besede bedfordshireja.,Osnovna oblika (lema) besede **bedfordshireja** je **bedfordshire** (samostalnik).,sklanjanje,osnovna_oblika_leme,train
87493,sanjavost,Katera beseda v osnovni obliki predstavlja obliko sanjavostma?,Osnovna oblika (lema) besede **sanjavostma** je **sanjavost** (samostalnik).,sklanjanje,osnovna_oblika_leme,train
732285,hetero,Sestavi tabelo stopnjevanja za besedo hetero.,"Stopnjevanje besede **hetero**:

| Stopnja | Oblika |
|---|---|
| 1. Osnovnik (Pozitiv) | heteroima / heteroega / heteroi / heteroimi / heteroo / heteroemu / heteroih / heteroe / heteroa / heteroim / hetero / heteroem |
| 2. Primernik (Komparativ) | hetero |
| 3. Presežnik (Superlativ) | hetero |",stopnjevanje,vse_stopnje,train
83839,proizvodnja,Kaj v slovenščini pomeni izraz proizvodnja?,"Beseda **proizvodnja** ima naslednje pomene:
- načrtno, organizirano delanje, pridobivanje predmetov, stvari za zadovoljevanje določenih potreb
- s takim delanjem, pridobivanjem v določenem času narejena količina predmetov, stvari
- Proizvodnja nečesa je izdelava tega v tovarni.
- Izraz proizvodnja se uporablja za označevanje količine nečesa, kar oseba ali stvar proizvede.
- Proizvodnja je izdelovanje ali gojenje česa v velikih količinah. Lahko je količina izdelanega ali pridelanega.",pomen,razlaga_pomena,train
453067,nezgovoren,Navedi vse pomene besede nezgovoren.,"Pomeni besede **nezgovoren** so:
- Kdor je nezgovoren, nerad govori z ljudmi, izraža svoje mnenje ali posreduje podatke.",pomen,nastevanje_pomenov,train
687254,klu,Slovnično opredeli besedo klu.,Beseda **klu** je samostalnik. Beseda je lastno ime in je moškega spola.,besedna_vrsta,osnovne_lastnosti,test
9443,zabarantati,Izpiši neosebne oblike glagola zabarantati.,"Neosebne in posebne oblike glagola **zabarantati**:
- Nedoločnik: **zabarantati**
- Namenilnik: **zabarantat**
",spreganje,neosebne_oblike,test
6441,prekužiti,Kako se sprega glagol prekužiti?,"Spreganje glagola **prekužiti**:

### Sedanjik
| Oseba | Ednina | Dvojina | Množina |
|---|---|---|---|
| 1. oseba | prekužim | prekuživa | prekužimo |
| 2. oseba | prekužiš | prekužita | prekužite |
| 3. oseba | prekuži | prekužita | prekužijo |

### Preteklik
| Oseba | Ednina | Dvojina | Množina |
|---|---|---|---|
| 1. oseba | sem prekužil / sem prekužila | sva prekužila / sva prekužili | smo prekužili / smo prekužile |
| 2. oseba | si prekužil / si prekužila | sta prekužila / sta prekužili | ste prekužili / ste prekužile |
| 3. oseba | je prekužil / je prekužila | sta prekužila / sta prekužili | so prekužili / so prekužile |",spreganje,celotno_spreganje,test
8541,stopicati,Kakšna sta nedoločnik in namenilnik glagola stopicati?,"Neosebne in posebne oblike glagola **stopicati**:
- Nedoločnik: **stopicati**
- Namenilnik: **stopicat**
",spreganje,neosebne_oblike,test
507536,raketoplanov,Katero besedno vrsto predstavlja raketoplanov?,Beseda **raketoplanov** je pridevnik.,besedna_vrsta,osnovne_lastnosti,test
9653,zaključevati,Sestavi seznam 10 kolokacij z besedo zaključevati.,"Izpis 10 kolokacij za besedo **zaključevati**:
1. Pooblaščenec zaključuje
2. počasi se zaključevati
3. zaključevati študij
4. danes se zaključevati
5. zaključevati napade
6. letos zaključevati
7. počasi zaključevati
8. zaključevati v dneh
9. zaključevati na podlagi
10. uspešno zaključevati",kolokacije,stevilsko_opredeljene_kolokacije,test
475323,pristati,Kako se beseda pristati pojavlja v besedilnem kontekstu?,"Primeri uporabe besede **pristati** v povedih:
- *Zaradi močne nevihte, ki je divjala na morju, se je čoln, ki je bil na poti proti obali, prisiljen obrniti nazaj, saj ni mogel varno pristati.*
- *Zaradi močne nevihte in slabih vremenskih razmer čoln ni mogel varno pristati na ciljni točki.*
- *Pristati ob pomolu v pristanišču je bila dolgo pričakovana trenutka, ko smo končno prispeli na naš cilj in se priključili drugim ladjam ter čakali na izkrcanje.*
- *Pristati ob pomolu v pristanišču je zelo pomemben in natančen manever, ki ga izvajajo kapitani in posadke ladij, ko se približujejo obali.*
- *Pristati ob pomolu v pristanišču je bilo vedno nekaj, kar sem si želel doživeti. Občutek, ko se ladja počasi približuje obali, množica ljudi na pomolu te pri*",primeri_uporabe,povedi_z_besedo,test
472793,kravžljati,Kako se glasi velelnik glagola kravžljati?,"Neosebne in posebne oblike glagola **kravžljati**:
- Nedoločnik: **kravžljati**
- Namenilnik: **kravžljat**
",spreganje,neosebne_oblike,test
49987,borštner,Prikaži tabelo sklanjatve besede borštner v množini.,"Sklanjatvene oblike besede **borštner** v množini:

| Sklon | Množina |
|---|---|
| 1. Imenovalnik | borštnerji |
| 2. Rodilnik | borštnerjev |
| 3. Dajalnik | borštnerjem |
| 4. Tožilnik | borštnerje |
| 5. Mestnik | pri borštnerjih |
| 6. Orodnik | z borštnerji |",sklanjanje,sklanjatev_po_stevilu,test
514618,vrisavati,Izpiši vse glagolske oblike za vrisavati.,"Spreganje glagola **vrisavati**:

### Sedanjik
| Oseba | Ednina | Dvojina | Množina |
|---|---|---|---|
| 1. oseba | vrisavam | vrisavava | vrisavamo |
| 2. oseba | vrisavaš | vrisavata | vrisavate |
| 3. oseba | vrisava | vrisavata | vrisavajo |

### Preteklik
| Oseba | Ednina | Dvojina | Množina |
|---|---|---|---|
| 1. oseba | sem vrisaval / sem vrisavala | sva vrisavala / sva vrisavali | smo vrisavala / smo vrisavali |
| 2. oseba | si vrisaval / si vrisavala | sta vrisavala / sta vrisavali | ste vrisavala / ste vrisavali |
| 3. oseba | je vrisaval / je vrisavala | sta vrisavala / sta vrisavali | so vrisavala / so vrisavali |",spreganje,celotno_spreganje,test
631860,pei,Izpiši 2. Rodilnik sklon množine besede pei.,2. Rodilnik (rodilnik) množine besede **pei** se glasi: **pei**.,sklanjanje,posamezen_sklon,test
59524,hmeljak,"Ali je samostalnik hmeljak moškega, ženskega ali srednjega spola?",Samostalnik **hmeljak** je ženskega spola.,besedna_vrsta,spol_samostalnika,test
3256,objedati,Spregaj glagol objedati.,"Spreganje glagola **objedati**:

### Sedanjik
| Oseba | Ednina | Dvojina | Množina |
|---|---|---|---|
| 1. oseba | objedam | objedava | objedamo |
| 2. oseba | objedaš | objedata | objedate |
| 3. oseba | objeda | objedata | objedajo |

### Preteklik
| Oseba | Ednina | Dvojina | Množina |
|---|---|---|---|
| 1. oseba | sem objedal / sem objedala | sva objedala / sva objedali | smo objedali / smo objedale |
| 2. oseba | si objedal / si objedala | sta objedala / sta objedali | ste objedali / ste objedale |
| 3. oseba | je objedal / je objedala | sta objedala / sta objedali | so objedali / so objedale |",spreganje,celotno_spreganje,test
6806,prestregati,Ali je glagol prestregati dovršni ali nedovršni?,Beseda **prestregati** je dvovidski glagol.,besedna_vrsta,vrsta_in_vid_glagola,test
4296,oproščati,Kako se sprega glagol oproščati?,"Spreganje glagola **oproščati**:

### Sedanjik
| Oseba | Ednina | Dvojina | Množina |
|---|---|---|---|
| 1. oseba | oproščam | oproščava | oproščamo |
| 2. oseba | oproščaš | oproščata | oproščate |
| 3. oseba | oprošča | oproščata | oproščajo |

### Preteklik
| Oseba | Ednina | Dvojina | Množina |
|---|---|---|---|
| 1. oseba | sem oproščal / sem oproščala | sva oproščala / sva oproščali | smo oproščali / smo oproščale |
| 2. oseba | si oproščal / si oproščala | sta oproščala / sta oproščali | ste oproščali / ste oproščale |
| 3. oseba | je oproščal / je oproščala | sta oproščala / sta oproščali | so oproščali / so oproščale |",spreganje,celotno_spreganje,test
